phase,palette,pen,source_index,track,source_rgb,neo_word,neo_rgb
0,34,1,77,0,#767600,0x0770,#737300
0,34,2,78,1,#767600,0x0770,#737300
0,34,3,79,2,#6e6e00,0x6660,#6b6b00
0,35,1,78,1,#767600,0x0770,#737300
0,35,2,79,2,#6e6e00,0x6660,#6b6b00
0,36,1,84,7,#474700,0x6440,#4a4a00
0,36,2,85,8,#3f3f00,0x0440,#424200
0,36,3,86,9,#373700,0x6330,#3a3a00
0,36,4,87,10,#2f2f00,0x0330,#313100
0,37,1,84,7,#474700,0x6440,#4a4a00
0,37,2,85,8,#3f3f00,0x0440,#424200
0,37,3,86,9,#373700,0x6330,#3a3a00
0,37,4,87,10,#2f2f00,0x0330,#313100
0,37,5,88,11,#272700,0x6220,#292900
0,38,1,79,2,#6e6e00,0x6660,#6b6b00
0,38,2,80,3,#666600,0x0660,#636300
0,38,3,81,4,#5e5e00,0x6550,#5a5a00
0,38,4,82,5,#565600,0x0550,#525200
0,38,5,83,6,#4f4f00,0x0550,#525200
0,38,6,84,7,#474700,0x6440,#4a4a00
0,49,1,79,2,#6e6e00,0x6660,#6b6b00
0,49,2,80,3,#666600,0x0660,#636300
0,49,3,81,4,#5e5e00,0x6550,#5a5a00
0,49,4,82,5,#565600,0x0550,#525200
0,49,5,83,6,#4f4f00,0x0550,#525200
0,49,6,84,7,#474700,0x6440,#4a4a00
0,50,1,90,13,#171700,0x6110,#191900
0,50,2,94,17,#540000,0x0500,#520000
0,50,3,95,18,#650000,0x0600,#630000
0,56,1,77,0,#767600,0x0770,#737300
0,56,2,78,1,#767600,0x0770,#737300
0,56,3,79,2,#6e6e00,0x6660,#6b6b00
0,59,1,77,0,#767600,0x0770,#737300
0,59,2,78,1,#767600,0x0770,#737300
0,59,3,79,2,#6e6e00,0x6660,#6b6b00
0,60,1,83,6,#4f4f00,0x0550,#525200
0,60,2,84,7,#474700,0x6440,#4a4a00
0,62,1,79,2,#6e6e00,0x6660,#6b6b00
0,62,2,80,3,#666600,0x0660,#636300
0,62,3,81,4,#5e5e00,0x6550,#5a5a00
0,62,4,82,5,#565600,0x0550,#525200
0,62,5,83,6,#4f4f00,0x0550,#525200
0,62,6,84,7,#474700,0x6440,#4a4a00
0,63,1,84,7,#474700,0x6440,#4a4a00
0,63,2,85,8,#3f3f00,0x0440,#424200
0,63,3,86,9,#373700,0x6330,#3a3a00
0,63,4,87,10,#2f2f00,0x0330,#313100
0,63,5,90,13,#171700,0x6110,#191900
0,63,6,91,14,#0f0f00,0x0110,#101000
0,64,1,84,7,#474700,0x6440,#4a4a00
0,64,2,85,8,#3f3f00,0x0440,#424200
0,64,3,86,9,#373700,0x6330,#3a3a00
0,64,4,87,10,#2f2f00,0x0330,#313100
0,64,5,88,11,#272700,0x6220,#292900
0,64,6,89,12,#1f1f00,0x0220,#212100
0,65,1,90,13,#171700,0x6110,#191900
0,65,2,91,14,#0f0f00,0x0110,#101000
0,65,3,92,15,#320000,0x0300,#310000
0,65,4,93,16,#430000,0x0400,#420000
0,65,5,94,17,#540000,0x0500,#520000
0,65,6,95,18,#650000,0x0600,#630000
0,66,1,79,2,#6e6e00,0x6660,#6b6b00
0,66,2,80,3,#666600,0x0660,#636300
0,66,3,81,4,#5e5e00,0x6550,#5a5a00
0,66,4,82,5,#565600,0x0550,#525200
0,66,5,83,6,#4f4f00,0x0550,#525200
0,66,6,84,7,#474700,0x6440,#4a4a00
0,68,1,79,2,#6e6e00,0x6660,#6b6b00
0,68,2,80,3,#666600,0x0660,#636300
0,68,3,84,7,#474700,0x6440,#4a4a00
0,69,1,90,13,#171700,0x6110,#191900
0,70,1,85,8,#3f3f00,0x0440,#424200
0,70,2,86,9,#373700,0x6330,#3a3a00
0,70,3,87,10,#2f2f00,0x0330,#313100
0,70,4,88,11,#272700,0x6220,#292900
0,70,5,89,12,#1f1f00,0x0220,#212100
0,70,6,95,18,#650000,0x0600,#630000
0,70,7,96,19,#760000,0x0700,#730000
0,74,1,84,7,#474700,0x6440,#4a4a00
0,74,2,85,8,#3f3f00,0x0440,#424200
0,74,3,86,9,#373700,0x6330,#3a3a00
0,74,4,87,10,#2f2f00,0x0330,#313100
0,74,5,88,11,#272700,0x6220,#292900
0,74,6,89,12,#1f1f00,0x0220,#212100
0,76,1,77,0,#767600,0x0770,#737300
0,76,2,78,1,#767600,0x0770,#737300
0,76,3,79,2,#6e6e00,0x6660,#6b6b00
0,79,1,84,7,#474700,0x6440,#4a4a00
0,79,2,85,8,#3f3f00,0x0440,#424200
0,79,3,86,9,#373700,0x6330,#3a3a00
0,79,4,87,10,#2f2f00,0x0330,#313100
1,34,1,77,0,#767600,0x0770,#737300
1,34,2,78,1,#6e6e00,0x6660,#6b6b00
1,34,3,79,2,#666600,0x0660,#636300
1,35,1,78,1,#6e6e00,0x6660,#6b6b00
1,35,2,79,2,#666600,0x0660,#636300
1,36,1,84,7,#3f3f00,0x0440,#424200
1,36,2,85,8,#373700,0x6330,#3a3a00
1,36,3,86,9,#2f2f00,0x0330,#313100
1,36,4,87,10,#272700,0x6220,#292900
1,37,1,84,7,#3f3f00,0x0440,#424200
1,37,2,85,8,#373700,0x6330,#3a3a00
1,37,3,86,9,#2f2f00,0x0330,#313100
1,37,4,87,10,#272700,0x6220,#292900
1,37,5,88,11,#1f1f00,0x0220,#212100
1,38,1,79,2,#666600,0x0660,#636300
1,38,2,80,3,#5e5e00,0x6550,#5a5a00
1,38,3,81,4,#565600,0x0550,#525200
1,38,4,82,5,#4f4f00,0x0550,#525200
1,38,5,83,6,#474700,0x6440,#4a4a00
1,38,6,84,7,#3f3f00,0x0440,#424200
1,49,1,79,2,#666600,0x0660,#636300
1,49,2,80,3,#5e5e00,0x6550,#5a5a00
1,49,3,81,4,#565600,0x0550,#525200
1,49,4,82,5,#4f4f00,0x0550,#525200
1,49,5,83,6,#474700,0x6440,#4a4a00
1,49,6,84,7,#3f3f00,0x0440,#424200
1,50,1,90,13,#0f0f00,0x0110,#101000
1,50,2,94,17,#650000,0x0600,#630000
1,50,3,95,18,#760000,0x0700,#730000
1,56,1,77,0,#767600,0x0770,#737300
1,56,2,78,1,#6e6e00,0x6660,#6b6b00
1,56,3,79,2,#666600,0x0660,#636300
1,59,1,77,0,#767600,0x0770,#737300
1,59,2,78,1,#6e6e00,0x6660,#6b6b00
1,59,3,79,2,#666600,0x0660,#636300
1,60,1,83,6,#474700,0x6440,#4a4a00
1,60,2,84,7,#3f3f00,0x0440,#424200
1,62,1,79,2,#666600,0x0660,#636300
1,62,2,80,3,#5e5e00,0x6550,#5a5a00
1,62,3,81,4,#565600,0x0550,#525200
1,62,4,82,5,#4f4f00,0x0550,#525200
1,62,5,83,6,#474700,0x6440,#4a4a00
1,62,6,84,7,#3f3f00,0x0440,#424200
1,63,1,84,7,#3f3f00,0x0440,#424200
1,63,2,85,8,#373700,0x6330,#3a3a00
1,63,3,86,9,#2f2f00,0x0330,#313100
1,63,4,87,10,#272700,0x6220,#292900
1,63,5,90,13,#0f0f00,0x0110,#101000
1,63,6,91,14,#320000,0x0300,#310000
1,64,1,84,7,#3f3f00,0x0440,#424200
1,64,2,85,8,#373700,0x6330,#3a3a00
1,64,3,86,9,#2f2f00,0x0330,#313100
1,64,4,87,10,#272700,0x6220,#292900
1,64,5,88,11,#1f1f00,0x0220,#212100
1,64,6,89,12,#171700,0x6110,#191900
1,65,1,90,13,#0f0f00,0x0110,#101000
1,65,2,91,14,#320000,0x0300,#310000
1,65,3,92,15,#430000,0x0400,#420000
1,65,4,93,16,#540000,0x0500,#520000
1,65,5,94,17,#650000,0x0600,#630000
1,65,6,95,18,#760000,0x0700,#730000
1,66,1,79,2,#666600,0x0660,#636300
1,66,2,80,3,#5e5e00,0x6550,#5a5a00
1,66,3,81,4,#565600,0x0550,#525200
1,66,4,82,5,#4f4f00,0x0550,#525200
1,66,5,83,6,#474700,0x6440,#4a4a00
1,66,6,84,7,#3f3f00,0x0440,#424200
1,68,1,79,2,#666600,0x0660,#636300
1,68,2,80,3,#5e5e00,0x6550,#5a5a00
1,68,3,84,7,#3f3f00,0x0440,#424200
1,69,1,90,13,#0f0f00,0x0110,#101000
1,70,1,85,8,#373700,0x6330,#3a3a00
1,70,2,86,9,#2f2f00,0x0330,#313100
1,70,3,87,10,#272700,0x6220,#292900
1,70,4,88,11,#1f1f00,0x0220,#212100
1,70,5,89,12,#171700,0x6110,#191900
1,70,6,95,18,#760000,0x0700,#730000
1,70,7,96,19,#870000,0x0800,#840000
1,74,1,84,7,#3f3f00,0x0440,#424200
1,74,2,85,8,#373700,0x6330,#3a3a00
1,74,3,86,9,#2f2f00,0x0330,#313100
1,74,4,87,10,#272700,0x6220,#292900
1,74,5,88,11,#1f1f00,0x0220,#212100
1,74,6,89,12,#171700,0x6110,#191900
1,76,1,77,0,#767600,0x0770,#737300
1,76,2,78,1,#6e6e00,0x6660,#6b6b00
1,76,3,79,2,#666600,0x0660,#636300
1,79,1,84,7,#3f3f00,0x0440,#424200
1,79,2,85,8,#373700,0x6330,#3a3a00
1,79,3,86,9,#2f2f00,0x0330,#313100
1,79,4,87,10,#272700,0x6220,#292900
2,34,1,77,0,#6e6e00,0x6660,#6b6b00
2,34,2,78,1,#666600,0x0660,#636300
2,34,3,79,2,#5e5e00,0x6550,#5a5a00
2,35,1,78,1,#666600,0x0660,#636300
2,35,2,79,2,#5e5e00,0x6550,#5a5a00
2,36,1,84,7,#373700,0x6330,#3a3a00
2,36,2,85,8,#2f2f00,0x0330,#313100
2,36,3,86,9,#272700,0x6220,#292900
2,36,4,87,10,#1f1f00,0x0220,#212100
2,37,1,84,7,#373700,0x6330,#3a3a00
2,37,2,85,8,#2f2f00,0x0330,#313100
2,37,3,86,9,#272700,0x6220,#292900
2,37,4,87,10,#1f1f00,0x0220,#212100
2,37,5,88,11,#171700,0x6110,#191900
2,38,1,79,2,#5e5e00,0x6550,#5a5a00
2,38,2,80,3,#565600,0x0550,#525200
2,38,3,81,4,#4f4f00,0x0550,#525200
2,38,4,82,5,#474700,0x6440,#4a4a00
2,38,5,83,6,#3f3f00,0x0440,#424200
2,38,6,84,7,#373700,0x6330,#3a3a00
2,49,1,79,2,#5e5e00,0x6550,#5a5a00
2,49,2,80,3,#565600,0x0550,#525200
2,49,3,81,4,#4f4f00,0x0550,#525200
2,49,4,82,5,#474700,0x6440,#4a4a00
2,49,5,83,6,#3f3f00,0x0440,#424200
2,49,6,84,7,#373700,0x6330,#3a3a00
2,50,1,90,13,#320000,0x0300,#310000
2,50,2,94,17,#760000,0x0700,#730000
2,50,3,95,18,#870000,0x0800,#840000
2,56,1,77,0,#6e6e00,0x6660,#6b6b00
2,56,2,78,1,#666600,0x0660,#636300
2,56,3,79,2,#5e5e00,0x6550,#5a5a00
2,59,1,77,0,#6e6e00,0x6660,#6b6b00
2,59,2,78,1,#666600,0x0660,#636300
2,59,3,79,2,#5e5e00,0x6550,#5a5a00
2,60,1,83,6,#3f3f00,0x0440,#424200
2,60,2,84,7,#373700,0x6330,#3a3a00
2,62,1,79,2,#5e5e00,0x6550,#5a5a00
2,62,2,80,3,#565600,0x0550,#525200
2,62,3,81,4,#4f4f00,0x0550,#525200
2,62,4,82,5,#474700,0x6440,#4a4a00
2,62,5,83,6,#3f3f00,0x0440,#424200
2,62,6,84,7,#373700,0x6330,#3a3a00
2,63,1,84,7,#373700,0x6330,#3a3a00
2,63,2,85,8,#2f2f00,0x0330,#313100
2,63,3,86,9,#272700,0x6220,#292900
2,63,4,87,10,#1f1f00,0x0220,#212100
2,63,5,90,13,#320000,0x0300,#310000
2,63,6,91,14,#430000,0x0400,#420000
2,64,1,84,7,#373700,0x6330,#3a3a00
2,64,2,85,8,#2f2f00,0x0330,#313100
2,64,3,86,9,#272700,0x6220,#292900
2,64,4,87,10,#1f1f00,0x0220,#212100
2,64,5,88,11,#171700,0x6110,#191900
2,64,6,89,12,#0f0f00,0x0110,#101000
2,65,1,90,13,#320000,0x0300,#310000
2,65,2,91,14,#430000,0x0400,#420000
2,65,3,92,15,#540000,0x0500,#520000
2,65,4,93,16,#650000,0x0600,#630000
2,65,5,94,17,#760000,0x0700,#730000
2,65,6,95,18,#870000,0x0800,#840000
2,66,1,79,2,#5e5e00,0x6550,#5a5a00
2,66,2,80,3,#565600,0x0550,#525200
2,66,3,81,4,#4f4f00,0x0550,#525200
2,66,4,82,5,#474700,0x6440,#4a4a00
2,66,5,83,6,#3f3f00,0x0440,#424200
2,66,6,84,7,#373700,0x6330,#3a3a00
2,68,1,79,2,#5e5e00,0x6550,#5a5a00
2,68,2,80,3,#565600,0x0550,#525200
2,68,3,84,7,#373700,0x6330,#3a3a00
2,69,1,90,13,#320000,0x0300,#310000
2,70,1,85,8,#2f2f00,0x0330,#313100
2,70,2,86,9,#272700,0x6220,#292900
2,70,3,87,10,#1f1f00,0x0220,#212100
2,70,4,88,11,#171700,0x6110,#191900
2,70,5,89,12,#0f0f00,0x0110,#101000
2,70,6,95,18,#870000,0x0800,#840000
2,70,7,96,19,#980000,0x0900,#940000
2,74,1,84,7,#373700,0x6330,#3a3a00
2,74,2,85,8,#2f2f00,0x0330,#313100
2,74,3,86,9,#272700,0x6220,#292900
2,74,4,87,10,#1f1f00,0x0220,#212100
2,74,5,88,11,#171700,0x6110,#191900
2,74,6,89,12,#0f0f00,0x0110,#101000
2,76,1,77,0,#6e6e00,0x6660,#6b6b00
2,76,2,78,1,#666600,0x0660,#636300
2,76,3,79,2,#5e5e00,0x6550,#5a5a00
2,79,1,84,7,#373700,0x6330,#3a3a00
2,79,2,85,8,#2f2f00,0x0330,#313100
2,79,3,86,9,#272700,0x6220,#292900
2,79,4,87,10,#1f1f00,0x0220,#212100
3,34,1,77,0,#666600,0x0660,#636300
3,34,2,78,1,#5e5e00,0x6550,#5a5a00
3,34,3,79,2,#565600,0x0550,#525200
3,35,1,78,1,#5e5e00,0x6550,#5a5a00
3,35,2,79,2,#565600,0x0550,#525200
3,36,1,84,7,#2f2f00,0x0330,#313100
3,36,2,85,8,#272700,0x6220,#292900
3,36,3,86,9,#1f1f00,0x0220,#212100
3,36,4,87,10,#171700,0x6110,#191900
3,37,1,84,7,#2f2f00,0x0330,#313100
3,37,2,85,8,#272700,0x6220,#292900
3,37,3,86,9,#1f1f00,0x0220,#212100
3,37,4,87,10,#171700,0x6110,#191900
3,37,5,88,11,#0f0f00,0x0110,#101000
3,38,1,79,2,#565600,0x0550,#525200
3,38,2,80,3,#4f4f00,0x0550,#525200
3,38,3,81,4,#474700,0x6440,#4a4a00
3,38,4,82,5,#3f3f00,0x0440,#424200
3,38,5,83,6,#373700,0x6330,#3a3a00
3,38,6,84,7,#2f2f00,0x0330,#313100
3,49,1,79,2,#565600,0x0550,#525200
3,49,2,80,3,#4f4f00,0x0550,#525200
3,49,3,81,4,#474700,0x6440,#4a4a00
3,49,4,82,5,#3f3f00,0x0440,#424200
3,49,5,83,6,#373700,0x6330,#3a3a00
3,49,6,84,7,#2f2f00,0x0330,#313100
3,50,1,90,13,#430000,0x0400,#420000
3,50,2,94,17,#870000,0x0800,#840000
3,50,3,95,18,#980000,0x0900,#940000
3,56,1,77,0,#666600,0x0660,#636300
3,56,2,78,1,#5e5e00,0x6550,#5a5a00
3,56,3,79,2,#565600,0x0550,#525200
3,59,1,77,0,#666600,0x0660,#636300
3,59,2,78,1,#5e5e00,0x6550,#5a5a00
3,59,3,79,2,#565600,0x0550,#525200
3,60,1,83,6,#373700,0x6330,#3a3a00
3,60,2,84,7,#2f2f00,0x0330,#313100
3,62,1,79,2,#565600,0x0550,#525200
3,62,2,80,3,#4f4f00,0x0550,#525200
3,62,3,81,4,#474700,0x6440,#4a4a00
3,62,4,82,5,#3f3f00,0x0440,#424200
3,62,5,83,6,#373700,0x6330,#3a3a00
3,62,6,84,7,#2f2f00,0x0330,#313100
3,63,1,84,7,#2f2f00,0x0330,#313100
3,63,2,85,8,#272700,0x6220,#292900
3,63,3,86,9,#1f1f00,0x0220,#212100
3,63,4,87,10,#171700,0x6110,#191900
3,63,5,90,13,#430000,0x0400,#420000
3,63,6,91,14,#540000,0x0500,#520000
3,64,1,84,7,#2f2f00,0x0330,#313100
3,64,2,85,8,#272700,0x6220,#292900
3,64,3,86,9,#1f1f00,0x0220,#212100
3,64,4,87,10,#171700,0x6110,#191900
3,64,5,88,11,#0f0f00,0x0110,#101000
3,64,6,89,12,#320000,0x0300,#310000
3,65,1,90,13,#430000,0x0400,#420000
3,65,2,91,14,#540000,0x0500,#520000
3,65,3,92,15,#650000,0x0600,#630000
3,65,4,93,16,#760000,0x0700,#730000
3,65,5,94,17,#870000,0x0800,#840000
3,65,6,95,18,#980000,0x0900,#940000
3,66,1,79,2,#565600,0x0550,#525200
3,66,2,80,3,#4f4f00,0x0550,#525200
3,66,3,81,4,#474700,0x6440,#4a4a00
3,66,4,82,5,#3f3f00,0x0440,#424200
3,66,5,83,6,#373700,0x6330,#3a3a00
3,66,6,84,7,#2f2f00,0x0330,#313100
3,68,1,79,2,#565600,0x0550,#525200
3,68,2,80,3,#4f4f00,0x0550,#525200
3,68,3,84,7,#2f2f00,0x0330,#313100
3,69,1,90,13,#430000,0x0400,#420000
3,70,1,85,8,#272700,0x6220,#292900
3,70,2,86,9,#1f1f00,0x0220,#212100
3,70,3,87,10,#171700,0x6110,#191900
3,70,4,88,11,#0f0f00,0x0110,#101000
3,70,5,89,12,#320000,0x0300,#310000
3,70,6,95,18,#980000,0x0900,#940000
3,70,7,96,19,#a90000,0x4a00,#ad0000
3,74,1,84,7,#2f2f00,0x0330,#313100
3,74,2,85,8,#272700,0x6220,#292900
3,74,3,86,9,#1f1f00,0x0220,#212100
3,74,4,87,10,#171700,0x6110,#191900
3,74,5,88,11,#0f0f00,0x0110,#101000
3,74,6,89,12,#320000,0x0300,#310000
3,76,1,77,0,#666600,0x0660,#636300
3,76,2,78,1,#5e5e00,0x6550,#5a5a00
3,76,3,79,2,#565600,0x0550,#525200
3,79,1,84,7,#2f2f00,0x0330,#313100
3,79,2,85,8,#272700,0x6220,#292900
3,79,3,86,9,#1f1f00,0x0220,#212100
3,79,4,87,10,#171700,0x6110,#191900
4,34,1,77,0,#5e5e00,0x6550,#5a5a00
4,34,2,78,1,#565600,0x0550,#525200
4,34,3,79,2,#4f4f00,0x0550,#525200
4,35,1,78,1,#565600,0x0550,#525200
4,35,2,79,2,#4f4f00,0x0550,#525200
4,36,1,84,7,#272700,0x6220,#292900
4,36,2,85,8,#1f1f00,0x0220,#212100
4,36,3,86,9,#171700,0x6110,#191900
4,36,4,87,10,#0f0f00,0x0110,#101000
4,37,1,84,7,#272700,0x6220,#292900
4,37,2,85,8,#1f1f00,0x0220,#212100
4,37,3,86,9,#171700,0x6110,#191900
4,37,4,87,10,#0f0f00,0x0110,#101000
4,37,5,88,11,#320000,0x0300,#310000
4,38,1,79,2,#4f4f00,0x0550,#525200
4,38,2,80,3,#474700,0x6440,#4a4a00
4,38,3,81,4,#3f3f00,0x0440,#424200
4,38,4,82,5,#373700,0x6330,#3a3a00
4,38,5,83,6,#2f2f00,0x0330,#313100
4,38,6,84,7,#272700,0x6220,#292900
4,49,1,79,2,#4f4f00,0x0550,#525200
4,49,2,80,3,#474700,0x6440,#4a4a00
4,49,3,81,4,#3f3f00,0x0440,#424200
4,49,4,82,5,#373700,0x6330,#3a3a00
4,49,5,83,6,#2f2f00,0x0330,#313100
4,49,6,84,7,#272700,0x6220,#292900
4,50,1,90,13,#540000,0x0500,#520000
4,50,2,94,17,#980000,0x0900,#940000
4,50,3,95,18,#a90000,0x4a00,#ad0000
4,56,1,77,0,#5e5e00,0x6550,#5a5a00
4,56,2,78,1,#565600,0x0550,#525200
4,56,3,79,2,#4f4f00,0x0550,#525200
4,59,1,77,0,#5e5e00,0x6550,#5a5a00
4,59,2,78,1,#565600,0x0550,#525200
4,59,3,79,2,#4f4f00,0x0550,#525200
4,60,1,83,6,#2f2f00,0x0330,#313100
4,60,2,84,7,#272700,0x6220,#292900
4,62,1,79,2,#4f4f00,0x0550,#525200
4,62,2,80,3,#474700,0x6440,#4a4a00
4,62,3,81,4,#3f3f00,0x0440,#424200
4,62,4,82,5,#373700,0x6330,#3a3a00
4,62,5,83,6,#2f2f00,0x0330,#313100
4,62,6,84,7,#272700,0x6220,#292900
4,63,1,84,7,#272700,0x6220,#292900
4,63,2,85,8,#1f1f00,0x0220,#212100
4,63,3,86,9,#171700,0x6110,#191900
4,63,4,87,10,#0f0f00,0x0110,#101000
4,63,5,90,13,#540000,0x0500,#520000
4,63,6,91,14,#650000,0x0600,#630000
4,64,1,84,7,#272700,0x6220,#292900
4,64,2,85,8,#1f1f00,0x0220,#212100
4,64,3,86,9,#171700,0x6110,#191900
4,64,4,87,10,#0f0f00,0x0110,#101000
4,64,5,88,11,#320000,0x0300,#310000
4,64,6,89,12,#430000,0x0400,#420000
4,65,1,90,13,#540000,0x0500,#520000
4,65,2,91,14,#650000,0x0600,#630000
4,65,3,92,15,#760000,0x0700,#730000
4,65,4,93,16,#870000,0x0800,#840000
4,65,5,94,17,#980000,0x0900,#940000
4,65,6,95,18,#a90000,0x4a00,#ad0000
4,66,1,79,2,#4f4f00,0x0550,#525200
4,66,2,80,3,#474700,0x6440,#4a4a00
4,66,3,81,4,#3f3f00,0x0440,#424200
4,66,4,82,5,#373700,0x6330,#3a3a00
4,66,5,83,6,#2f2f00,0x0330,#313100
4,66,6,84,7,#272700,0x6220,#292900
4,68,1,79,2,#4f4f00,0x0550,#525200
4,68,2,80,3,#474700,0x6440,#4a4a00
4,68,3,84,7,#272700,0x6220,#292900
4,69,1,90,13,#540000,0x0500,#520000
4,70,1,85,8,#1f1f00,0x0220,#212100
4,70,2,86,9,#171700,0x6110,#191900
4,70,3,87,10,#0f0f00,0x0110,#101000
4,70,4,88,11,#320000,0x0300,#310000
4,70,5,89,12,#430000,0x0400,#420000
4,70,6,95,18,#a90000,0x4a00,#ad0000
4,70,7,96,19,#ba0000,0x4b00,#bd0000
4,74,1,84,7,#272700,0x6220,#292900
4,74,2,85,8,#1f1f00,0x0220,#212100
4,74,3,86,9,#171700,0x6110,#191900
4,74,4,87,10,#0f0f00,0x0110,#101000
4,74,5,88,11,#320000,0x0300,#310000
4,74,6,89,12,#430000,0x0400,#420000
4,76,1,77,0,#5e5e00,0x6550,#5a5a00
4,76,2,78,1,#565600,0x0550,#525200
4,76,3,79,2,#4f4f00,0x0550,#525200
4,79,1,84,7,#272700,0x6220,#292900
4,79,2,85,8,#1f1f00,0x0220,#212100
4,79,3,86,9,#171700,0x6110,#191900
4,79,4,87,10,#0f0f00,0x0110,#101000
5,34,1,77,0,#565600,0x0550,#525200
5,34,2,78,1,#4f4f00,0x0550,#525200
5,34,3,79,2,#474700,0x6440,#4a4a00
5,35,1,78,1,#4f4f00,0x0550,#525200
5,35,2,79,2,#474700,0x6440,#4a4a00
5,36,1,84,7,#1f1f00,0x0220,#212100
5,36,2,85,8,#171700,0x6110,#191900
5,36,3,86,9,#0f0f00,0x0110,#101000
5,36,4,87,10,#320000,0x0300,#310000
5,37,1,84,7,#1f1f00,0x0220,#212100
5,37,2,85,8,#171700,0x6110,#191900
5,37,3,86,9,#0f0f00,0x0110,#101000
5,37,4,87,10,#320000,0x0300,#310000
5,37,5,88,11,#430000,0x0400,#420000
5,38,1,79,2,#474700,0x6440,#4a4a00
5,38,2,80,3,#3f3f00,0x0440,#424200
5,38,3,81,4,#373700,0x6330,#3a3a00
5,38,4,82,5,#2f2f00,0x0330,#313100
5,38,5,83,6,#272700,0x6220,#292900
5,38,6,84,7,#1f1f00,0x0220,#212100
5,49,1,79,2,#474700,0x6440,#4a4a00
5,49,2,80,3,#3f3f00,0x0440,#424200
5,49,3,81,4,#373700,0x6330,#3a3a00
5,49,4,82,5,#2f2f00,0x0330,#313100
5,49,5,83,6,#272700,0x6220,#292900
5,49,6,84,7,#1f1f00,0x0220,#212100
5,50,1,90,13,#650000,0x0600,#630000
5,50,2,94,17,#a90000,0x4a00,#ad0000
5,50,3,95,18,#ba0000,0x4b00,#bd0000
5,56,1,77,0,#565600,0x0550,#525200
5,56,2,78,1,#4f4f00,0x0550,#525200
5,56,3,79,2,#474700,0x6440,#4a4a00
5,59,1,77,0,#565600,0x0550,#525200
5,59,2,78,1,#4f4f00,0x0550,#525200
5,59,3,79,2,#474700,0x6440,#4a4a00
5,60,1,83,6,#272700,0x6220,#292900
5,60,2,84,7,#1f1f00,0x0220,#212100
5,62,1,79,2,#474700,0x6440,#4a4a00
5,62,2,80,3,#3f3f00,0x0440,#424200
5,62,3,81,4,#373700,0x6330,#3a3a00
5,62,4,82,5,#2f2f00,0x0330,#313100
5,62,5,83,6,#272700,0x6220,#292900
5,62,6,84,7,#1f1f00,0x0220,#212100
5,63,1,84,7,#1f1f00,0x0220,#212100
5,63,2,85,8,#171700,0x6110,#191900
5,63,3,86,9,#0f0f00,0x0110,#101000
5,63,4,87,10,#320000,0x0300,#310000
5,63,5,90,13,#650000,0x0600,#630000
5,63,6,91,14,#760000,0x0700,#730000
5,64,1,84,7,#1f1f00,0x0220,#212100
5,64,2,85,8,#171700,0x6110,#191900
5,64,3,86,9,#0f0f00,0x0110,#101000
5,64,4,87,10,#320000,0x0300,#310000
5,64,5,88,11,#430000,0x0400,#420000
5,64,6,89,12,#540000,0x0500,#520000
5,65,1,90,13,#650000,0x0600,#630000
5,65,2,91,14,#760000,0x0700,#730000
5,65,3,92,15,#870000,0x0800,#840000
5,65,4,93,16,#980000,0x0900,#940000
5,65,5,94,17,#a90000,0x4a00,#ad0000
5,65,6,95,18,#ba0000,0x4b00,#bd0000
5,66,1,79,2,#474700,0x6440,#4a4a00
5,66,2,80,3,#3f3f00,0x0440,#424200
5,66,3,81,4,#373700,0x6330,#3a3a00
5,66,4,82,5,#2f2f00,0x0330,#313100
5,66,5,83,6,#272700,0x6220,#292900
5,66,6,84,7,#1f1f00,0x0220,#212100
5,68,1,79,2,#474700,0x6440,#4a4a00
5,68,2,80,3,#3f3f00,0x0440,#424200
5,68,3,84,7,#1f1f00,0x0220,#212100
5,69,1,90,13,#650000,0x0600,#630000
5,70,1,85,8,#171700,0x6110,#191900
5,70,2,86,9,#0f0f00,0x0110,#101000
5,70,3,87,10,#320000,0x0300,#310000
5,70,4,88,11,#430000,0x0400,#420000
5,70,5,89,12,#540000,0x0500,#520000
5,70,6,95,18,#ba0000,0x4b00,#bd0000
5,70,7,96,19,#cb0000,0x4c00,#ce0000
5,74,1,84,7,#1f1f00,0x0220,#212100
5,74,2,85,8,#171700,0x6110,#191900
5,74,3,86,9,#0f0f00,0x0110,#101000
5,74,4,87,10,#320000,0x0300,#310000
5,74,5,88,11,#430000,0x0400,#420000
5,74,6,89,12,#540000,0x0500,#520000
5,76,1,77,0,#565600,0x0550,#525200
5,76,2,78,1,#4f4f00,0x0550,#525200
5,76,3,79,2,#474700,0x6440,#4a4a00
5,79,1,84,7,#1f1f00,0x0220,#212100
5,79,2,85,8,#171700,0x6110,#191900
5,79,3,86,9,#0f0f00,0x0110,#101000
5,79,4,87,10,#320000,0x0300,#310000
6,34,1,77,0,#4f4f00,0x0550,#525200
6,34,2,78,1,#474700,0x6440,#4a4a00
6,34,3,79,2,#3f3f00,0x0440,#424200
6,35,1,78,1,#474700,0x6440,#4a4a00
6,35,2,79,2,#3f3f00,0x0440,#424200
6,36,1,84,7,#171700,0x6110,#191900
6,36,2,85,8,#0f0f00,0x0110,#101000
6,36,3,86,9,#320000,0x0300,#310000
6,36,4,87,10,#430000,0x0400,#420000
6,37,1,84,7,#171700,0x6110,#191900
6,37,2,85,8,#0f0f00,0x0110,#101000
6,37,3,86,9,#320000,0x0300,#310000
6,37,4,87,10,#430000,0x0400,#420000
6,37,5,88,11,#540000,0x0500,#520000
6,38,1,79,2,#3f3f00,0x0440,#424200
6,38,2,80,3,#373700,0x6330,#3a3a00
6,38,3,81,4,#2f2f00,0x0330,#313100
6,38,4,82,5,#272700,0x6220,#292900
6,38,5,83,6,#1f1f00,0x0220,#212100
6,38,6,84,7,#171700,0x6110,#191900
6,49,1,79,2,#3f3f00,0x0440,#424200
6,49,2,80,3,#373700,0x6330,#3a3a00
6,49,3,81,4,#2f2f00,0x0330,#313100
6,49,4,82,5,#272700,0x6220,#292900
6,49,5,83,6,#1f1f00,0x0220,#212100
6,49,6,84,7,#171700,0x6110,#191900
6,50,1,90,13,#760000,0x0700,#730000
6,50,2,94,17,#ba0000,0x4b00,#bd0000
6,50,3,95,18,#cb0000,0x4c00,#ce0000
6,56,1,77,0,#4f4f00,0x0550,#525200
6,56,2,78,1,#474700,0x6440,#4a4a00
6,56,3,79,2,#3f3f00,0x0440,#424200
6,59,1,77,0,#4f4f00,0x0550,#525200
6,59,2,78,1,#474700,0x6440,#4a4a00
6,59,3,79,2,#3f3f00,0x0440,#424200
6,60,1,83,6,#1f1f00,0x0220,#212100
6,60,2,84,7,#171700,0x6110,#191900
6,62,1,79,2,#3f3f00,0x0440,#424200
6,62,2,80,3,#373700,0x6330,#3a3a00
6,62,3,81,4,#2f2f00,0x0330,#313100
6,62,4,82,5,#272700,0x6220,#292900
6,62,5,83,6,#1f1f00,0x0220,#212100
6,62,6,84,7,#171700,0x6110,#191900
6,63,1,84,7,#171700,0x6110,#191900
6,63,2,85,8,#0f0f00,0x0110,#101000
6,63,3,86,9,#320000,0x0300,#310000
6,63,4,87,10,#430000,0x0400,#420000
6,63,5,90,13,#760000,0x0700,#730000
6,63,6,91,14,#870000,0x0800,#840000
6,64,1,84,7,#171700,0x6110,#191900
6,64,2,85,8,#0f0f00,0x0110,#101000
6,64,3,86,9,#320000,0x0300,#310000
6,64,4,87,10,#430000,0x0400,#420000
6,64,5,88,11,#540000,0x0500,#520000
6,64,6,89,12,#650000,0x0600,#630000
6,65,1,90,13,#760000,0x0700,#730000
6,65,2,91,14,#870000,0x0800,#840000
6,65,3,92,15,#980000,0x0900,#940000
6,65,4,93,16,#a90000,0x4a00,#ad0000
6,65,5,94,17,#ba0000,0x4b00,#bd0000
6,65,6,95,18,#cb0000,0x4c00,#ce0000
6,66,1,79,2,#3f3f00,0x0440,#424200
6,66,2,80,3,#373700,0x6330,#3a3a00
6,66,3,81,4,#2f2f00,0x0330,#313100
6,66,4,82,5,#272700,0x6220,#292900
6,66,5,83,6,#1f1f00,0x0220,#212100
6,66,6,84,7,#171700,0x6110,#191900
6,68,1,79,2,#3f3f00,0x0440,#424200
6,68,2,80,3,#373700,0x6330,#3a3a00
6,68,3,84,7,#171700,0x6110,#191900
6,69,1,90,13,#760000,0x0700,#730000
6,70,1,85,8,#0f0f00,0x0110,#101000
6,70,2,86,9,#320000,0x0300,#310000
6,70,3,87,10,#430000,0x0400,#420000
6,70,4,88,11,#540000,0x0500,#520000
6,70,5,89,12,#650000,0x0600,#630000
6,70,6,95,18,#cb0000,0x4c00,#ce0000
6,70,7,96,19,#dc0000,0x4d00,#de0000
6,74,1,84,7,#171700,0x6110,#191900
6,74,2,85,8,#0f0f00,0x0110,#101000
6,74,3,86,9,#320000,0x0300,#310000
6,74,4,87,10,#430000,0x0400,#420000
6,74,5,88,11,#540000,0x0500,#520000
6,74,6,89,12,#650000,0x0600,#630000
6,76,1,77,0,#4f4f00,0x0550,#525200
6,76,2,78,1,#474700,0x6440,#4a4a00
6,76,3,79,2,#3f3f00,0x0440,#424200
6,79,1,84,7,#171700,0x6110,#191900
6,79,2,85,8,#0f0f00,0x0110,#101000
6,79,3,86,9,#320000,0x0300,#310000
6,79,4,87,10,#430000,0x0400,#420000
7,34,1,77,0,#474700,0x6440,#4a4a00
7,34,2,78,1,#3f3f00,0x0440,#424200
7,34,3,79,2,#373700,0x6330,#3a3a00
7,35,1,78,1,#3f3f00,0x0440,#424200
7,35,2,79,2,#373700,0x6330,#3a3a00
7,36,1,84,7,#0f0f00,0x0110,#101000
7,36,2,85,8,#320000,0x0300,#310000
7,36,3,86,9,#430000,0x0400,#420000
7,36,4,87,10,#540000,0x0500,#520000
7,37,1,84,7,#0f0f00,0x0110,#101000
7,37,2,85,8,#320000,0x0300,#310000
7,37,3,86,9,#430000,0x0400,#420000
7,37,4,87,10,#540000,0x0500,#520000
7,37,5,88,11,#650000,0x0600,#630000
7,38,1,79,2,#373700,0x6330,#3a3a00
7,38,2,80,3,#2f2f00,0x0330,#313100
7,38,3,81,4,#272700,0x6220,#292900
7,38,4,82,5,#1f1f00,0x0220,#212100
7,38,5,83,6,#171700,0x6110,#191900
7,38,6,84,7,#0f0f00,0x0110,#101000
7,49,1,79,2,#373700,0x6330,#3a3a00
7,49,2,80,3,#2f2f00,0x0330,#313100
7,49,3,81,4,#272700,0x6220,#292900
7,49,4,82,5,#1f1f00,0x0220,#212100
7,49,5,83,6,#171700,0x6110,#191900
7,49,6,84,7,#0f0f00,0x0110,#101000
7,50,1,90,13,#870000,0x0800,#840000
7,50,2,94,17,#cb0000,0x4c00,#ce0000
7,50,3,95,18,#dc0000,0x4d00,#de0000
7,56,1,77,0,#474700,0x6440,#4a4a00
7,56,2,78,1,#3f3f00,0x0440,#424200
7,56,3,79,2,#373700,0x6330,#3a3a00
7,59,1,77,0,#474700,0x6440,#4a4a00
7,59,2,78,1,#3f3f00,0x0440,#424200
7,59,3,79,2,#373700,0x6330,#3a3a00
7,60,1,83,6,#171700,0x6110,#191900
7,60,2,84,7,#0f0f00,0x0110,#101000
7,62,1,79,2,#373700,0x6330,#3a3a00
7,62,2,80,3,#2f2f00,0x0330,#313100
7,62,3,81,4,#272700,0x6220,#292900
7,62,4,82,5,#1f1f00,0x0220,#212100
7,62,5,83,6,#171700,0x6110,#191900
7,62,6,84,7,#0f0f00,0x0110,#101000
7,63,1,84,7,#0f0f00,0x0110,#101000
7,63,2,85,8,#320000,0x0300,#310000
7,63,3,86,9,#430000,0x0400,#420000
7,63,4,87,10,#540000,0x0500,#520000
7,63,5,90,13,#870000,0x0800,#840000
7,63,6,91,14,#980000,0x0900,#940000
7,64,1,84,7,#0f0f00,0x0110,#101000
7,64,2,85,8,#320000,0x0300,#310000
7,64,3,86,9,#430000,0x0400,#420000
7,64,4,87,10,#540000,0x0500,#520000
7,64,5,88,11,#650000,0x0600,#630000
7,64,6,89,12,#760000,0x0700,#730000
7,65,1,90,13,#870000,0x0800,#840000
7,65,2,91,14,#980000,0x0900,#940000
7,65,3,92,15,#a90000,0x4a00,#ad0000
7,65,4,93,16,#ba0000,0x4b00,#bd0000
7,65,5,94,17,#cb0000,0x4c00,#ce0000
7,65,6,95,18,#dc0000,0x4d00,#de0000
7,66,1,79,2,#373700,0x6330,#3a3a00
7,66,2,80,3,#2f2f00,0x0330,#313100
7,66,3,81,4,#272700,0x6220,#292900
7,66,4,82,5,#1f1f00,0x0220,#212100
7,66,5,83,6,#171700,0x6110,#191900
7,66,6,84,7,#0f0f00,0x0110,#101000
7,68,1,79,2,#373700,0x6330,#3a3a00
7,68,2,80,3,#2f2f00,0x0330,#313100
7,68,3,84,7,#0f0f00,0x0110,#101000
7,69,1,90,13,#870000,0x0800,#840000
7,70,1,85,8,#320000,0x0300,#310000
7,70,2,86,9,#430000,0x0400,#420000
7,70,3,87,10,#540000,0x0500,#520000
7,70,4,88,11,#650000,0x0600,#630000
7,70,5,89,12,#760000,0x0700,#730000
7,70,6,95,18,#dc0000,0x4d00,#de0000
7,70,7,96,19,#ed0000,0x4e00,#ef0000
7,74,1,84,7,#0f0f00,0x0110,#101000
7,74,2,85,8,#320000,0x0300,#310000
7,74,3,86,9,#430000,0x0400,#420000
7,74,4,87,10,#540000,0x0500,#520000
7,74,5,88,11,#650000,0x0600,#630000
7,74,6,89,12,#760000,0x0700,#730000
7,76,1,77,0,#474700,0x6440,#4a4a00
7,76,2,78,1,#3f3f00,0x0440,#424200
7,76,3,79,2,#373700,0x6330,#3a3a00
7,79,1,84,7,#0f0f00,0x0110,#101000
7,79,2,85,8,#320000,0x0300,#310000
7,79,3,86,9,#430000,0x0400,#420000
7,79,4,87,10,#540000,0x0500,#520000
8,34,1,77,0,#3f3f00,0x0440,#424200
8,34,2,78,1,#373700,0x6330,#3a3a00
8,34,3,79,2,#2f2f00,0x0330,#313100
8,35,1,78,1,#373700,0x6330,#3a3a00
8,35,2,79,2,#2f2f00,0x0330,#313100
8,36,1,84,7,#320000,0x0300,#310000
8,36,2,85,8,#430000,0x0400,#420000
8,36,3,86,9,#540000,0x0500,#520000
8,36,4,87,10,#650000,0x0600,#630000
8,37,1,84,7,#320000,0x0300,#310000
8,37,2,85,8,#430000,0x0400,#420000
8,37,3,86,9,#540000,0x0500,#520000
8,37,4,87,10,#650000,0x0600,#630000
8,37,5,88,11,#760000,0x0700,#730000
8,38,1,79,2,#2f2f00,0x0330,#313100
8,38,2,80,3,#272700,0x6220,#292900
8,38,3,81,4,#1f1f00,0x0220,#212100
8,38,4,82,5,#171700,0x6110,#191900
8,38,5,83,6,#0f0f00,0x0110,#101000
8,38,6,84,7,#320000,0x0300,#310000
8,49,1,79,2,#2f2f00,0x0330,#313100
8,49,2,80,3,#272700,0x6220,#292900
8,49,3,81,4,#1f1f00,0x0220,#212100
8,49,4,82,5,#171700,0x6110,#191900
8,49,5,83,6,#0f0f00,0x0110,#101000
8,49,6,84,7,#320000,0x0300,#310000
8,50,1,90,13,#980000,0x0900,#940000
8,50,2,94,17,#dc0000,0x4d00,#de0000
8,50,3,95,18,#ed0000,0x4e00,#ef0000
8,56,1,77,0,#3f3f00,0x0440,#424200
8,56,2,78,1,#373700,0x6330,#3a3a00
8,56,3,79,2,#2f2f00,0x0330,#313100
8,59,1,77,0,#3f3f00,0x0440,#424200
8,59,2,78,1,#373700,0x6330,#3a3a00
8,59,3,79,2,#2f2f00,0x0330,#313100
8,60,1,83,6,#0f0f00,0x0110,#101000
8,60,2,84,7,#320000,0x0300,#310000
8,62,1,79,2,#2f2f00,0x0330,#313100
8,62,2,80,3,#272700,0x6220,#292900
8,62,3,81,4,#1f1f00,0x0220,#212100
8,62,4,82,5,#171700,0x6110,#191900
8,62,5,83,6,#0f0f00,0x0110,#101000
8,62,6,84,7,#320000,0x0300,#310000
8,63,1,84,7,#320000,0x0300,#310000
8,63,2,85,8,#430000,0x0400,#420000
8,63,3,86,9,#540000,0x0500,#520000
8,63,4,87,10,#650000,0x0600,#630000
8,63,5,90,13,#980000,0x0900,#940000
8,63,6,91,14,#a90000,0x4a00,#ad0000
8,64,1,84,7,#320000,0x0300,#310000
8,64,2,85,8,#430000,0x0400,#420000
8,64,3,86,9,#540000,0x0500,#520000
8,64,4,87,10,#650000,0x0600,#630000
8,64,5,88,11,#760000,0x0700,#730000
8,64,6,89,12,#870000,0x0800,#840000
8,65,1,90,13,#980000,0x0900,#940000
8,65,2,91,14,#a90000,0x4a00,#ad0000
8,65,3,92,15,#ba0000,0x4b00,#bd0000
8,65,4,93,16,#cb0000,0x4c00,#ce0000
8,65,5,94,17,#dc0000,0x4d00,#de0000
8,65,6,95,18,#ed0000,0x4e00,#ef0000
8,66,1,79,2,#2f2f00,0x0330,#313100
8,66,2,80,3,#272700,0x6220,#292900
8,66,3,81,4,#1f1f00,0x0220,#212100
8,66,4,82,5,#171700,0x6110,#191900
8,66,5,83,6,#0f0f00,0x0110,#101000
8,66,6,84,7,#320000,0x0300,#310000
8,68,1,79,2,#2f2f00,0x0330,#313100
8,68,2,80,3,#272700,0x6220,#292900
8,68,3,84,7,#320000,0x0300,#310000
8,69,1,90,13,#980000,0x0900,#940000
8,70,1,85,8,#430000,0x0400,#420000
8,70,2,86,9,#540000,0x0500,#520000
8,70,3,87,10,#650000,0x0600,#630000
8,70,4,88,11,#760000,0x0700,#730000
8,70,5,89,12,#870000,0x0800,#840000
8,70,6,95,18,#ed0000,0x4e00,#ef0000
8,70,7,96,19,#fe0000,0x4f00,#ff0000
8,74,1,84,7,#320000,0x0300,#310000
8,74,2,85,8,#430000,0x0400,#420000
8,74,3,86,9,#540000,0x0500,#520000
8,74,4,87,10,#650000,0x0600,#630000
8,74,5,88,11,#760000,0x0700,#730000
8,74,6,89,12,#870000,0x0800,#840000
8,76,1,77,0,#3f3f00,0x0440,#424200
8,76,2,78,1,#373700,0x6330,#3a3a00
8,76,3,79,2,#2f2f00,0x0330,#313100
8,79,1,84,7,#320000,0x0300,#310000
8,79,2,85,8,#430000,0x0400,#420000
8,79,3,86,9,#540000,0x0500,#520000
8,79,4,87,10,#650000,0x0600,#630000
9,34,1,77,0,#373700,0x6330,#3a3a00
9,34,2,78,1,#2f2f00,0x0330,#313100
9,34,3,79,2,#272700,0x6220,#292900
9,35,1,78,1,#2f2f00,0x0330,#313100
9,35,2,79,2,#272700,0x6220,#292900
9,36,1,84,7,#430000,0x0400,#420000
9,36,2,85,8,#540000,0x0500,#520000
9,36,3,86,9,#650000,0x0600,#630000
9,36,4,87,10,#760000,0x0700,#730000
9,37,1,84,7,#430000,0x0400,#420000
9,37,2,85,8,#540000,0x0500,#520000
9,37,3,86,9,#650000,0x0600,#630000
9,37,4,87,10,#760000,0x0700,#730000
9,37,5,88,11,#870000,0x0800,#840000
9,38,1,79,2,#272700,0x6220,#292900
9,38,2,80,3,#1f1f00,0x0220,#212100
9,38,3,81,4,#171700,0x6110,#191900
9,38,4,82,5,#0f0f00,0x0110,#101000
9,38,5,83,6,#320000,0x0300,#310000
9,38,6,84,7,#430000,0x0400,#420000
9,49,1,79,2,#272700,0x6220,#292900
9,49,2,80,3,#1f1f00,0x0220,#212100
9,49,3,81,4,#171700,0x6110,#191900
9,49,4,82,5,#0f0f00,0x0110,#101000
9,49,5,83,6,#320000,0x0300,#310000
9,49,6,84,7,#430000,0x0400,#420000
9,50,1,90,13,#a90000,0x4a00,#ad0000
9,50,2,94,17,#ed0000,0x4e00,#ef0000
9,50,3,95,18,#fe0000,0x4f00,#ff0000
9,56,1,77,0,#373700,0x6330,#3a3a00
9,56,2,78,1,#2f2f00,0x0330,#313100
9,56,3,79,2,#272700,0x6220,#292900
9,59,1,77,0,#373700,0x6330,#3a3a00
9,59,2,78,1,#2f2f00,0x0330,#313100
9,59,3,79,2,#272700,0x6220,#292900
9,60,1,83,6,#320000,0x0300,#310000
9,60,2,84,7,#430000,0x0400,#420000
9,62,1,79,2,#272700,0x6220,#292900
9,62,2,80,3,#1f1f00,0x0220,#212100
9,62,3,81,4,#171700,0x6110,#191900
9,62,4,82,5,#0f0f00,0x0110,#101000
9,62,5,83,6,#320000,0x0300,#310000
9,62,6,84,7,#430000,0x0400,#420000
9,63,1,84,7,#430000,0x0400,#420000
9,63,2,85,8,#540000,0x0500,#520000
9,63,3,86,9,#650000,0x0600,#630000
9,63,4,87,10,#760000,0x0700,#730000
9,63,5,90,13,#a90000,0x4a00,#ad0000
9,63,6,91,14,#ba0000,0x4b00,#bd0000
9,64,1,84,7,#430000,0x0400,#420000
9,64,2,85,8,#540000,0x0500,#520000
9,64,3,86,9,#650000,0x0600,#630000
9,64,4,87,10,#760000,0x0700,#730000
9,64,5,88,11,#870000,0x0800,#840000
9,64,6,89,12,#980000,0x0900,#940000
9,65,1,90,13,#a90000,0x4a00,#ad0000
9,65,2,91,14,#ba0000,0x4b00,#bd0000
9,65,3,92,15,#cb0000,0x4c00,#ce0000
9,65,4,93,16,#dc0000,0x4d00,#de0000
9,65,5,94,17,#ed0000,0x4e00,#ef0000
9,65,6,95,18,#fe0000,0x4f00,#ff0000
9,66,1,79,2,#272700,0x6220,#292900
9,66,2,80,3,#1f1f00,0x0220,#212100
9,66,3,81,4,#171700,0x6110,#191900
9,66,4,82,5,#0f0f00,0x0110,#101000
9,66,5,83,6,#320000,0x0300,#310000
9,66,6,84,7,#430000,0x0400,#420000
9,68,1,79,2,#272700,0x6220,#292900
9,68,2,80,3,#1f1f00,0x0220,#212100
9,68,3,84,7,#430000,0x0400,#420000
9,69,1,90,13,#a90000,0x4a00,#ad0000
9,70,1,85,8,#540000,0x0500,#520000
9,70,2,86,9,#650000,0x0600,#630000
9,70,3,87,10,#760000,0x0700,#730000
9,70,4,88,11,#870000,0x0800,#840000
9,70,5,89,12,#980000,0x0900,#940000
9,70,6,95,18,#fe0000,0x4f00,#ff0000
9,70,7,96,19,#fe0000,0x4f00,#ff0000
9,74,1,84,7,#430000,0x0400,#420000
9,74,2,85,8,#540000,0x0500,#520000
9,74,3,86,9,#650000,0x0600,#630000
9,74,4,87,10,#760000,0x0700,#730000
9,74,5,88,11,#870000,0x0800,#840000
9,74,6,89,12,#980000,0x0900,#940000
9,76,1,77,0,#373700,0x6330,#3a3a00
9,76,2,78,1,#2f2f00,0x0330,#313100
9,76,3,79,2,#272700,0x6220,#292900
9,79,1,84,7,#430000,0x0400,#420000
9,79,2,85,8,#540000,0x0500,#520000
9,79,3,86,9,#650000,0x0600,#630000
9,79,4,87,10,#760000,0x0700,#730000
10,34,1,77,0,#2f2f00,0x0330,#313100
10,34,2,78,1,#272700,0x6220,#292900
10,34,3,79,2,#1f1f00,0x0220,#212100
10,35,1,78,1,#272700,0x6220,#292900
10,35,2,79,2,#1f1f00,0x0220,#212100
10,36,1,84,7,#540000,0x0500,#520000
10,36,2,85,8,#650000,0x0600,#630000
10,36,3,86,9,#760000,0x0700,#730000
10,36,4,87,10,#870000,0x0800,#840000
10,37,1,84,7,#540000,0x0500,#520000
10,37,2,85,8,#650000,0x0600,#630000
10,37,3,86,9,#760000,0x0700,#730000
10,37,4,87,10,#870000,0x0800,#840000
10,37,5,88,11,#980000,0x0900,#940000
10,38,1,79,2,#1f1f00,0x0220,#212100
10,38,2,80,3,#171700,0x6110,#191900
10,38,3,81,4,#0f0f00,0x0110,#101000
10,38,4,82,5,#320000,0x0300,#310000
10,38,5,83,6,#430000,0x0400,#420000
10,38,6,84,7,#540000,0x0500,#520000
10,49,1,79,2,#1f1f00,0x0220,#212100
10,49,2,80,3,#171700,0x6110,#191900
10,49,3,81,4,#0f0f00,0x0110,#101000
10,49,4,82,5,#320000,0x0300,#310000
10,49,5,83,6,#430000,0x0400,#420000
10,49,6,84,7,#540000,0x0500,#520000
10,50,1,90,13,#ba0000,0x4b00,#bd0000
10,50,2,94,17,#fe0000,0x4f00,#ff0000
10,50,3,95,18,#fe0000,0x4f00,#ff0000
10,56,1,77,0,#2f2f00,0x0330,#313100
10,56,2,78,1,#272700,0x6220,#292900
10,56,3,79,2,#1f1f00,0x0220,#212100
10,59,1,77,0,#2f2f00,0x0330,#313100
10,59,2,78,1,#272700,0x6220,#292900
10,59,3,79,2,#1f1f00,0x0220,#212100
10,60,1,83,6,#430000,0x0400,#420000
10,60,2,84,7,#540000,0x0500,#520000
10,62,1,79,2,#1f1f00,0x0220,#212100
10,62,2,80,3,#171700,0x6110,#191900
10,62,3,81,4,#0f0f00,0x0110,#101000
10,62,4,82,5,#320000,0x0300,#310000
10,62,5,83,6,#430000,0x0400,#420000
10,62,6,84,7,#540000,0x0500,#520000
10,63,1,84,7,#540000,0x0500,#520000
10,63,2,85,8,#650000,0x0600,#630000
10,63,3,86,9,#760000,0x0700,#730000
10,63,4,87,10,#870000,0x0800,#840000
10,63,5,90,13,#ba0000,0x4b00,#bd0000
10,63,6,91,14,#cb0000,0x4c00,#ce0000
10,64,1,84,7,#540000,0x0500,#520000
10,64,2,85,8,#650000,0x0600,#630000
10,64,3,86,9,#760000,0x0700,#730000
10,64,4,87,10,#870000,0x0800,#840000
10,64,5,88,11,#980000,0x0900,#940000
10,64,6,89,12,#a90000,0x4a00,#ad0000
10,65,1,90,13,#ba0000,0x4b00,#bd0000
10,65,2,91,14,#cb0000,0x4c00,#ce0000
10,65,3,92,15,#dc0000,0x4d00,#de0000
10,65,4,93,16,#ed0000,0x4e00,#ef0000
10,65,5,94,17,#fe0000,0x4f00,#ff0000
10,65,6,95,18,#fe0000,0x4f00,#ff0000
10,66,1,79,2,#1f1f00,0x0220,#212100
10,66,2,80,3,#171700,0x6110,#191900
10,66,3,81,4,#0f0f00,0x0110,#101000
10,66,4,82,5,#320000,0x0300,#310000
10,66,5,83,6,#430000,0x0400,#420000
10,66,6,84,7,#540000,0x0500,#520000
10,68,1,79,2,#1f1f00,0x0220,#212100
10,68,2,80,3,#171700,0x6110,#191900
10,68,3,84,7,#540000,0x0500,#520000
10,69,1,90,13,#ba0000,0x4b00,#bd0000
10,70,1,85,8,#650000,0x0600,#630000
10,70,2,86,9,#760000,0x0700,#730000
10,70,3,87,10,#870000,0x0800,#840000
10,70,4,88,11,#980000,0x0900,#940000
10,70,5,89,12,#a90000,0x4a00,#ad0000
10,70,6,95,18,#fe0000,0x4f00,#ff0000
10,70,7,96,19,#ed0000,0x4e00,#ef0000
10,74,1,84,7,#540000,0x0500,#520000
10,74,2,85,8,#650000,0x0600,#630000
10,74,3,86,9,#760000,0x0700,#730000
10,74,4,87,10,#870000,0x0800,#840000
10,74,5,88,11,#980000,0x0900,#940000
10,74,6,89,12,#a90000,0x4a00,#ad0000
10,76,1,77,0,#2f2f00,0x0330,#313100
10,76,2,78,1,#272700,0x6220,#292900
10,76,3,79,2,#1f1f00,0x0220,#212100
10,79,1,84,7,#540000,0x0500,#520000
10,79,2,85,8,#650000,0x0600,#630000
10,79,3,86,9,#760000,0x0700,#730000
10,79,4,87,10,#870000,0x0800,#840000
11,34,1,77,0,#272700,0x6220,#292900
11,34,2,78,1,#1f1f00,0x0220,#212100
11,34,3,79,2,#171700,0x6110,#191900
11,35,1,78,1,#1f1f00,0x0220,#212100
11,35,2,79,2,#171700,0x6110,#191900
11,36,1,84,7,#650000,0x0600,#630000
11,36,2,85,8,#760000,0x0700,#730000
11,36,3,86,9,#870000,0x0800,#840000
11,36,4,87,10,#980000,0x0900,#940000
11,37,1,84,7,#650000,0x0600,#630000
11,37,2,85,8,#760000,0x0700,#730000
11,37,3,86,9,#870000,0x0800,#840000
11,37,4,87,10,#980000,0x0900,#940000
11,37,5,88,11,#a90000,0x4a00,#ad0000
11,38,1,79,2,#171700,0x6110,#191900
11,38,2,80,3,#0f0f00,0x0110,#101000
11,38,3,81,4,#320000,0x0300,#310000
11,38,4,82,5,#430000,0x0400,#420000
11,38,5,83,6,#540000,0x0500,#520000
11,38,6,84,7,#650000,0x0600,#630000
11,49,1,79,2,#171700,0x6110,#191900
11,49,2,80,3,#0f0f00,0x0110,#101000
11,49,3,81,4,#320000,0x0300,#310000
11,49,4,82,5,#430000,0x0400,#420000
11,49,5,83,6,#540000,0x0500,#520000
11,49,6,84,7,#650000,0x0600,#630000
11,50,1,90,13,#cb0000,0x4c00,#ce0000
11,50,2,94,17,#fe0000,0x4f00,#ff0000
11,50,3,95,18,#ed0000,0x4e00,#ef0000
11,56,1,77,0,#272700,0x6220,#292900
11,56,2,78,1,#1f1f00,0x0220,#212100
11,56,3,79,2,#171700,0x6110,#191900
11,59,1,77,0,#272700,0x6220,#292900
11,59,2,78,1,#1f1f00,0x0220,#212100
11,59,3,79,2,#171700,0x6110,#191900
11,60,1,83,6,#540000,0x0500,#520000
11,60,2,84,7,#650000,0x0600,#630000
11,62,1,79,2,#171700,0x6110,#191900
11,62,2,80,3,#0f0f00,0x0110,#101000
11,62,3,81,4,#320000,0x0300,#310000
11,62,4,82,5,#430000,0x0400,#420000
11,62,5,83,6,#540000,0x0500,#520000
11,62,6,84,7,#650000,0x0600,#630000
11,63,1,84,7,#650000,0x0600,#630000
11,63,2,85,8,#760000,0x0700,#730000
11,63,3,86,9,#870000,0x0800,#840000
11,63,4,87,10,#980000,0x0900,#940000
11,63,5,90,13,#cb0000,0x4c00,#ce0000
11,63,6,91,14,#dc0000,0x4d00,#de0000
11,64,1,84,7,#650000,0x0600,#630000
11,64,2,85,8,#760000,0x0700,#730000
11,64,3,86,9,#870000,0x0800,#840000
11,64,4,87,10,#980000,0x0900,#940000
11,64,5,88,11,#a90000,0x4a00,#ad0000
11,64,6,89,12,#ba0000,0x4b00,#bd0000
11,65,1,90,13,#cb0000,0x4c00,#ce0000
11,65,2,91,14,#dc0000,0x4d00,#de0000
11,65,3,92,15,#ed0000,0x4e00,#ef0000
11,65,4,93,16,#fe0000,0x4f00,#ff0000
11,65,5,94,17,#fe0000,0x4f00,#ff0000
11,65,6,95,18,#ed0000,0x4e00,#ef0000
11,66,1,79,2,#171700,0x6110,#191900
11,66,2,80,3,#0f0f00,0x0110,#101000
11,66,3,81,4,#320000,0x0300,#310000
11,66,4,82,5,#430000,0x0400,#420000
11,66,5,83,6,#540000,0x0500,#520000
11,66,6,84,7,#650000,0x0600,#630000
11,68,1,79,2,#171700,0x6110,#191900
11,68,2,80,3,#0f0f00,0x0110,#101000
11,68,3,84,7,#650000,0x0600,#630000
11,69,1,90,13,#cb0000,0x4c00,#ce0000
11,70,1,85,8,#760000,0x0700,#730000
11,70,2,86,9,#870000,0x0800,#840000
11,70,3,87,10,#980000,0x0900,#940000
11,70,4,88,11,#a90000,0x4a00,#ad0000
11,70,5,89,12,#ba0000,0x4b00,#bd0000
11,70,6,95,18,#ed0000,0x4e00,#ef0000
11,70,7,96,19,#dc0000,0x4d00,#de0000
11,74,1,84,7,#650000,0x0600,#630000
11,74,2,85,8,#760000,0x0700,#730000
11,74,3,86,9,#870000,0x0800,#840000
11,74,4,87,10,#980000,0x0900,#940000
11,74,5,88,11,#a90000,0x4a00,#ad0000
11,74,6,89,12,#ba0000,0x4b00,#bd0000
11,76,1,77,0,#272700,0x6220,#292900
11,76,2,78,1,#1f1f00,0x0220,#212100
11,76,3,79,2,#171700,0x6110,#191900
11,79,1,84,7,#650000,0x0600,#630000
11,79,2,85,8,#760000,0x0700,#730000
11,79,3,86,9,#870000,0x0800,#840000
11,79,4,87,10,#980000,0x0900,#940000
12,34,1,77,0,#1f1f00,0x0220,#212100
12,34,2,78,1,#171700,0x6110,#191900
12,34,3,79,2,#0f0f00,0x0110,#101000
12,35,1,78,1,#171700,0x6110,#191900
12,35,2,79,2,#0f0f00,0x0110,#101000
12,36,1,84,7,#760000,0x0700,#730000
12,36,2,85,8,#870000,0x0800,#840000
12,36,3,86,9,#980000,0x0900,#940000
12,36,4,87,10,#a90000,0x4a00,#ad0000
12,37,1,84,7,#760000,0x0700,#730000
12,37,2,85,8,#870000,0x0800,#840000
12,37,3,86,9,#980000,0x0900,#940000
12,37,4,87,10,#a90000,0x4a00,#ad0000
12,37,5,88,11,#ba0000,0x4b00,#bd0000
12,38,1,79,2,#0f0f00,0x0110,#101000
12,38,2,80,3,#320000,0x0300,#310000
12,38,3,81,4,#430000,0x0400,#420000
12,38,4,82,5,#540000,0x0500,#520000
12,38,5,83,6,#650000,0x0600,#630000
12,38,6,84,7,#760000,0x0700,#730000
12,49,1,79,2,#0f0f00,0x0110,#101000
12,49,2,80,3,#320000,0x0300,#310000
12,49,3,81,4,#430000,0x0400,#420000
12,49,4,82,5,#540000,0x0500,#520000
12,49,5,83,6,#650000,0x0600,#630000
12,49,6,84,7,#760000,0x0700,#730000
12,50,1,90,13,#dc0000,0x4d00,#de0000
12,50,2,94,17,#ed0000,0x4e00,#ef0000
12,50,3,95,18,#dc0000,0x4d00,#de0000
12,56,1,77,0,#1f1f00,0x0220,#212100
12,56,2,78,1,#171700,0x6110,#191900
12,56,3,79,2,#0f0f00,0x0110,#101000
12,59,1,77,0,#1f1f00,0x0220,#212100
12,59,2,78,1,#171700,0x6110,#191900
12,59,3,79,2,#0f0f00,0x0110,#101000
12,60,1,83,6,#650000,0x0600,#630000
12,60,2,84,7,#760000,0x0700,#730000
12,62,1,79,2,#0f0f00,0x0110,#101000
12,62,2,80,3,#320000,0x0300,#310000
12,62,3,81,4,#430000,0x0400,#420000
12,62,4,82,5,#540000,0x0500,#520000
12,62,5,83,6,#650000,0x0600,#630000
12,62,6,84,7,#760000,0x0700,#730000
12,63,1,84,7,#760000,0x0700,#730000
12,63,2,85,8,#870000,0x0800,#840000
12,63,3,86,9,#980000,0x0900,#940000
12,63,4,87,10,#a90000,0x4a00,#ad0000
12,63,5,90,13,#dc0000,0x4d00,#de0000
12,63,6,91,14,#ed0000,0x4e00,#ef0000
12,64,1,84,7,#760000,0x0700,#730000
12,64,2,85,8,#870000,0x0800,#840000
12,64,3,86,9,#980000,0x0900,#940000
12,64,4,87,10,#a90000,0x4a00,#ad0000
12,64,5,88,11,#ba0000,0x4b00,#bd0000
12,64,6,89,12,#cb0000,0x4c00,#ce0000
12,65,1,90,13,#dc0000,0x4d00,#de0000
12,65,2,91,14,#ed0000,0x4e00,#ef0000
12,65,3,92,15,#fe0000,0x4f00,#ff0000
12,65,4,93,16,#fe0000,0x4f00,#ff0000
12,65,5,94,17,#ed0000,0x4e00,#ef0000
12,65,6,95,18,#dc0000,0x4d00,#de0000
12,66,1,79,2,#0f0f00,0x0110,#101000
12,66,2,80,3,#320000,0x0300,#310000
12,66,3,81,4,#430000,0x0400,#420000
12,66,4,82,5,#540000,0x0500,#520000
12,66,5,83,6,#650000,0x0600,#630000
12,66,6,84,7,#760000,0x0700,#730000
12,68,1,79,2,#0f0f00,0x0110,#101000
12,68,2,80,3,#320000,0x0300,#310000
12,68,3,84,7,#760000,0x0700,#730000
12,69,1,90,13,#dc0000,0x4d00,#de0000
12,70,1,85,8,#870000,0x0800,#840000
12,70,2,86,9,#980000,0x0900,#940000
12,70,3,87,10,#a90000,0x4a00,#ad0000
12,70,4,88,11,#ba0000,0x4b00,#bd0000
12,70,5,89,12,#cb0000,0x4c00,#ce0000
12,70,6,95,18,#dc0000,0x4d00,#de0000
12,70,7,96,19,#cb0000,0x4c00,#ce0000
12,74,1,84,7,#760000,0x0700,#730000
12,74,2,85,8,#870000,0x0800,#840000
12,74,3,86,9,#980000,0x0900,#940000
12,74,4,87,10,#a90000,0x4a00,#ad0000
12,74,5,88,11,#ba0000,0x4b00,#bd0000
12,74,6,89,12,#cb0000,0x4c00,#ce0000
12,76,1,77,0,#1f1f00,0x0220,#212100
12,76,2,78,1,#171700,0x6110,#191900
12,76,3,79,2,#0f0f00,0x0110,#101000
12,79,1,84,7,#760000,0x0700,#730000
12,79,2,85,8,#870000,0x0800,#840000
12,79,3,86,9,#980000,0x0900,#940000
12,79,4,87,10,#a90000,0x4a00,#ad0000
13,34,1,77,0,#171700,0x6110,#191900
13,34,2,78,1,#0f0f00,0x0110,#101000
13,34,3,79,2,#320000,0x0300,#310000
13,35,1,78,1,#0f0f00,0x0110,#101000
13,35,2,79,2,#320000,0x0300,#310000
13,36,1,84,7,#870000,0x0800,#840000
13,36,2,85,8,#980000,0x0900,#940000
13,36,3,86,9,#a90000,0x4a00,#ad0000
13,36,4,87,10,#ba0000,0x4b00,#bd0000
13,37,1,84,7,#870000,0x0800,#840000
13,37,2,85,8,#980000,0x0900,#940000
13,37,3,86,9,#a90000,0x4a00,#ad0000
13,37,4,87,10,#ba0000,0x4b00,#bd0000
13,37,5,88,11,#cb0000,0x4c00,#ce0000
13,38,1,79,2,#320000,0x0300,#310000
13,38,2,80,3,#430000,0x0400,#420000
13,38,3,81,4,#540000,0x0500,#520000
13,38,4,82,5,#650000,0x0600,#630000
13,38,5,83,6,#760000,0x0700,#730000
13,38,6,84,7,#870000,0x0800,#840000
13,49,1,79,2,#320000,0x0300,#310000
13,49,2,80,3,#430000,0x0400,#420000
13,49,3,81,4,#540000,0x0500,#520000
13,49,4,82,5,#650000,0x0600,#630000
13,49,5,83,6,#760000,0x0700,#730000
13,49,6,84,7,#870000,0x0800,#840000
13,50,1,90,13,#ed0000,0x4e00,#ef0000
13,50,2,94,17,#dc0000,0x4d00,#de0000
13,50,3,95,18,#cb0000,0x4c00,#ce0000
13,56,1,77,0,#171700,0x6110,#191900
13,56,2,78,1,#0f0f00,0x0110,#101000
13,56,3,79,2,#320000,0x0300,#310000
13,59,1,77,0,#171700,0x6110,#191900
13,59,2,78,1,#0f0f00,0x0110,#101000
13,59,3,79,2,#320000,0x0300,#310000
13,60,1,83,6,#760000,0x0700,#730000
13,60,2,84,7,#870000,0x0800,#840000
13,62,1,79,2,#320000,0x0300,#310000
13,62,2,80,3,#430000,0x0400,#420000
13,62,3,81,4,#540000,0x0500,#520000
13,62,4,82,5,#650000,0x0600,#630000
13,62,5,83,6,#760000,0x0700,#730000
13,62,6,84,7,#870000,0x0800,#840000
13,63,1,84,7,#870000,0x0800,#840000
13,63,2,85,8,#980000,0x0900,#940000
13,63,3,86,9,#a90000,0x4a00,#ad0000
13,63,4,87,10,#ba0000,0x4b00,#bd0000
13,63,5,90,13,#ed0000,0x4e00,#ef0000
13,63,6,91,14,#fe0000,0x4f00,#ff0000
13,64,1,84,7,#870000,0x0800,#840000
13,64,2,85,8,#980000,0x0900,#940000
13,64,3,86,9,#a90000,0x4a00,#ad0000
13,64,4,87,10,#ba0000,0x4b00,#bd0000
13,64,5,88,11,#cb0000,0x4c00,#ce0000
13,64,6,89,12,#dc0000,0x4d00,#de0000
13,65,1,90,13,#ed0000,0x4e00,#ef0000
13,65,2,91,14,#fe0000,0x4f00,#ff0000
13,65,3,92,15,#fe0000,0x4f00,#ff0000
13,65,4,93,16,#ed0000,0x4e00,#ef0000
13,65,5,94,17,#dc0000,0x4d00,#de0000
13,65,6,95,18,#cb0000,0x4c00,#ce0000
13,66,1,79,2,#320000,0x0300,#310000
13,66,2,80,3,#430000,0x0400,#420000
13,66,3,81,4,#540000,0x0500,#520000
13,66,4,82,5,#650000,0x0600,#630000
13,66,5,83,6,#760000,0x0700,#730000
13,66,6,84,7,#870000,0x0800,#840000
13,68,1,79,2,#320000,0x0300,#310000
13,68,2,80,3,#430000,0x0400,#420000
13,68,3,84,7,#870000,0x0800,#840000
13,69,1,90,13,#ed0000,0x4e00,#ef0000
13,70,1,85,8,#980000,0x0900,#940000
13,70,2,86,9,#a90000,0x4a00,#ad0000
13,70,3,87,10,#ba0000,0x4b00,#bd0000
13,70,4,88,11,#cb0000,0x4c00,#ce0000
13,70,5,89,12,#dc0000,0x4d00,#de0000
13,70,6,95,18,#cb0000,0x4c00,#ce0000
13,70,7,96,19,#ba0000,0x4b00,#bd0000
13,74,1,84,7,#870000,0x0800,#840000
13,74,2,85,8,#980000,0x0900,#940000
13,74,3,86,9,#a90000,0x4a00,#ad0000
13,74,4,87,10,#ba0000,0x4b00,#bd0000
13,74,5,88,11,#cb0000,0x4c00,#ce0000
13,74,6,89,12,#dc0000,0x4d00,#de0000
13,76,1,77,0,#171700,0x6110,#191900
13,76,2,78,1,#0f0f00,0x0110,#101000
13,76,3,79,2,#320000,0x0300,#310000
13,79,1,84,7,#870000,0x0800,#840000
13,79,2,85,8,#980000,0x0900,#940000
13,79,3,86,9,#a90000,0x4a00,#ad0000
13,79,4,87,10,#ba0000,0x4b00,#bd0000
14,34,1,77,0,#0f0f00,0x0110,#101000
14,34,2,78,1,#320000,0x0300,#310000
14,34,3,79,2,#430000,0x0400,#420000
14,35,1,78,1,#320000,0x0300,#310000
14,35,2,79,2,#430000,0x0400,#420000
14,36,1,84,7,#980000,0x0900,#940000
14,36,2,85,8,#a90000,0x4a00,#ad0000
14,36,3,86,9,#ba0000,0x4b00,#bd0000
14,36,4,87,10,#cb0000,0x4c00,#ce0000
14,37,1,84,7,#980000,0x0900,#940000
14,37,2,85,8,#a90000,0x4a00,#ad0000
14,37,3,86,9,#ba0000,0x4b00,#bd0000
14,37,4,87,10,#cb0000,0x4c00,#ce0000
14,37,5,88,11,#dc0000,0x4d00,#de0000
14,38,1,79,2,#430000,0x0400,#420000
14,38,2,80,3,#540000,0x0500,#520000
14,38,3,81,4,#650000,0x0600,#630000
14,38,4,82,5,#760000,0x0700,#730000
14,38,5,83,6,#870000,0x0800,#840000
14,38,6,84,7,#980000,0x0900,#940000
14,49,1,79,2,#430000,0x0400,#420000
14,49,2,80,3,#540000,0x0500,#520000
14,49,3,81,4,#650000,0x0600,#630000
14,49,4,82,5,#760000,0x0700,#730000
14,49,5,83,6,#870000,0x0800,#840000
14,49,6,84,7,#980000,0x0900,#940000
14,50,1,90,13,#fe0000,0x4f00,#ff0000
14,50,2,94,17,#cb0000,0x4c00,#ce0000
14,50,3,95,18,#ba0000,0x4b00,#bd0000
14,56,1,77,0,#0f0f00,0x0110,#101000
14,56,2,78,1,#320000,0x0300,#310000
14,56,3,79,2,#430000,0x0400,#420000
14,59,1,77,0,#0f0f00,0x0110,#101000
14,59,2,78,1,#320000,0x0300,#310000
14,59,3,79,2,#430000,0x0400,#420000
14,60,1,83,6,#870000,0x0800,#840000
14,60,2,84,7,#980000,0x0900,#940000
14,62,1,79,2,#430000,0x0400,#420000
14,62,2,80,3,#540000,0x0500,#520000
14,62,3,81,4,#650000,0x0600,#630000
14,62,4,82,5,#760000,0x0700,#730000
14,62,5,83,6,#870000,0x0800,#840000
14,62,6,84,7,#980000,0x0900,#940000
14,63,1,84,7,#980000,0x0900,#940000
14,63,2,85,8,#a90000,0x4a00,#ad0000
14,63,3,86,9,#ba0000,0x4b00,#bd0000
14,63,4,87,10,#cb0000,0x4c00,#ce0000
14,63,5,90,13,#fe0000,0x4f00,#ff0000
14,63,6,91,14,#fe0000,0x4f00,#ff0000
14,64,1,84,7,#980000,0x0900,#940000
14,64,2,85,8,#a90000,0x4a00,#ad0000
14,64,3,86,9,#ba0000,0x4b00,#bd0000
14,64,4,87,10,#cb0000,0x4c00,#ce0000
14,64,5,88,11,#dc0000,0x4d00,#de0000
14,64,6,89,12,#ed0000,0x4e00,#ef0000
14,65,1,90,13,#fe0000,0x4f00,#ff0000
14,65,2,91,14,#fe0000,0x4f00,#ff0000
14,65,3,92,15,#ed0000,0x4e00,#ef0000
14,65,4,93,16,#dc0000,0x4d00,#de0000
14,65,5,94,17,#cb0000,0x4c00,#ce0000
14,65,6,95,18,#ba0000,0x4b00,#bd0000
14,66,1,79,2,#430000,0x0400,#420000
14,66,2,80,3,#540000,0x0500,#520000
14,66,3,81,4,#650000,0x0600,#630000
14,66,4,82,5,#760000,0x0700,#730000
14,66,5,83,6,#870000,0x0800,#840000
14,66,6,84,7,#980000,0x0900,#940000
14,68,1,79,2,#430000,0x0400,#420000
14,68,2,80,3,#540000,0x0500,#520000
14,68,3,84,7,#980000,0x0900,#940000
14,69,1,90,13,#fe0000,0x4f00,#ff0000
14,70,1,85,8,#a90000,0x4a00,#ad0000
14,70,2,86,9,#ba0000,0x4b00,#bd0000
14,70,3,87,10,#cb0000,0x4c00,#ce0000
14,70,4,88,11,#dc0000,0x4d00,#de0000
14,70,5,89,12,#ed0000,0x4e00,#ef0000
14,70,6,95,18,#ba0000,0x4b00,#bd0000
14,70,7,96,19,#a90000,0x4a00,#ad0000
14,74,1,84,7,#980000,0x0900,#940000
14,74,2,85,8,#a90000,0x4a00,#ad0000
14,74,3,86,9,#ba0000,0x4b00,#bd0000
14,74,4,87,10,#cb0000,0x4c00,#ce0000
14,74,5,88,11,#dc0000,0x4d00,#de0000
14,74,6,89,12,#ed0000,0x4e00,#ef0000
14,76,1,77,0,#0f0f00,0x0110,#101000
14,76,2,78,1,#320000,0x0300,#310000
14,76,3,79,2,#430000,0x0400,#420000
14,79,1,84,7,#980000,0x0900,#940000
14,79,2,85,8,#a90000,0x4a00,#ad0000
14,79,3,86,9,#ba0000,0x4b00,#bd0000
14,79,4,87,10,#cb0000,0x4c00,#ce0000
15,34,1,77,0,#320000,0x0300,#310000
15,34,2,78,1,#430000,0x0400,#420000
15,34,3,79,2,#540000,0x0500,#520000
15,35,1,78,1,#430000,0x0400,#420000
15,35,2,79,2,#540000,0x0500,#520000
15,36,1,84,7,#a90000,0x4a00,#ad0000
15,36,2,85,8,#ba0000,0x4b00,#bd0000
15,36,3,86,9,#cb0000,0x4c00,#ce0000
15,36,4,87,10,#dc0000,0x4d00,#de0000
15,37,1,84,7,#a90000,0x4a00,#ad0000
15,37,2,85,8,#ba0000,0x4b00,#bd0000
15,37,3,86,9,#cb0000,0x4c00,#ce0000
15,37,4,87,10,#dc0000,0x4d00,#de0000
15,37,5,88,11,#ed0000,0x4e00,#ef0000
15,38,1,79,2,#540000,0x0500,#520000
15,38,2,80,3,#650000,0x0600,#630000
15,38,3,81,4,#760000,0x0700,#730000
15,38,4,82,5,#870000,0x0800,#840000
15,38,5,83,6,#980000,0x0900,#940000
15,38,6,84,7,#a90000,0x4a00,#ad0000
15,49,1,79,2,#540000,0x0500,#520000
15,49,2,80,3,#650000,0x0600,#630000
15,49,3,81,4,#760000,0x0700,#730000
15,49,4,82,5,#870000,0x0800,#840000
15,49,5,83,6,#980000,0x0900,#940000
15,49,6,84,7,#a90000,0x4a00,#ad0000
15,50,1,90,13,#fe0000,0x4f00,#ff0000
15,50,2,94,17,#ba0000,0x4b00,#bd0000
15,50,3,95,18,#a90000,0x4a00,#ad0000
15,56,1,77,0,#320000,0x0300,#310000
15,56,2,78,1,#430000,0x0400,#420000
15,56,3,79,2,#540000,0x0500,#520000
15,59,1,77,0,#320000,0x0300,#310000
15,59,2,78,1,#430000,0x0400,#420000
15,59,3,79,2,#540000,0x0500,#520000
15,60,1,83,6,#980000,0x0900,#940000
15,60,2,84,7,#a90000,0x4a00,#ad0000
15,62,1,79,2,#540000,0x0500,#520000
15,62,2,80,3,#650000,0x0600,#630000
15,62,3,81,4,#760000,0x0700,#730000
15,62,4,82,5,#870000,0x0800,#840000
15,62,5,83,6,#980000,0x0900,#940000
15,62,6,84,7,#a90000,0x4a00,#ad0000
15,63,1,84,7,#a90000,0x4a00,#ad0000
15,63,2,85,8,#ba0000,0x4b00,#bd0000
15,63,3,86,9,#cb0000,0x4c00,#ce0000
15,63,4,87,10,#dc0000,0x4d00,#de0000
15,63,5,90,13,#fe0000,0x4f00,#ff0000
15,63,6,91,14,#ed0000,0x4e00,#ef0000
15,64,1,84,7,#a90000,0x4a00,#ad0000
15,64,2,85,8,#ba0000,0x4b00,#bd0000
15,64,3,86,9,#cb0000,0x4c00,#ce0000
15,64,4,87,10,#dc0000,0x4d00,#de0000
15,64,5,88,11,#ed0000,0x4e00,#ef0000
15,64,6,89,12,#fe0000,0x4f00,#ff0000
15,65,1,90,13,#fe0000,0x4f00,#ff0000
15,65,2,91,14,#ed0000,0x4e00,#ef0000
15,65,3,92,15,#dc0000,0x4d00,#de0000
15,65,4,93,16,#cb0000,0x4c00,#ce0000
15,65,5,94,17,#ba0000,0x4b00,#bd0000
15,65,6,95,18,#a90000,0x4a00,#ad0000
15,66,1,79,2,#540000,0x0500,#520000
15,66,2,80,3,#650000,0x0600,#630000
15,66,3,81,4,#760000,0x0700,#730000
15,66,4,82,5,#870000,0x0800,#840000
15,66,5,83,6,#980000,0x0900,#940000
15,66,6,84,7,#a90000,0x4a00,#ad0000
15,68,1,79,2,#540000,0x0500,#520000
15,68,2,80,3,#650000,0x0600,#630000
15,68,3,84,7,#a90000,0x4a00,#ad0000
15,69,1,90,13,#fe0000,0x4f00,#ff0000
15,70,1,85,8,#ba0000,0x4b00,#bd0000
15,70,2,86,9,#cb0000,0x4c00,#ce0000
15,70,3,87,10,#dc0000,0x4d00,#de0000
15,70,4,88,11,#ed0000,0x4e00,#ef0000
15,70,5,89,12,#fe0000,0x4f00,#ff0000
15,70,6,95,18,#a90000,0x4a00,#ad0000
15,70,7,96,19,#980000,0x0900,#940000
15,74,1,84,7,#a90000,0x4a00,#ad0000
15,74,2,85,8,#ba0000,0x4b00,#bd0000
15,74,3,86,9,#cb0000,0x4c00,#ce0000
15,74,4,87,10,#dc0000,0x4d00,#de0000
15,74,5,88,11,#ed0000,0x4e00,#ef0000
15,74,6,89,12,#fe0000,0x4f00,#ff0000
15,76,1,77,0,#320000,0x0300,#310000
15,76,2,78,1,#430000,0x0400,#420000
15,76,3,79,2,#540000,0x0500,#520000
15,79,1,84,7,#a90000,0x4a00,#ad0000
15,79,2,85,8,#ba0000,0x4b00,#bd0000
15,79,3,86,9,#cb0000,0x4c00,#ce0000
15,79,4,87,10,#dc0000,0x4d00,#de0000
16,34,1,77,0,#430000,0x0400,#420000
16,34,2,78,1,#540000,0x0500,#520000
16,34,3,79,2,#650000,0x0600,#630000
16,35,1,78,1,#540000,0x0500,#520000
16,35,2,79,2,#650000,0x0600,#630000
16,36,1,84,7,#ba0000,0x4b00,#bd0000
16,36,2,85,8,#cb0000,0x4c00,#ce0000
16,36,3,86,9,#dc0000,0x4d00,#de0000
16,36,4,87,10,#ed0000,0x4e00,#ef0000
16,37,1,84,7,#ba0000,0x4b00,#bd0000
16,37,2,85,8,#cb0000,0x4c00,#ce0000
16,37,3,86,9,#dc0000,0x4d00,#de0000
16,37,4,87,10,#ed0000,0x4e00,#ef0000
16,37,5,88,11,#fe0000,0x4f00,#ff0000
16,38,1,79,2,#650000,0x0600,#630000
16,38,2,80,3,#760000,0x0700,#730000
16,38,3,81,4,#870000,0x0800,#840000
16,38,4,82,5,#980000,0x0900,#940000
16,38,5,83,6,#a90000,0x4a00,#ad0000
16,38,6,84,7,#ba0000,0x4b00,#bd0000
16,49,1,79,2,#650000,0x0600,#630000
16,49,2,80,3,#760000,0x0700,#730000
16,49,3,81,4,#870000,0x0800,#840000
16,49,4,82,5,#980000,0x0900,#940000
16,49,5,83,6,#a90000,0x4a00,#ad0000
16,49,6,84,7,#ba0000,0x4b00,#bd0000
16,50,1,90,13,#ed0000,0x4e00,#ef0000
16,50,2,94,17,#a90000,0x4a00,#ad0000
16,50,3,95,18,#980000,0x0900,#940000
16,56,1,77,0,#430000,0x0400,#420000
16,56,2,78,1,#540000,0x0500,#520000
16,56,3,79,2,#650000,0x0600,#630000
16,59,1,77,0,#430000,0x0400,#420000
16,59,2,78,1,#540000,0x0500,#520000
16,59,3,79,2,#650000,0x0600,#630000
16,60,1,83,6,#a90000,0x4a00,#ad0000
16,60,2,84,7,#ba0000,0x4b00,#bd0000
16,62,1,79,2,#650000,0x0600,#630000
16,62,2,80,3,#760000,0x0700,#730000
16,62,3,81,4,#870000,0x0800,#840000
16,62,4,82,5,#980000,0x0900,#940000
16,62,5,83,6,#a90000,0x4a00,#ad0000
16,62,6,84,7,#ba0000,0x4b00,#bd0000
16,63,1,84,7,#ba0000,0x4b00,#bd0000
16,63,2,85,8,#cb0000,0x4c00,#ce0000
16,63,3,86,9,#dc0000,0x4d00,#de0000
16,63,4,87,10,#ed0000,0x4e00,#ef0000
16,63,5,90,13,#ed0000,0x4e00,#ef0000
16,63,6,91,14,#dc0000,0x4d00,#de0000
16,64,1,84,7,#ba0000,0x4b00,#bd0000
16,64,2,85,8,#cb0000,0x4c00,#ce0000
16,64,3,86,9,#dc0000,0x4d00,#de0000
16,64,4,87,10,#ed0000,0x4e00,#ef0000
16,64,5,88,11,#fe0000,0x4f00,#ff0000
16,64,6,89,12,#fe0000,0x4f00,#ff0000
16,65,1,90,13,#ed0000,0x4e00,#ef0000
16,65,2,91,14,#dc0000,0x4d00,#de0000
16,65,3,92,15,#cb0000,0x4c00,#ce0000
16,65,4,93,16,#ba0000,0x4b00,#bd0000
16,65,5,94,17,#a90000,0x4a00,#ad0000
16,65,6,95,18,#980000,0x0900,#940000
16,66,1,79,2,#650000,0x0600,#630000
16,66,2,80,3,#760000,0x0700,#730000
16,66,3,81,4,#870000,0x0800,#840000
16,66,4,82,5,#980000,0x0900,#940000
16,66,5,83,6,#a90000,0x4a00,#ad0000
16,66,6,84,7,#ba0000,0x4b00,#bd0000
16,68,1,79,2,#650000,0x0600,#630000
16,68,2,80,3,#760000,0x0700,#730000
16,68,3,84,7,#ba0000,0x4b00,#bd0000
16,69,1,90,13,#ed0000,0x4e00,#ef0000
16,70,1,85,8,#cb0000,0x4c00,#ce0000
16,70,2,86,9,#dc0000,0x4d00,#de0000
16,70,3,87,10,#ed0000,0x4e00,#ef0000
16,70,4,88,11,#fe0000,0x4f00,#ff0000
16,70,5,89,12,#fe0000,0x4f00,#ff0000
16,70,6,95,18,#980000,0x0900,#940000
16,70,7,96,19,#870000,0x0800,#840000
16,74,1,84,7,#ba0000,0x4b00,#bd0000
16,74,2,85,8,#cb0000,0x4c00,#ce0000
16,74,3,86,9,#dc0000,0x4d00,#de0000
16,74,4,87,10,#ed0000,0x4e00,#ef0000
16,74,5,88,11,#fe0000,0x4f00,#ff0000
16,74,6,89,12,#fe0000,0x4f00,#ff0000
16,76,1,77,0,#430000,0x0400,#420000
16,76,2,78,1,#540000,0x0500,#520000
16,76,3,79,2,#650000,0x0600,#630000
16,79,1,84,7,#ba0000,0x4b00,#bd0000
16,79,2,85,8,#cb0000,0x4c00,#ce0000
16,79,3,86,9,#dc0000,0x4d00,#de0000
16,79,4,87,10,#ed0000,0x4e00,#ef0000
17,34,1,77,0,#540000,0x0500,#520000
17,34,2,78,1,#650000,0x0600,#630000
17,34,3,79,2,#760000,0x0700,#730000
17,35,1,78,1,#650000,0x0600,#630000
17,35,2,79,2,#760000,0x0700,#730000
17,36,1,84,7,#cb0000,0x4c00,#ce0000
17,36,2,85,8,#dc0000,0x4d00,#de0000
17,36,3,86,9,#ed0000,0x4e00,#ef0000
17,36,4,87,10,#fe0000,0x4f00,#ff0000
17,37,1,84,7,#cb0000,0x4c00,#ce0000
17,37,2,85,8,#dc0000,0x4d00,#de0000
17,37,3,86,9,#ed0000,0x4e00,#ef0000
17,37,4,87,10,#fe0000,0x4f00,#ff0000
17,37,5,88,11,#fe0000,0x4f00,#ff0000
17,38,1,79,2,#760000,0x0700,#730000
17,38,2,80,3,#870000,0x0800,#840000
17,38,3,81,4,#980000,0x0900,#940000
17,38,4,82,5,#a90000,0x4a00,#ad0000
17,38,5,83,6,#ba0000,0x4b00,#bd0000
17,38,6,84,7,#cb0000,0x4c00,#ce0000
17,49,1,79,2,#760000,0x0700,#730000
17,49,2,80,3,#870000,0x0800,#840000
17,49,3,81,4,#980000,0x0900,#940000
17,49,4,82,5,#a90000,0x4a00,#ad0000
17,49,5,83,6,#ba0000,0x4b00,#bd0000
17,49,6,84,7,#cb0000,0x4c00,#ce0000
17,50,1,90,13,#dc0000,0x4d00,#de0000
17,50,2,94,17,#980000,0x0900,#940000
17,50,3,95,18,#870000,0x0800,#840000
17,56,1,77,0,#540000,0x0500,#520000
17,56,2,78,1,#650000,0x0600,#630000
17,56,3,79,2,#760000,0x0700,#730000
17,59,1,77,0,#540000,0x0500,#520000
17,59,2,78,1,#650000,0x0600,#630000
17,59,3,79,2,#760000,0x0700,#730000
17,60,1,83,6,#ba0000,0x4b00,#bd0000
17,60,2,84,7,#cb0000,0x4c00,#ce0000
17,62,1,79,2,#760000,0x0700,#730000
17,62,2,80,3,#870000,0x0800,#840000
17,62,3,81,4,#980000,0x0900,#940000
17,62,4,82,5,#a90000,0x4a00,#ad0000
17,62,5,83,6,#ba0000,0x4b00,#bd0000
17,62,6,84,7,#cb0000,0x4c00,#ce0000
17,63,1,84,7,#cb0000,0x4c00,#ce0000
17,63,2,85,8,#dc0000,0x4d00,#de0000
17,63,3,86,9,#ed0000,0x4e00,#ef0000
17,63,4,87,10,#fe0000,0x4f00,#ff0000
17,63,5,90,13,#dc0000,0x4d00,#de0000
17,63,6,91,14,#cb0000,0x4c00,#ce0000
17,64,1,84,7,#cb0000,0x4c00,#ce0000
17,64,2,85,8,#dc0000,0x4d00,#de0000
17,64,3,86,9,#ed0000,0x4e00,#ef0000
17,64,4,87,10,#fe0000,0x4f00,#ff0000
17,64,5,88,11,#fe0000,0x4f00,#ff0000
17,64,6,89,12,#ed0000,0x4e00,#ef0000
17,65,1,90,13,#dc0000,0x4d00,#de0000
17,65,2,91,14,#cb0000,0x4c00,#ce0000
17,65,3,92,15,#ba0000,0x4b00,#bd0000
17,65,4,93,16,#a90000,0x4a00,#ad0000
17,65,5,94,17,#980000,0x0900,#940000
17,65,6,95,18,#870000,0x0800,#840000
17,66,1,79,2,#760000,0x0700,#730000
17,66,2,80,3,#870000,0x0800,#840000
17,66,3,81,4,#980000,0x0900,#940000
17,66,4,82,5,#a90000,0x4a00,#ad0000
17,66,5,83,6,#ba0000,0x4b00,#bd0000
17,66,6,84,7,#cb0000,0x4c00,#ce0000
17,68,1,79,2,#760000,0x0700,#730000
17,68,2,80,3,#870000,0x0800,#840000
17,68,3,84,7,#cb0000,0x4c00,#ce0000
17,69,1,90,13,#dc0000,0x4d00,#de0000
17,70,1,85,8,#dc0000,0x4d00,#de0000
17,70,2,86,9,#ed0000,0x4e00,#ef0000
17,70,3,87,10,#fe0000,0x4f00,#ff0000
17,70,4,88,11,#fe0000,0x4f00,#ff0000
17,70,5,89,12,#ed0000,0x4e00,#ef0000
17,70,6,95,18,#870000,0x0800,#840000
17,70,7,96,19,#760000,0x0700,#730000
17,74,1,84,7,#cb0000,0x4c00,#ce0000
17,74,2,85,8,#dc0000,0x4d00,#de0000
17,74,3,86,9,#ed0000,0x4e00,#ef0000
17,74,4,87,10,#fe0000,0x4f00,#ff0000
17,74,5,88,11,#fe0000,0x4f00,#ff0000
17,74,6,89,12,#ed0000,0x4e00,#ef0000
17,76,1,77,0,#540000,0x0500,#520000
17,76,2,78,1,#650000,0x0600,#630000
17,76,3,79,2,#760000,0x0700,#730000
17,79,1,84,7,#cb0000,0x4c00,#ce0000
17,79,2,85,8,#dc0000,0x4d00,#de0000
17,79,3,86,9,#ed0000,0x4e00,#ef0000
17,79,4,87,10,#fe0000,0x4f00,#ff0000
18,34,1,77,0,#650000,0x0600,#630000
18,34,2,78,1,#760000,0x0700,#730000
18,34,3,79,2,#870000,0x0800,#840000
18,35,1,78,1,#760000,0x0700,#730000
18,35,2,79,2,#870000,0x0800,#840000
18,36,1,84,7,#dc0000,0x4d00,#de0000
18,36,2,85,8,#ed0000,0x4e00,#ef0000
18,36,3,86,9,#fe0000,0x4f00,#ff0000
18,36,4,87,10,#fe0000,0x4f00,#ff0000
18,37,1,84,7,#dc0000,0x4d00,#de0000
18,37,2,85,8,#ed0000,0x4e00,#ef0000
18,37,3,86,9,#fe0000,0x4f00,#ff0000
18,37,4,87,10,#fe0000,0x4f00,#ff0000
18,37,5,88,11,#ed0000,0x4e00,#ef0000
18,38,1,79,2,#870000,0x0800,#840000
18,38,2,80,3,#980000,0x0900,#940000
18,38,3,81,4,#a90000,0x4a00,#ad0000
18,38,4,82,5,#ba0000,0x4b00,#bd0000
18,38,5,83,6,#cb0000,0x4c00,#ce0000
18,38,6,84,7,#dc0000,0x4d00,#de0000
18,49,1,79,2,#870000,0x0800,#840000
18,49,2,80,3,#980000,0x0900,#940000
18,49,3,81,4,#a90000,0x4a00,#ad0000
18,49,4,82,5,#ba0000,0x4b00,#bd0000
18,49,5,83,6,#cb0000,0x4c00,#ce0000
18,49,6,84,7,#dc0000,0x4d00,#de0000
18,50,1,90,13,#cb0000,0x4c00,#ce0000
18,50,2,94,17,#870000,0x0800,#840000
18,50,3,95,18,#760000,0x0700,#730000
18,56,1,77,0,#650000,0x0600,#630000
18,56,2,78,1,#760000,0x0700,#730000
18,56,3,79,2,#870000,0x0800,#840000
18,59,1,77,0,#650000,0x0600,#630000
18,59,2,78,1,#760000,0x0700,#730000
18,59,3,79,2,#870000,0x0800,#840000
18,60,1,83,6,#cb0000,0x4c00,#ce0000
18,60,2,84,7,#dc0000,0x4d00,#de0000
18,62,1,79,2,#870000,0x0800,#840000
18,62,2,80,3,#980000,0x0900,#940000
18,62,3,81,4,#a90000,0x4a00,#ad0000
18,62,4,82,5,#ba0000,0x4b00,#bd0000
18,62,5,83,6,#cb0000,0x4c00,#ce0000
18,62,6,84,7,#dc0000,0x4d00,#de0000
18,63,1,84,7,#dc0000,0x4d00,#de0000
18,63,2,85,8,#ed0000,0x4e00,#ef0000
18,63,3,86,9,#fe0000,0x4f00,#ff0000
18,63,4,87,10,#fe0000,0x4f00,#ff0000
18,63,5,90,13,#cb0000,0x4c00,#ce0000
18,63,6,91,14,#ba0000,0x4b00,#bd0000
18,64,1,84,7,#dc0000,0x4d00,#de0000
18,64,2,85,8,#ed0000,0x4e00,#ef0000
18,64,3,86,9,#fe0000,0x4f00,#ff0000
18,64,4,87,10,#fe0000,0x4f00,#ff0000
18,64,5,88,11,#ed0000,0x4e00,#ef0000
18,64,6,89,12,#dc0000,0x4d00,#de0000
18,65,1,90,13,#cb0000,0x4c00,#ce0000
18,65,2,91,14,#ba0000,0x4b00,#bd0000
18,65,3,92,15,#a90000,0x4a00,#ad0000
18,65,4,93,16,#980000,0x0900,#940000
18,65,5,94,17,#870000,0x0800,#840000
18,65,6,95,18,#760000,0x0700,#730000
18,66,1,79,2,#870000,0x0800,#840000
18,66,2,80,3,#980000,0x0900,#940000
18,66,3,81,4,#a90000,0x4a00,#ad0000
18,66,4,82,5,#ba0000,0x4b00,#bd0000
18,66,5,83,6,#cb0000,0x4c00,#ce0000
18,66,6,84,7,#dc0000,0x4d00,#de0000
18,68,1,79,2,#870000,0x0800,#840000
18,68,2,80,3,#980000,0x0900,#940000
18,68,3,84,7,#dc0000,0x4d00,#de0000
18,69,1,90,13,#cb0000,0x4c00,#ce0000
18,70,1,85,8,#ed0000,0x4e00,#ef0000
18,70,2,86,9,#fe0000,0x4f00,#ff0000
18,70,3,87,10,#fe0000,0x4f00,#ff0000
18,70,4,88,11,#ed0000,0x4e00,#ef0000
18,70,5,89,12,#dc0000,0x4d00,#de0000
18,70,6,95,18,#760000,0x0700,#730000
18,70,7,96,19,#650000,0x0600,#630000
18,74,1,84,7,#dc0000,0x4d00,#de0000
18,74,2,85,8,#ed0000,0x4e00,#ef0000
18,74,3,86,9,#fe0000,0x4f00,#ff0000
18,74,4,87,10,#fe0000,0x4f00,#ff0000
18,74,5,88,11,#ed0000,0x4e00,#ef0000
18,74,6,89,12,#dc0000,0x4d00,#de0000
18,76,1,77,0,#650000,0x0600,#630000
18,76,2,78,1,#760000,0x0700,#730000
18,76,3,79,2,#870000,0x0800,#840000
18,79,1,84,7,#dc0000,0x4d00,#de0000
18,79,2,85,8,#ed0000,0x4e00,#ef0000
18,79,3,86,9,#fe0000,0x4f00,#ff0000
18,79,4,87,10,#fe0000,0x4f00,#ff0000
19,34,1,77,0,#760000,0x0700,#730000
19,34,2,78,1,#870000,0x0800,#840000
19,34,3,79,2,#980000,0x0900,#940000
19,35,1,78,1,#870000,0x0800,#840000
19,35,2,79,2,#980000,0x0900,#940000
19,36,1,84,7,#ed0000,0x4e00,#ef0000
19,36,2,85,8,#fe0000,0x4f00,#ff0000
19,36,3,86,9,#fe0000,0x4f00,#ff0000
19,36,4,87,10,#ed0000,0x4e00,#ef0000
19,37,1,84,7,#ed0000,0x4e00,#ef0000
19,37,2,85,8,#fe0000,0x4f00,#ff0000
19,37,3,86,9,#fe0000,0x4f00,#ff0000
19,37,4,87,10,#ed0000,0x4e00,#ef0000
19,37,5,88,11,#dc0000,0x4d00,#de0000
19,38,1,79,2,#980000,0x0900,#940000
19,38,2,80,3,#a90000,0x4a00,#ad0000
19,38,3,81,4,#ba0000,0x4b00,#bd0000
19,38,4,82,5,#cb0000,0x4c00,#ce0000
19,38,5,83,6,#dc0000,0x4d00,#de0000
19,38,6,84,7,#ed0000,0x4e00,#ef0000
19,49,1,79,2,#980000,0x0900,#940000
19,49,2,80,3,#a90000,0x4a00,#ad0000
19,49,3,81,4,#ba0000,0x4b00,#bd0000
19,49,4,82,5,#cb0000,0x4c00,#ce0000
19,49,5,83,6,#dc0000,0x4d00,#de0000
19,49,6,84,7,#ed0000,0x4e00,#ef0000
19,50,1,90,13,#ba0000,0x4b00,#bd0000
19,50,2,94,17,#760000,0x0700,#730000
19,50,3,95,18,#650000,0x0600,#630000
19,56,1,77,0,#760000,0x0700,#730000
19,56,2,78,1,#870000,0x0800,#840000
19,56,3,79,2,#980000,0x0900,#940000
19,59,1,77,0,#760000,0x0700,#730000
19,59,2,78,1,#870000,0x0800,#840000
19,59,3,79,2,#980000,0x0900,#940000
19,60,1,83,6,#dc0000,0x4d00,#de0000
19,60,2,84,7,#ed0000,0x4e00,#ef0000
19,62,1,79,2,#980000,0x0900,#940000
19,62,2,80,3,#a90000,0x4a00,#ad0000
19,62,3,81,4,#ba0000,0x4b00,#bd0000
19,62,4,82,5,#cb0000,0x4c00,#ce0000
19,62,5,83,6,#dc0000,0x4d00,#de0000
19,62,6,84,7,#ed0000,0x4e00,#ef0000
19,63,1,84,7,#ed0000,0x4e00,#ef0000
19,63,2,85,8,#fe0000,0x4f00,#ff0000
19,63,3,86,9,#fe0000,0x4f00,#ff0000
19,63,4,87,10,#ed0000,0x4e00,#ef0000
19,63,5,90,13,#ba0000,0x4b00,#bd0000
19,63,6,91,14,#a90000,0x4a00,#ad0000
19,64,1,84,7,#ed0000,0x4e00,#ef0000
19,64,2,85,8,#fe0000,0x4f00,#ff0000
19,64,3,86,9,#fe0000,0x4f00,#ff0000
19,64,4,87,10,#ed0000,0x4e00,#ef0000
19,64,5,88,11,#dc0000,0x4d00,#de0000
19,64,6,89,12,#cb0000,0x4c00,#ce0000
19,65,1,90,13,#ba0000,0x4b00,#bd0000
19,65,2,91,14,#a90000,0x4a00,#ad0000
19,65,3,92,15,#980000,0x0900,#940000
19,65,4,93,16,#870000,0x0800,#840000
19,65,5,94,17,#760000,0x0700,#730000
19,65,6,95,18,#650000,0x0600,#630000
19,66,1,79,2,#980000,0x0900,#940000
19,66,2,80,3,#a90000,0x4a00,#ad0000
19,66,3,81,4,#ba0000,0x4b00,#bd0000
19,66,4,82,5,#cb0000,0x4c00,#ce0000
19,66,5,83,6,#dc0000,0x4d00,#de0000
19,66,6,84,7,#ed0000,0x4e00,#ef0000
19,68,1,79,2,#980000,0x0900,#940000
19,68,2,80,3,#a90000,0x4a00,#ad0000
19,68,3,84,7,#ed0000,0x4e00,#ef0000
19,69,1,90,13,#ba0000,0x4b00,#bd0000
19,70,1,85,8,#fe0000,0x4f00,#ff0000
19,70,2,86,9,#fe0000,0x4f00,#ff0000
19,70,3,87,10,#ed0000,0x4e00,#ef0000
19,70,4,88,11,#dc0000,0x4d00,#de0000
19,70,5,89,12,#cb0000,0x4c00,#ce0000
19,70,6,95,18,#650000,0x0600,#630000
19,70,7,96,19,#540000,0x0500,#520000
19,74,1,84,7,#ed0000,0x4e00,#ef0000
19,74,2,85,8,#fe0000,0x4f00,#ff0000
19,74,3,86,9,#fe0000,0x4f00,#ff0000
19,74,4,87,10,#ed0000,0x4e00,#ef0000
19,74,5,88,11,#dc0000,0x4d00,#de0000
19,74,6,89,12,#cb0000,0x4c00,#ce0000
19,76,1,77,0,#760000,0x0700,#730000
19,76,2,78,1,#870000,0x0800,#840000
19,76,3,79,2,#980000,0x0900,#940000
19,79,1,84,7,#ed0000,0x4e00,#ef0000
19,79,2,85,8,#fe0000,0x4f00,#ff0000
19,79,3,86,9,#fe0000,0x4f00,#ff0000
19,79,4,87,10,#ed0000,0x4e00,#ef0000
20,34,1,77,0,#870000,0x0800,#840000
20,34,2,78,1,#980000,0x0900,#940000
20,34,3,79,2,#a90000,0x4a00,#ad0000
20,35,1,78,1,#980000,0x0900,#940000
20,35,2,79,2,#a90000,0x4a00,#ad0000
20,36,1,84,7,#fe0000,0x4f00,#ff0000
20,36,2,85,8,#fe0000,0x4f00,#ff0000
20,36,3,86,9,#ed0000,0x4e00,#ef0000
20,36,4,87,10,#dc0000,0x4d00,#de0000
20,37,1,84,7,#fe0000,0x4f00,#ff0000
20,37,2,85,8,#fe0000,0x4f00,#ff0000
20,37,3,86,9,#ed0000,0x4e00,#ef0000
20,37,4,87,10,#dc0000,0x4d00,#de0000
20,37,5,88,11,#cb0000,0x4c00,#ce0000
20,38,1,79,2,#a90000,0x4a00,#ad0000
20,38,2,80,3,#ba0000,0x4b00,#bd0000
20,38,3,81,4,#cb0000,0x4c00,#ce0000
20,38,4,82,5,#dc0000,0x4d00,#de0000
20,38,5,83,6,#ed0000,0x4e00,#ef0000
20,38,6,84,7,#fe0000,0x4f00,#ff0000
20,49,1,79,2,#a90000,0x4a00,#ad0000
20,49,2,80,3,#ba0000,0x4b00,#bd0000
20,49,3,81,4,#cb0000,0x4c00,#ce0000
20,49,4,82,5,#dc0000,0x4d00,#de0000
20,49,5,83,6,#ed0000,0x4e00,#ef0000
20,49,6,84,7,#fe0000,0x4f00,#ff0000
20,50,1,90,13,#a90000,0x4a00,#ad0000
20,50,2,94,17,#650000,0x0600,#630000
20,50,3,95,18,#540000,0x0500,#520000
20,56,1,77,0,#870000,0x0800,#840000
20,56,2,78,1,#980000,0x0900,#940000
20,56,3,79,2,#a90000,0x4a00,#ad0000
20,59,1,77,0,#870000,0x0800,#840000
20,59,2,78,1,#980000,0x0900,#940000
20,59,3,79,2,#a90000,0x4a00,#ad0000
20,60,1,83,6,#ed0000,0x4e00,#ef0000
20,60,2,84,7,#fe0000,0x4f00,#ff0000
20,62,1,79,2,#a90000,0x4a00,#ad0000
20,62,2,80,3,#ba0000,0x4b00,#bd0000
20,62,3,81,4,#cb0000,0x4c00,#ce0000
20,62,4,82,5,#dc0000,0x4d00,#de0000
20,62,5,83,6,#ed0000,0x4e00,#ef0000
20,62,6,84,7,#fe0000,0x4f00,#ff0000
20,63,1,84,7,#fe0000,0x4f00,#ff0000
20,63,2,85,8,#fe0000,0x4f00,#ff0000
20,63,3,86,9,#ed0000,0x4e00,#ef0000
20,63,4,87,10,#dc0000,0x4d00,#de0000
20,63,5,90,13,#a90000,0x4a00,#ad0000
20,63,6,91,14,#980000,0x0900,#940000
20,64,1,84,7,#fe0000,0x4f00,#ff0000
20,64,2,85,8,#fe0000,0x4f00,#ff0000
20,64,3,86,9,#ed0000,0x4e00,#ef0000
20,64,4,87,10,#dc0000,0x4d00,#de0000
20,64,5,88,11,#cb0000,0x4c00,#ce0000
20,64,6,89,12,#ba0000,0x4b00,#bd0000
20,65,1,90,13,#a90000,0x4a00,#ad0000
20,65,2,91,14,#980000,0x0900,#940000
20,65,3,92,15,#870000,0x0800,#840000
20,65,4,93,16,#760000,0x0700,#730000
20,65,5,94,17,#650000,0x0600,#630000
20,65,6,95,18,#540000,0x0500,#520000
20,66,1,79,2,#a90000,0x4a00,#ad0000
20,66,2,80,3,#ba0000,0x4b00,#bd0000
20,66,3,81,4,#cb0000,0x4c00,#ce0000
20,66,4,82,5,#dc0000,0x4d00,#de0000
20,66,5,83,6,#ed0000,0x4e00,#ef0000
20,66,6,84,7,#fe0000,0x4f00,#ff0000
20,68,1,79,2,#a90000,0x4a00,#ad0000
20,68,2,80,3,#ba0000,0x4b00,#bd0000
20,68,3,84,7,#fe0000,0x4f00,#ff0000
20,69,1,90,13,#a90000,0x4a00,#ad0000
20,70,1,85,8,#fe0000,0x4f00,#ff0000
20,70,2,86,9,#ed0000,0x4e00,#ef0000
20,70,3,87,10,#dc0000,0x4d00,#de0000
20,70,4,88,11,#cb0000,0x4c00,#ce0000
20,70,5,89,12,#ba0000,0x4b00,#bd0000
20,70,6,95,18,#540000,0x0500,#520000
20,70,7,96,19,#430000,0x0400,#420000
20,74,1,84,7,#fe0000,0x4f00,#ff0000
20,74,2,85,8,#fe0000,0x4f00,#ff0000
20,74,3,86,9,#ed0000,0x4e00,#ef0000
20,74,4,87,10,#dc0000,0x4d00,#de0000
20,74,5,88,11,#cb0000,0x4c00,#ce0000
20,74,6,89,12,#ba0000,0x4b00,#bd0000
20,76,1,77,0,#870000,0x0800,#840000
20,76,2,78,1,#980000,0x0900,#940000
20,76,3,79,2,#a90000,0x4a00,#ad0000
20,79,1,84,7,#fe0000,0x4f00,#ff0000
20,79,2,85,8,#fe0000,0x4f00,#ff0000
20,79,3,86,9,#ed0000,0x4e00,#ef0000
20,79,4,87,10,#dc0000,0x4d00,#de0000
21,34,1,77,0,#980000,0x0900,#940000
21,34,2,78,1,#a90000,0x4a00,#ad0000
21,34,3,79,2,#ba0000,0x4b00,#bd0000
21,35,1,78,1,#a90000,0x4a00,#ad0000
21,35,2,79,2,#ba0000,0x4b00,#bd0000
21,36,1,84,7,#fe0000,0x4f00,#ff0000
21,36,2,85,8,#ed0000,0x4e00,#ef0000
21,36,3,86,9,#dc0000,0x4d00,#de0000
21,36,4,87,10,#cb0000,0x4c00,#ce0000
21,37,1,84,7,#fe0000,0x4f00,#ff0000
21,37,2,85,8,#ed0000,0x4e00,#ef0000
21,37,3,86,9,#dc0000,0x4d00,#de0000
21,37,4,87,10,#cb0000,0x4c00,#ce0000
21,37,5,88,11,#ba0000,0x4b00,#bd0000
21,38,1,79,2,#ba0000,0x4b00,#bd0000
21,38,2,80,3,#cb0000,0x4c00,#ce0000
21,38,3,81,4,#dc0000,0x4d00,#de0000
21,38,4,82,5,#ed0000,0x4e00,#ef0000
21,38,5,83,6,#fe0000,0x4f00,#ff0000
21,38,6,84,7,#fe0000,0x4f00,#ff0000
21,49,1,79,2,#ba0000,0x4b00,#bd0000
21,49,2,80,3,#cb0000,0x4c00,#ce0000
21,49,3,81,4,#dc0000,0x4d00,#de0000
21,49,4,82,5,#ed0000,0x4e00,#ef0000
21,49,5,83,6,#fe0000,0x4f00,#ff0000
21,49,6,84,7,#fe0000,0x4f00,#ff0000
21,50,1,90,13,#980000,0x0900,#940000
21,50,2,94,17,#540000,0x0500,#520000
21,50,3,95,18,#430000,0x0400,#420000
21,56,1,77,0,#980000,0x0900,#940000
21,56,2,78,1,#a90000,0x4a00,#ad0000
21,56,3,79,2,#ba0000,0x4b00,#bd0000
21,59,1,77,0,#980000,0x0900,#940000
21,59,2,78,1,#a90000,0x4a00,#ad0000
21,59,3,79,2,#ba0000,0x4b00,#bd0000
21,60,1,83,6,#fe0000,0x4f00,#ff0000
21,60,2,84,7,#fe0000,0x4f00,#ff0000
21,62,1,79,2,#ba0000,0x4b00,#bd0000
21,62,2,80,3,#cb0000,0x4c00,#ce0000
21,62,3,81,4,#dc0000,0x4d00,#de0000
21,62,4,82,5,#ed0000,0x4e00,#ef0000
21,62,5,83,6,#fe0000,0x4f00,#ff0000
21,62,6,84,7,#fe0000,0x4f00,#ff0000
21,63,1,84,7,#fe0000,0x4f00,#ff0000
21,63,2,85,8,#ed0000,0x4e00,#ef0000
21,63,3,86,9,#dc0000,0x4d00,#de0000
21,63,4,87,10,#cb0000,0x4c00,#ce0000
21,63,5,90,13,#980000,0x0900,#940000
21,63,6,91,14,#870000,0x0800,#840000
21,64,1,84,7,#fe0000,0x4f00,#ff0000
21,64,2,85,8,#ed0000,0x4e00,#ef0000
21,64,3,86,9,#dc0000,0x4d00,#de0000
21,64,4,87,10,#cb0000,0x4c00,#ce0000
21,64,5,88,11,#ba0000,0x4b00,#bd0000
21,64,6,89,12,#a90000,0x4a00,#ad0000
21,65,1,90,13,#980000,0x0900,#940000
21,65,2,91,14,#870000,0x0800,#840000
21,65,3,92,15,#760000,0x0700,#730000
21,65,4,93,16,#650000,0x0600,#630000
21,65,5,94,17,#540000,0x0500,#520000
21,65,6,95,18,#430000,0x0400,#420000
21,66,1,79,2,#ba0000,0x4b00,#bd0000
21,66,2,80,3,#cb0000,0x4c00,#ce0000
21,66,3,81,4,#dc0000,0x4d00,#de0000
21,66,4,82,5,#ed0000,0x4e00,#ef0000
21,66,5,83,6,#fe0000,0x4f00,#ff0000
21,66,6,84,7,#fe0000,0x4f00,#ff0000
21,68,1,79,2,#ba0000,0x4b00,#bd0000
21,68,2,80,3,#cb0000,0x4c00,#ce0000
21,68,3,84,7,#fe0000,0x4f00,#ff0000
21,69,1,90,13,#980000,0x0900,#940000
21,70,1,85,8,#ed0000,0x4e00,#ef0000
21,70,2,86,9,#dc0000,0x4d00,#de0000
21,70,3,87,10,#cb0000,0x4c00,#ce0000
21,70,4,88,11,#ba0000,0x4b00,#bd0000
21,70,5,89,12,#a90000,0x4a00,#ad0000
21,70,6,95,18,#430000,0x0400,#420000
21,70,7,96,19,#320000,0x0300,#310000
21,74,1,84,7,#fe0000,0x4f00,#ff0000
21,74,2,85,8,#ed0000,0x4e00,#ef0000
21,74,3,86,9,#dc0000,0x4d00,#de0000
21,74,4,87,10,#cb0000,0x4c00,#ce0000
21,74,5,88,11,#ba0000,0x4b00,#bd0000
21,74,6,89,12,#a90000,0x4a00,#ad0000
21,76,1,77,0,#980000,0x0900,#940000
21,76,2,78,1,#a90000,0x4a00,#ad0000
21,76,3,79,2,#ba0000,0x4b00,#bd0000
21,79,1,84,7,#fe0000,0x4f00,#ff0000
21,79,2,85,8,#ed0000,0x4e00,#ef0000
21,79,3,86,9,#dc0000,0x4d00,#de0000
21,79,4,87,10,#cb0000,0x4c00,#ce0000
22,34,1,77,0,#a90000,0x4a00,#ad0000
22,34,2,78,1,#ba0000,0x4b00,#bd0000
22,34,3,79,2,#cb0000,0x4c00,#ce0000
22,35,1,78,1,#ba0000,0x4b00,#bd0000
22,35,2,79,2,#cb0000,0x4c00,#ce0000
22,36,1,84,7,#ed0000,0x4e00,#ef0000
22,36,2,85,8,#dc0000,0x4d00,#de0000
22,36,3,86,9,#cb0000,0x4c00,#ce0000
22,36,4,87,10,#ba0000,0x4b00,#bd0000
22,37,1,84,7,#ed0000,0x4e00,#ef0000
22,37,2,85,8,#dc0000,0x4d00,#de0000
22,37,3,86,9,#cb0000,0x4c00,#ce0000
22,37,4,87,10,#ba0000,0x4b00,#bd0000
22,37,5,88,11,#a90000,0x4a00,#ad0000
22,38,1,79,2,#cb0000,0x4c00,#ce0000
22,38,2,80,3,#dc0000,0x4d00,#de0000
22,38,3,81,4,#ed0000,0x4e00,#ef0000
22,38,4,82,5,#fe0000,0x4f00,#ff0000
22,38,5,83,6,#fe0000,0x4f00,#ff0000
22,38,6,84,7,#ed0000,0x4e00,#ef0000
22,49,1,79,2,#cb0000,0x4c00,#ce0000
22,49,2,80,3,#dc0000,0x4d00,#de0000
22,49,3,81,4,#ed0000,0x4e00,#ef0000
22,49,4,82,5,#fe0000,0x4f00,#ff0000
22,49,5,83,6,#fe0000,0x4f00,#ff0000
22,49,6,84,7,#ed0000,0x4e00,#ef0000
22,50,1,90,13,#870000,0x0800,#840000
22,50,2,94,17,#430000,0x0400,#420000
22,50,3,95,18,#320000,0x0300,#310000
22,56,1,77,0,#a90000,0x4a00,#ad0000
22,56,2,78,1,#ba0000,0x4b00,#bd0000
22,56,3,79,2,#cb0000,0x4c00,#ce0000
22,59,1,77,0,#a90000,0x4a00,#ad0000
22,59,2,78,1,#ba0000,0x4b00,#bd0000
22,59,3,79,2,#cb0000,0x4c00,#ce0000
22,60,1,83,6,#fe0000,0x4f00,#ff0000
22,60,2,84,7,#ed0000,0x4e00,#ef0000
22,62,1,79,2,#cb0000,0x4c00,#ce0000
22,62,2,80,3,#dc0000,0x4d00,#de0000
22,62,3,81,4,#ed0000,0x4e00,#ef0000
22,62,4,82,5,#fe0000,0x4f00,#ff0000
22,62,5,83,6,#fe0000,0x4f00,#ff0000
22,62,6,84,7,#ed0000,0x4e00,#ef0000
22,63,1,84,7,#ed0000,0x4e00,#ef0000
22,63,2,85,8,#dc0000,0x4d00,#de0000
22,63,3,86,9,#cb0000,0x4c00,#ce0000
22,63,4,87,10,#ba0000,0x4b00,#bd0000
22,63,5,90,13,#870000,0x0800,#840000
22,63,6,91,14,#760000,0x0700,#730000
22,64,1,84,7,#ed0000,0x4e00,#ef0000
22,64,2,85,8,#dc0000,0x4d00,#de0000
22,64,3,86,9,#cb0000,0x4c00,#ce0000
22,64,4,87,10,#ba0000,0x4b00,#bd0000
22,64,5,88,11,#a90000,0x4a00,#ad0000
22,64,6,89,12,#980000,0x0900,#940000
22,65,1,90,13,#870000,0x0800,#840000
22,65,2,91,14,#760000,0x0700,#730000
22,65,3,92,15,#650000,0x0600,#630000
22,65,4,93,16,#540000,0x0500,#520000
22,65,5,94,17,#430000,0x0400,#420000
22,65,6,95,18,#320000,0x0300,#310000
22,66,1,79,2,#cb0000,0x4c00,#ce0000
22,66,2,80,3,#dc0000,0x4d00,#de0000
22,66,3,81,4,#ed0000,0x4e00,#ef0000
22,66,4,82,5,#fe0000,0x4f00,#ff0000
22,66,5,83,6,#fe0000,0x4f00,#ff0000
22,66,6,84,7,#ed0000,0x4e00,#ef0000
22,68,1,79,2,#cb0000,0x4c00,#ce0000
22,68,2,80,3,#dc0000,0x4d00,#de0000
22,68,3,84,7,#ed0000,0x4e00,#ef0000
22,69,1,90,13,#870000,0x0800,#840000
22,70,1,85,8,#dc0000,0x4d00,#de0000
22,70,2,86,9,#cb0000,0x4c00,#ce0000
22,70,3,87,10,#ba0000,0x4b00,#bd0000
22,70,4,88,11,#a90000,0x4a00,#ad0000
22,70,5,89,12,#980000,0x0900,#940000
22,70,6,95,18,#320000,0x0300,#310000
22,70,7,96,19,#210000,0x0200,#210000
22,74,1,84,7,#ed0000,0x4e00,#ef0000
22,74,2,85,8,#dc0000,0x4d00,#de0000
22,74,3,86,9,#cb0000,0x4c00,#ce0000
22,74,4,87,10,#ba0000,0x4b00,#bd0000
22,74,5,88,11,#a90000,0x4a00,#ad0000
22,74,6,89,12,#980000,0x0900,#940000
22,76,1,77,0,#a90000,0x4a00,#ad0000
22,76,2,78,1,#ba0000,0x4b00,#bd0000
22,76,3,79,2,#cb0000,0x4c00,#ce0000
22,79,1,84,7,#ed0000,0x4e00,#ef0000
22,79,2,85,8,#dc0000,0x4d00,#de0000
22,79,3,86,9,#cb0000,0x4c00,#ce0000
22,79,4,87,10,#ba0000,0x4b00,#bd0000
23,34,1,77,0,#ba0000,0x4b00,#bd0000
23,34,2,78,1,#cb0000,0x4c00,#ce0000
23,34,3,79,2,#dc0000,0x4d00,#de0000
23,35,1,78,1,#cb0000,0x4c00,#ce0000
23,35,2,79,2,#dc0000,0x4d00,#de0000
23,36,1,84,7,#dc0000,0x4d00,#de0000
23,36,2,85,8,#cb0000,0x4c00,#ce0000
23,36,3,86,9,#ba0000,0x4b00,#bd0000
23,36,4,87,10,#a90000,0x4a00,#ad0000
23,37,1,84,7,#dc0000,0x4d00,#de0000
23,37,2,85,8,#cb0000,0x4c00,#ce0000
23,37,3,86,9,#ba0000,0x4b00,#bd0000
23,37,4,87,10,#a90000,0x4a00,#ad0000
23,37,5,88,11,#980000,0x0900,#940000
23,38,1,79,2,#dc0000,0x4d00,#de0000
23,38,2,80,3,#ed0000,0x4e00,#ef0000
23,38,3,81,4,#fe0000,0x4f00,#ff0000
23,38,4,82,5,#fe0000,0x4f00,#ff0000
23,38,5,83,6,#ed0000,0x4e00,#ef0000
23,38,6,84,7,#dc0000,0x4d00,#de0000
23,49,1,79,2,#dc0000,0x4d00,#de0000
23,49,2,80,3,#ed0000,0x4e00,#ef0000
23,49,3,81,4,#fe0000,0x4f00,#ff0000
23,49,4,82,5,#fe0000,0x4f00,#ff0000
23,49,5,83,6,#ed0000,0x4e00,#ef0000
23,49,6,84,7,#dc0000,0x4d00,#de0000
23,50,1,90,13,#760000,0x0700,#730000
23,50,2,94,17,#320000,0x0300,#310000
23,50,3,95,18,#210000,0x0200,#210000
23,56,1,77,0,#ba0000,0x4b00,#bd0000
23,56,2,78,1,#cb0000,0x4c00,#ce0000
23,56,3,79,2,#dc0000,0x4d00,#de0000
23,59,1,77,0,#ba0000,0x4b00,#bd0000
23,59,2,78,1,#cb0000,0x4c00,#ce0000
23,59,3,79,2,#dc0000,0x4d00,#de0000
23,60,1,83,6,#ed0000,0x4e00,#ef0000
23,60,2,84,7,#dc0000,0x4d00,#de0000
23,62,1,79,2,#dc0000,0x4d00,#de0000
23,62,2,80,3,#ed0000,0x4e00,#ef0000
23,62,3,81,4,#fe0000,0x4f00,#ff0000
23,62,4,82,5,#fe0000,0x4f00,#ff0000
23,62,5,83,6,#ed0000,0x4e00,#ef0000
23,62,6,84,7,#dc0000,0x4d00,#de0000
23,63,1,84,7,#dc0000,0x4d00,#de0000
23,63,2,85,8,#cb0000,0x4c00,#ce0000
23,63,3,86,9,#ba0000,0x4b00,#bd0000
23,63,4,87,10,#a90000,0x4a00,#ad0000
23,63,5,90,13,#760000,0x0700,#730000
23,63,6,91,14,#650000,0x0600,#630000
23,64,1,84,7,#dc0000,0x4d00,#de0000
23,64,2,85,8,#cb0000,0x4c00,#ce0000
23,64,3,86,9,#ba0000,0x4b00,#bd0000
23,64,4,87,10,#a90000,0x4a00,#ad0000
23,64,5,88,11,#980000,0x0900,#940000
23,64,6,89,12,#870000,0x0800,#840000
23,65,1,90,13,#760000,0x0700,#730000
23,65,2,91,14,#650000,0x0600,#630000
23,65,3,92,15,#540000,0x0500,#520000
23,65,4,93,16,#430000,0x0400,#420000
23,65,5,94,17,#320000,0x0300,#310000
23,65,6,95,18,#210000,0x0200,#210000
23,66,1,79,2,#dc0000,0x4d00,#de0000
23,66,2,80,3,#ed0000,0x4e00,#ef0000
23,66,3,81,4,#fe0000,0x4f00,#ff0000
23,66,4,82,5,#fe0000,0x4f00,#ff0000
23,66,5,83,6,#ed0000,0x4e00,#ef0000
23,66,6,84,7,#dc0000,0x4d00,#de0000
23,68,1,79,2,#dc0000,0x4d00,#de0000
23,68,2,80,3,#ed0000,0x4e00,#ef0000
23,68,3,84,7,#dc0000,0x4d00,#de0000
23,69,1,90,13,#760000,0x0700,#730000
23,70,1,85,8,#cb0000,0x4c00,#ce0000
23,70,2,86,9,#ba0000,0x4b00,#bd0000
23,70,3,87,10,#a90000,0x4a00,#ad0000
23,70,4,88,11,#980000,0x0900,#940000
23,70,5,89,12,#870000,0x0800,#840000
23,70,6,95,18,#210000,0x0200,#210000
23,70,7,96,19,#170017,0x5101,#190019
23,74,1,84,7,#dc0000,0x4d00,#de0000
23,74,2,85,8,#cb0000,0x4c00,#ce0000
23,74,3,86,9,#ba0000,0x4b00,#bd0000
23,74,4,87,10,#a90000,0x4a00,#ad0000
23,74,5,88,11,#980000,0x0900,#940000
23,74,6,89,12,#870000,0x0800,#840000
23,76,1,77,0,#ba0000,0x4b00,#bd0000
23,76,2,78,1,#cb0000,0x4c00,#ce0000
23,76,3,79,2,#dc0000,0x4d00,#de0000
23,79,1,84,7,#dc0000,0x4d00,#de0000
23,79,2,85,8,#cb0000,0x4c00,#ce0000
23,79,3,86,9,#ba0000,0x4b00,#bd0000
23,79,4,87,10,#a90000,0x4a00,#ad0000
24,34,1,77,0,#cb0000,0x4c00,#ce0000
24,34,2,78,1,#dc0000,0x4d00,#de0000
24,34,3,79,2,#ed0000,0x4e00,#ef0000
24,35,1,78,1,#dc0000,0x4d00,#de0000
24,35,2,79,2,#ed0000,0x4e00,#ef0000
24,36,1,84,7,#cb0000,0x4c00,#ce0000
24,36,2,85,8,#ba0000,0x4b00,#bd0000
24,36,3,86,9,#a90000,0x4a00,#ad0000
24,36,4,87,10,#980000,0x0900,#940000
24,37,1,84,7,#cb0000,0x4c00,#ce0000
24,37,2,85,8,#ba0000,0x4b00,#bd0000
24,37,3,86,9,#a90000,0x4a00,#ad0000
24,37,4,87,10,#980000,0x0900,#940000
24,37,5,88,11,#870000,0x0800,#840000
24,38,1,79,2,#ed0000,0x4e00,#ef0000
24,38,2,80,3,#fe0000,0x4f00,#ff0000
24,38,3,81,4,#fe0000,0x4f00,#ff0000
24,38,4,82,5,#ed0000,0x4e00,#ef0000
24,38,5,83,6,#dc0000,0x4d00,#de0000
24,38,6,84,7,#cb0000,0x4c00,#ce0000
24,49,1,79,2,#ed0000,0x4e00,#ef0000
24,49,2,80,3,#fe0000,0x4f00,#ff0000
24,49,3,81,4,#fe0000,0x4f00,#ff0000
24,49,4,82,5,#ed0000,0x4e00,#ef0000
24,49,5,83,6,#dc0000,0x4d00,#de0000
24,49,6,84,7,#cb0000,0x4c00,#ce0000
24,50,1,90,13,#650000,0x0600,#630000
24,50,2,94,17,#210000,0x0200,#210000
24,50,3,95,18,#170017,0x5101,#190019
24,56,1,77,0,#cb0000,0x4c00,#ce0000
24,56,2,78,1,#dc0000,0x4d00,#de0000
24,56,3,79,2,#ed0000,0x4e00,#ef0000
24,59,1,77,0,#cb0000,0x4c00,#ce0000
24,59,2,78,1,#dc0000,0x4d00,#de0000
24,59,3,79,2,#ed0000,0x4e00,#ef0000
24,60,1,83,6,#dc0000,0x4d00,#de0000
24,60,2,84,7,#cb0000,0x4c00,#ce0000
24,62,1,79,2,#ed0000,0x4e00,#ef0000
24,62,2,80,3,#fe0000,0x4f00,#ff0000
24,62,3,81,4,#fe0000,0x4f00,#ff0000
24,62,4,82,5,#ed0000,0x4e00,#ef0000
24,62,5,83,6,#dc0000,0x4d00,#de0000
24,62,6,84,7,#cb0000,0x4c00,#ce0000
24,63,1,84,7,#cb0000,0x4c00,#ce0000
24,63,2,85,8,#ba0000,0x4b00,#bd0000
24,63,3,86,9,#a90000,0x4a00,#ad0000
24,63,4,87,10,#980000,0x0900,#940000
24,63,5,90,13,#650000,0x0600,#630000
24,63,6,91,14,#540000,0x0500,#520000
24,64,1,84,7,#cb0000,0x4c00,#ce0000
24,64,2,85,8,#ba0000,0x4b00,#bd0000
24,64,3,86,9,#a90000,0x4a00,#ad0000
24,64,4,87,10,#980000,0x0900,#940000
24,64,5,88,11,#870000,0x0800,#840000
24,64,6,89,12,#760000,0x0700,#730000
24,65,1,90,13,#650000,0x0600,#630000
24,65,2,91,14,#540000,0x0500,#520000
24,65,3,92,15,#430000,0x0400,#420000
24,65,4,93,16,#320000,0x0300,#310000
24,65,5,94,17,#210000,0x0200,#210000
24,65,6,95,18,#170017,0x5101,#190019
24,66,1,79,2,#ed0000,0x4e00,#ef0000
24,66,2,80,3,#fe0000,0x4f00,#ff0000
24,66,3,81,4,#fe0000,0x4f00,#ff0000
24,66,4,82,5,#ed0000,0x4e00,#ef0000
24,66,5,83,6,#dc0000,0x4d00,#de0000
24,66,6,84,7,#cb0000,0x4c00,#ce0000
24,68,1,79,2,#ed0000,0x4e00,#ef0000
24,68,2,80,3,#fe0000,0x4f00,#ff0000
24,68,3,84,7,#cb0000,0x4c00,#ce0000
24,69,1,90,13,#650000,0x0600,#630000
24,70,1,85,8,#ba0000,0x4b00,#bd0000
24,70,2,86,9,#a90000,0x4a00,#ad0000
24,70,3,87,10,#980000,0x0900,#940000
24,70,4,88,11,#870000,0x0800,#840000
24,70,5,89,12,#760000,0x0700,#730000
24,70,6,95,18,#170017,0x5101,#190019
24,70,7,96,19,#1f001f,0x0202,#210021
24,74,1,84,7,#cb0000,0x4c00,#ce0000
24,74,2,85,8,#ba0000,0x4b00,#bd0000
24,74,3,86,9,#a90000,0x4a00,#ad0000
24,74,4,87,10,#980000,0x0900,#940000
24,74,5,88,11,#870000,0x0800,#840000
24,74,6,89,12,#760000,0x0700,#730000
24,76,1,77,0,#cb0000,0x4c00,#ce0000
24,76,2,78,1,#dc0000,0x4d00,#de0000
24,76,3,79,2,#ed0000,0x4e00,#ef0000
24,79,1,84,7,#cb0000,0x4c00,#ce0000
24,79,2,85,8,#ba0000,0x4b00,#bd0000
24,79,3,86,9,#a90000,0x4a00,#ad0000
24,79,4,87,10,#980000,0x0900,#940000
25,34,1,77,0,#dc0000,0x4d00,#de0000
25,34,2,78,1,#ed0000,0x4e00,#ef0000
25,34,3,79,2,#fe0000,0x4f00,#ff0000
25,35,1,78,1,#ed0000,0x4e00,#ef0000
25,35,2,79,2,#fe0000,0x4f00,#ff0000
25,36,1,84,7,#ba0000,0x4b00,#bd0000
25,36,2,85,8,#a90000,0x4a00,#ad0000
25,36,3,86,9,#980000,0x0900,#940000
25,36,4,87,10,#870000,0x0800,#840000
25,37,1,84,7,#ba0000,0x4b00,#bd0000
25,37,2,85,8,#a90000,0x4a00,#ad0000
25,37,3,86,9,#980000,0x0900,#940000
25,37,4,87,10,#870000,0x0800,#840000
25,37,5,88,11,#760000,0x0700,#730000
25,38,1,79,2,#fe0000,0x4f00,#ff0000
25,38,2,80,3,#fe0000,0x4f00,#ff0000
25,38,3,81,4,#ed0000,0x4e00,#ef0000
25,38,4,82,5,#dc0000,0x4d00,#de0000
25,38,5,83,6,#cb0000,0x4c00,#ce0000
25,38,6,84,7,#ba0000,0x4b00,#bd0000
25,49,1,79,2,#fe0000,0x4f00,#ff0000
25,49,2,80,3,#fe0000,0x4f00,#ff0000
25,49,3,81,4,#ed0000,0x4e00,#ef0000
25,49,4,82,5,#dc0000,0x4d00,#de0000
25,49,5,83,6,#cb0000,0x4c00,#ce0000
25,49,6,84,7,#ba0000,0x4b00,#bd0000
25,50,1,90,13,#540000,0x0500,#520000
25,50,2,94,17,#170017,0x5101,#190019
25,50,3,95,18,#1f001f,0x0202,#210021
25,56,1,77,0,#dc0000,0x4d00,#de0000
25,56,2,78,1,#ed0000,0x4e00,#ef0000
25,56,3,79,2,#fe0000,0x4f00,#ff0000
25,59,1,77,0,#dc0000,0x4d00,#de0000
25,59,2,78,1,#ed0000,0x4e00,#ef0000
25,59,3,79,2,#fe0000,0x4f00,#ff0000
25,60,1,83,6,#cb0000,0x4c00,#ce0000
25,60,2,84,7,#ba0000,0x4b00,#bd0000
25,62,1,79,2,#fe0000,0x4f00,#ff0000
25,62,2,80,3,#fe0000,0x4f00,#ff0000
25,62,3,81,4,#ed0000,0x4e00,#ef0000
25,62,4,82,5,#dc0000,0x4d00,#de0000
25,62,5,83,6,#cb0000,0x4c00,#ce0000
25,62,6,84,7,#ba0000,0x4b00,#bd0000
25,63,1,84,7,#ba0000,0x4b00,#bd0000
25,63,2,85,8,#a90000,0x4a00,#ad0000
25,63,3,86,9,#980000,0x0900,#940000
25,63,4,87,10,#870000,0x0800,#840000
25,63,5,90,13,#540000,0x0500,#520000
25,63,6,91,14,#430000,0x0400,#420000
25,64,1,84,7,#ba0000,0x4b00,#bd0000
25,64,2,85,8,#a90000,0x4a00,#ad0000
25,64,3,86,9,#980000,0x0900,#940000
25,64,4,87,10,#870000,0x0800,#840000
25,64,5,88,11,#760000,0x0700,#730000
25,64,6,89,12,#650000,0x0600,#630000
25,65,1,90,13,#540000,0x0500,#520000
25,65,2,91,14,#430000,0x0400,#420000
25,65,3,92,15,#320000,0x0300,#310000
25,65,4,93,16,#210000,0x0200,#210000
25,65,5,94,17,#170017,0x5101,#190019
25,65,6,95,18,#1f001f,0x0202,#210021
25,66,1,79,2,#fe0000,0x4f00,#ff0000
25,66,2,80,3,#fe0000,0x4f00,#ff0000
25,66,3,81,4,#ed0000,0x4e00,#ef0000
25,66,4,82,5,#dc0000,0x4d00,#de0000
25,66,5,83,6,#cb0000,0x4c00,#ce0000
25,66,6,84,7,#ba0000,0x4b00,#bd0000
25,68,1,79,2,#fe0000,0x4f00,#ff0000
25,68,2,80,3,#fe0000,0x4f00,#ff0000
25,68,3,84,7,#ba0000,0x4b00,#bd0000
25,69,1,90,13,#540000,0x0500,#520000
25,70,1,85,8,#a90000,0x4a00,#ad0000
25,70,2,86,9,#980000,0x0900,#940000
25,70,3,87,10,#870000,0x0800,#840000
25,70,4,88,11,#760000,0x0700,#730000
25,70,5,89,12,#650000,0x0600,#630000
25,70,6,95,18,#1f001f,0x0202,#210021
25,70,7,96,19,#270027,0x5202,#290029
25,74,1,84,7,#ba0000,0x4b00,#bd0000
25,74,2,85,8,#a90000,0x4a00,#ad0000
25,74,3,86,9,#980000,0x0900,#940000
25,74,4,87,10,#870000,0x0800,#840000
25,74,5,88,11,#760000,0x0700,#730000
25,74,6,89,12,#650000,0x0600,#630000
25,76,1,77,0,#dc0000,0x4d00,#de0000
25,76,2,78,1,#ed0000,0x4e00,#ef0000
25,76,3,79,2,#fe0000,0x4f00,#ff0000
25,79,1,84,7,#ba0000,0x4b00,#bd0000
25,79,2,85,8,#a90000,0x4a00,#ad0000
25,79,3,86,9,#980000,0x0900,#940000
25,79,4,87,10,#870000,0x0800,#840000
26,34,1,77,0,#ed0000,0x4e00,#ef0000
26,34,2,78,1,#fe0000,0x4f00,#ff0000
26,34,3,79,2,#fe0000,0x4f00,#ff0000
26,35,1,78,1,#fe0000,0x4f00,#ff0000
26,35,2,79,2,#fe0000,0x4f00,#ff0000
26,36,1,84,7,#a90000,0x4a00,#ad0000
26,36,2,85,8,#980000,0x0900,#940000
26,36,3,86,9,#870000,0x0800,#840000
26,36,4,87,10,#760000,0x0700,#730000
26,37,1,84,7,#a90000,0x4a00,#ad0000
26,37,2,85,8,#980000,0x0900,#940000
26,37,3,86,9,#870000,0x0800,#840000
26,37,4,87,10,#760000,0x0700,#730000
26,37,5,88,11,#650000,0x0600,#630000
26,38,1,79,2,#fe0000,0x4f00,#ff0000
26,38,2,80,3,#ed0000,0x4e00,#ef0000
26,38,3,81,4,#dc0000,0x4d00,#de0000
26,38,4,82,5,#cb0000,0x4c00,#ce0000
26,38,5,83,6,#ba0000,0x4b00,#bd0000
26,38,6,84,7,#a90000,0x4a00,#ad0000
26,49,1,79,2,#fe0000,0x4f00,#ff0000
26,49,2,80,3,#ed0000,0x4e00,#ef0000
26,49,3,81,4,#dc0000,0x4d00,#de0000
26,49,4,82,5,#cb0000,0x4c00,#ce0000
26,49,5,83,6,#ba0000,0x4b00,#bd0000
26,49,6,84,7,#a90000,0x4a00,#ad0000
26,50,1,90,13,#430000,0x0400,#420000
26,50,2,94,17,#1f001f,0x0202,#210021
26,50,3,95,18,#270027,0x5202,#290029
26,56,1,77,0,#ed0000,0x4e00,#ef0000
26,56,2,78,1,#fe0000,0x4f00,#ff0000
26,56,3,79,2,#fe0000,0x4f00,#ff0000
26,59,1,77,0,#ed0000,0x4e00,#ef0000
26,59,2,78,1,#fe0000,0x4f00,#ff0000
26,59,3,79,2,#fe0000,0x4f00,#ff0000
26,60,1,83,6,#ba0000,0x4b00,#bd0000
26,60,2,84,7,#a90000,0x4a00,#ad0000
26,62,1,79,2,#fe0000,0x4f00,#ff0000
26,62,2,80,3,#ed0000,0x4e00,#ef0000
26,62,3,81,4,#dc0000,0x4d00,#de0000
26,62,4,82,5,#cb0000,0x4c00,#ce0000
26,62,5,83,6,#ba0000,0x4b00,#bd0000
26,62,6,84,7,#a90000,0x4a00,#ad0000
26,63,1,84,7,#a90000,0x4a00,#ad0000
26,63,2,85,8,#980000,0x0900,#940000
26,63,3,86,9,#870000,0x0800,#840000
26,63,4,87,10,#760000,0x0700,#730000
26,63,5,90,13,#430000,0x0400,#420000
26,63,6,91,14,#320000,0x0300,#310000
26,64,1,84,7,#a90000,0x4a00,#ad0000
26,64,2,85,8,#980000,0x0900,#940000
26,64,3,86,9,#870000,0x0800,#840000
26,64,4,87,10,#760000,0x0700,#730000
26,64,5,88,11,#650000,0x0600,#630000
26,64,6,89,12,#540000,0x0500,#520000
26,65,1,90,13,#430000,0x0400,#420000
26,65,2,91,14,#320000,0x0300,#310000
26,65,3,92,15,#210000,0x0200,#210000
26,65,4,93,16,#170017,0x5101,#190019
26,65,5,94,17,#1f001f,0x0202,#210021
26,65,6,95,18,#270027,0x5202,#290029
26,66,1,79,2,#fe0000,0x4f00,#ff0000
26,66,2,80,3,#ed0000,0x4e00,#ef0000
26,66,3,81,4,#dc0000,0x4d00,#de0000
26,66,4,82,5,#cb0000,0x4c00,#ce0000
26,66,5,83,6,#ba0000,0x4b00,#bd0000
26,66,6,84,7,#a90000,0x4a00,#ad0000
26,68,1,79,2,#fe0000,0x4f00,#ff0000
26,68,2,80,3,#ed0000,0x4e00,#ef0000
26,68,3,84,7,#a90000,0x4a00,#ad0000
26,69,1,90,13,#430000,0x0400,#420000
26,70,1,85,8,#980000,0x0900,#940000
26,70,2,86,9,#870000,0x0800,#840000
26,70,3,87,10,#760000,0x0700,#730000
26,70,4,88,11,#650000,0x0600,#630000
26,70,5,89,12,#540000,0x0500,#520000
26,70,6,95,18,#270027,0x5202,#290029
26,70,7,96,19,#2f002f,0x0303,#310031
26,74,1,84,7,#a90000,0x4a00,#ad0000
26,74,2,85,8,#980000,0x0900,#940000
26,74,3,86,9,#870000,0x0800,#840000
26,74,4,87,10,#760000,0x0700,#730000
26,74,5,88,11,#650000,0x0600,#630000
26,74,6,89,12,#540000,0x0500,#520000
26,76,1,77,0,#ed0000,0x4e00,#ef0000
26,76,2,78,1,#fe0000,0x4f00,#ff0000
26,76,3,79,2,#fe0000,0x4f00,#ff0000
26,79,1,84,7,#a90000,0x4a00,#ad0000
26,79,2,85,8,#980000,0x0900,#940000
26,79,3,86,9,#870000,0x0800,#840000
26,79,4,87,10,#760000,0x0700,#730000
27,34,1,77,0,#fe0000,0x4f00,#ff0000
27,34,2,78,1,#fe0000,0x4f00,#ff0000
27,34,3,79,2,#ed0000,0x4e00,#ef0000
27,35,1,78,1,#fe0000,0x4f00,#ff0000
27,35,2,79,2,#ed0000,0x4e00,#ef0000
27,36,1,84,7,#980000,0x0900,#940000
27,36,2,85,8,#870000,0x0800,#840000
27,36,3,86,9,#760000,0x0700,#730000
27,36,4,87,10,#650000,0x0600,#630000
27,37,1,84,7,#980000,0x0900,#940000
27,37,2,85,8,#870000,0x0800,#840000
27,37,3,86,9,#760000,0x0700,#730000
27,37,4,87,10,#650000,0x0600,#630000
27,37,5,88,11,#540000,0x0500,#520000
27,38,1,79,2,#ed0000,0x4e00,#ef0000
27,38,2,80,3,#dc0000,0x4d00,#de0000
27,38,3,81,4,#cb0000,0x4c00,#ce0000
27,38,4,82,5,#ba0000,0x4b00,#bd0000
27,38,5,83,6,#a90000,0x4a00,#ad0000
27,38,6,84,7,#980000,0x0900,#940000
27,49,1,79,2,#ed0000,0x4e00,#ef0000
27,49,2,80,3,#dc0000,0x4d00,#de0000
27,49,3,81,4,#cb0000,0x4c00,#ce0000
27,49,4,82,5,#ba0000,0x4b00,#bd0000
27,49,5,83,6,#a90000,0x4a00,#ad0000
27,49,6,84,7,#980000,0x0900,#940000
27,50,1,90,13,#320000,0x0300,#310000
27,50,2,94,17,#270027,0x5202,#290029
27,50,3,95,18,#2f002f,0x0303,#310031
27,56,1,77,0,#fe0000,0x4f00,#ff0000
27,56,2,78,1,#fe0000,0x4f00,#ff0000
27,56,3,79,2,#ed0000,0x4e00,#ef0000
27,59,1,77,0,#fe0000,0x4f00,#ff0000
27,59,2,78,1,#fe0000,0x4f00,#ff0000
27,59,3,79,2,#ed0000,0x4e00,#ef0000
27,60,1,83,6,#a90000,0x4a00,#ad0000
27,60,2,84,7,#980000,0x0900,#940000
27,62,1,79,2,#ed0000,0x4e00,#ef0000
27,62,2,80,3,#dc0000,0x4d00,#de0000
27,62,3,81,4,#cb0000,0x4c00,#ce0000
27,62,4,82,5,#ba0000,0x4b00,#bd0000
27,62,5,83,6,#a90000,0x4a00,#ad0000
27,62,6,84,7,#980000,0x0900,#940000
27,63,1,84,7,#980000,0x0900,#940000
27,63,2,85,8,#870000,0x0800,#840000
27,63,3,86,9,#760000,0x0700,#730000
27,63,4,87,10,#650000,0x0600,#630000
27,63,5,90,13,#320000,0x0300,#310000
27,63,6,91,14,#210000,0x0200,#210000
27,64,1,84,7,#980000,0x0900,#940000
27,64,2,85,8,#870000,0x0800,#840000
27,64,3,86,9,#760000,0x0700,#730000
27,64,4,87,10,#650000,0x0600,#630000
27,64,5,88,11,#540000,0x0500,#520000
27,64,6,89,12,#430000,0x0400,#420000
27,65,1,90,13,#320000,0x0300,#310000
27,65,2,91,14,#210000,0x0200,#210000
27,65,3,92,15,#170017,0x5101,#190019
27,65,4,93,16,#1f001f,0x0202,#210021
27,65,5,94,17,#270027,0x5202,#290029
27,65,6,95,18,#2f002f,0x0303,#310031
27,66,1,79,2,#ed0000,0x4e00,#ef0000
27,66,2,80,3,#dc0000,0x4d00,#de0000
27,66,3,81,4,#cb0000,0x4c00,#ce0000
27,66,4,82,5,#ba0000,0x4b00,#bd0000
27,66,5,83,6,#a90000,0x4a00,#ad0000
27,66,6,84,7,#980000,0x0900,#940000
27,68,1,79,2,#ed0000,0x4e00,#ef0000
27,68,2,80,3,#dc0000,0x4d00,#de0000
27,68,3,84,7,#980000,0x0900,#940000
27,69,1,90,13,#320000,0x0300,#310000
27,70,1,85,8,#870000,0x0800,#840000
27,70,2,86,9,#760000,0x0700,#730000
27,70,3,87,10,#650000,0x0600,#630000
27,70,4,88,11,#540000,0x0500,#520000
27,70,5,89,12,#430000,0x0400,#420000
27,70,6,95,18,#2f002f,0x0303,#310031
27,70,7,96,19,#370037,0x5303,#3a003a
27,74,1,84,7,#980000,0x0900,#940000
27,74,2,85,8,#870000,0x0800,#840000
27,74,3,86,9,#760000,0x0700,#730000
27,74,4,87,10,#650000,0x0600,#630000
27,74,5,88,11,#540000,0x0500,#520000
27,74,6,89,12,#430000,0x0400,#420000
27,76,1,77,0,#fe0000,0x4f00,#ff0000
27,76,2,78,1,#fe0000,0x4f00,#ff0000
27,76,3,79,2,#ed0000,0x4e00,#ef0000
27,79,1,84,7,#980000,0x0900,#940000
27,79,2,85,8,#870000,0x0800,#840000
27,79,3,86,9,#760000,0x0700,#730000
27,79,4,87,10,#650000,0x0600,#630000
28,34,1,77,0,#fe0000,0x4f00,#ff0000
28,34,2,78,1,#ed0000,0x4e00,#ef0000
28,34,3,79,2,#dc0000,0x4d00,#de0000
28,35,1,78,1,#ed0000,0x4e00,#ef0000
28,35,2,79,2,#dc0000,0x4d00,#de0000
28,36,1,84,7,#870000,0x0800,#840000
28,36,2,85,8,#760000,0x0700,#730000
28,36,3,86,9,#650000,0x0600,#630000
28,36,4,87,10,#540000,0x0500,#520000
28,37,1,84,7,#870000,0x0800,#840000
28,37,2,85,8,#760000,0x0700,#730000
28,37,3,86,9,#650000,0x0600,#630000
28,37,4,87,10,#540000,0x0500,#520000
28,37,5,88,11,#430000,0x0400,#420000
28,38,1,79,2,#dc0000,0x4d00,#de0000
28,38,2,80,3,#cb0000,0x4c00,#ce0000
28,38,3,81,4,#ba0000,0x4b00,#bd0000
28,38,4,82,5,#a90000,0x4a00,#ad0000
28,38,5,83,6,#980000,0x0900,#940000
28,38,6,84,7,#870000,0x0800,#840000
28,49,1,79,2,#dc0000,0x4d00,#de0000
28,49,2,80,3,#cb0000,0x4c00,#ce0000
28,49,3,81,4,#ba0000,0x4b00,#bd0000
28,49,4,82,5,#a90000,0x4a00,#ad0000
28,49,5,83,6,#980000,0x0900,#940000
28,49,6,84,7,#870000,0x0800,#840000
28,50,1,90,13,#210000,0x0200,#210000
28,50,2,94,17,#2f002f,0x0303,#310031
28,50,3,95,18,#370037,0x5303,#3a003a
28,56,1,77,0,#fe0000,0x4f00,#ff0000
28,56,2,78,1,#ed0000,0x4e00,#ef0000
28,56,3,79,2,#dc0000,0x4d00,#de0000
28,59,1,77,0,#fe0000,0x4f00,#ff0000
28,59,2,78,1,#ed0000,0x4e00,#ef0000
28,59,3,79,2,#dc0000,0x4d00,#de0000
28,60,1,83,6,#980000,0x0900,#940000
28,60,2,84,7,#870000,0x0800,#840000
28,62,1,79,2,#dc0000,0x4d00,#de0000
28,62,2,80,3,#cb0000,0x4c00,#ce0000
28,62,3,81,4,#ba0000,0x4b00,#bd0000
28,62,4,82,5,#a90000,0x4a00,#ad0000
28,62,5,83,6,#980000,0x0900,#940000
28,62,6,84,7,#870000,0x0800,#840000
28,63,1,84,7,#870000,0x0800,#840000
28,63,2,85,8,#760000,0x0700,#730000
28,63,3,86,9,#650000,0x0600,#630000
28,63,4,87,10,#540000,0x0500,#520000
28,63,5,90,13,#210000,0x0200,#210000
28,63,6,91,14,#170017,0x5101,#190019
28,64,1,84,7,#870000,0x0800,#840000
28,64,2,85,8,#760000,0x0700,#730000
28,64,3,86,9,#650000,0x0600,#630000
28,64,4,87,10,#540000,0x0500,#520000
28,64,5,88,11,#430000,0x0400,#420000
28,64,6,89,12,#320000,0x0300,#310000
28,65,1,90,13,#210000,0x0200,#210000
28,65,2,91,14,#170017,0x5101,#190019
28,65,3,92,15,#1f001f,0x0202,#210021
28,65,4,93,16,#270027,0x5202,#290029
28,65,5,94,17,#2f002f,0x0303,#310031
28,65,6,95,18,#370037,0x5303,#3a003a
28,66,1,79,2,#dc0000,0x4d00,#de0000
28,66,2,80,3,#cb0000,0x4c00,#ce0000
28,66,3,81,4,#ba0000,0x4b00,#bd0000
28,66,4,82,5,#a90000,0x4a00,#ad0000
28,66,5,83,6,#980000,0x0900,#940000
28,66,6,84,7,#870000,0x0800,#840000
28,68,1,79,2,#dc0000,0x4d00,#de0000
28,68,2,80,3,#cb0000,0x4c00,#ce0000
28,68,3,84,7,#870000,0x0800,#840000
28,69,1,90,13,#210000,0x0200,#210000
28,70,1,85,8,#760000,0x0700,#730000
28,70,2,86,9,#650000,0x0600,#630000
28,70,3,87,10,#540000,0x0500,#520000
28,70,4,88,11,#430000,0x0400,#420000
28,70,5,89,12,#320000,0x0300,#310000
28,70,6,95,18,#370037,0x5303,#3a003a
28,70,7,96,19,#3f003f,0x0404,#420042
28,74,1,84,7,#870000,0x0800,#840000
28,74,2,85,8,#760000,0x0700,#730000
28,74,3,86,9,#650000,0x0600,#630000
28,74,4,87,10,#540000,0x0500,#520000
28,74,5,88,11,#430000,0x0400,#420000
28,74,6,89,12,#320000,0x0300,#310000
28,76,1,77,0,#fe0000,0x4f00,#ff0000
28,76,2,78,1,#ed0000,0x4e00,#ef0000
28,76,3,79,2,#dc0000,0x4d00,#de0000
28,79,1,84,7,#870000,0x0800,#840000
28,79,2,85,8,#760000,0x0700,#730000
28,79,3,86,9,#650000,0x0600,#630000
28,79,4,87,10,#540000,0x0500,#520000
29,34,1,77,0,#ed0000,0x4e00,#ef0000
29,34,2,78,1,#dc0000,0x4d00,#de0000
29,34,3,79,2,#cb0000,0x4c00,#ce0000
29,35,1,78,1,#dc0000,0x4d00,#de0000
29,35,2,79,2,#cb0000,0x4c00,#ce0000
29,36,1,84,7,#760000,0x0700,#730000
29,36,2,85,8,#650000,0x0600,#630000
29,36,3,86,9,#540000,0x0500,#520000
29,36,4,87,10,#430000,0x0400,#420000
29,37,1,84,7,#760000,0x0700,#730000
29,37,2,85,8,#650000,0x0600,#630000
29,37,3,86,9,#540000,0x0500,#520000
29,37,4,87,10,#430000,0x0400,#420000
29,37,5,88,11,#320000,0x0300,#310000
29,38,1,79,2,#cb0000,0x4c00,#ce0000
29,38,2,80,3,#ba0000,0x4b00,#bd0000
29,38,3,81,4,#a90000,0x4a00,#ad0000
29,38,4,82,5,#980000,0x0900,#940000
29,38,5,83,6,#870000,0x0800,#840000
29,38,6,84,7,#760000,0x0700,#730000
29,49,1,79,2,#cb0000,0x4c00,#ce0000
29,49,2,80,3,#ba0000,0x4b00,#bd0000
29,49,3,81,4,#a90000,0x4a00,#ad0000
29,49,4,82,5,#980000,0x0900,#940000
29,49,5,83,6,#870000,0x0800,#840000
29,49,6,84,7,#760000,0x0700,#730000
29,50,1,90,13,#170017,0x5101,#190019
29,50,2,94,17,#370037,0x5303,#3a003a
29,50,3,95,18,#3f003f,0x0404,#420042
29,56,1,77,0,#ed0000,0x4e00,#ef0000
29,56,2,78,1,#dc0000,0x4d00,#de0000
29,56,3,79,2,#cb0000,0x4c00,#ce0000
29,59,1,77,0,#ed0000,0x4e00,#ef0000
29,59,2,78,1,#dc0000,0x4d00,#de0000
29,59,3,79,2,#cb0000,0x4c00,#ce0000
29,60,1,83,6,#870000,0x0800,#840000
29,60,2,84,7,#760000,0x0700,#730000
29,62,1,79,2,#cb0000,0x4c00,#ce0000
29,62,2,80,3,#ba0000,0x4b00,#bd0000
29,62,3,81,4,#a90000,0x4a00,#ad0000
29,62,4,82,5,#980000,0x0900,#940000
29,62,5,83,6,#870000,0x0800,#840000
29,62,6,84,7,#760000,0x0700,#730000
29,63,1,84,7,#760000,0x0700,#730000
29,63,2,85,8,#650000,0x0600,#630000
29,63,3,86,9,#540000,0x0500,#520000
29,63,4,87,10,#430000,0x0400,#420000
29,63,5,90,13,#170017,0x5101,#190019
29,63,6,91,14,#1f001f,0x0202,#210021
29,64,1,84,7,#760000,0x0700,#730000
29,64,2,85,8,#650000,0x0600,#630000
29,64,3,86,9,#540000,0x0500,#520000
29,64,4,87,10,#430000,0x0400,#420000
29,64,5,88,11,#320000,0x0300,#310000
29,64,6,89,12,#210000,0x0200,#210000
29,65,1,90,13,#170017,0x5101,#190019
29,65,2,91,14,#1f001f,0x0202,#210021
29,65,3,92,15,#270027,0x5202,#290029
29,65,4,93,16,#2f002f,0x0303,#310031
29,65,5,94,17,#370037,0x5303,#3a003a
29,65,6,95,18,#3f003f,0x0404,#420042
29,66,1,79,2,#cb0000,0x4c00,#ce0000
29,66,2,80,3,#ba0000,0x4b00,#bd0000
29,66,3,81,4,#a90000,0x4a00,#ad0000
29,66,4,82,5,#980000,0x0900,#940000
29,66,5,83,6,#870000,0x0800,#840000
29,66,6,84,7,#760000,0x0700,#730000
29,68,1,79,2,#cb0000,0x4c00,#ce0000
29,68,2,80,3,#ba0000,0x4b00,#bd0000
29,68,3,84,7,#760000,0x0700,#730000
29,69,1,90,13,#170017,0x5101,#190019
29,70,1,85,8,#650000,0x0600,#630000
29,70,2,86,9,#540000,0x0500,#520000
29,70,3,87,10,#430000,0x0400,#420000
29,70,4,88,11,#320000,0x0300,#310000
29,70,5,89,12,#210000,0x0200,#210000
29,70,6,95,18,#3f003f,0x0404,#420042
29,70,7,96,19,#470047,0x5404,#4a004a
29,74,1,84,7,#760000,0x0700,#730000
29,74,2,85,8,#650000,0x0600,#630000
29,74,3,86,9,#540000,0x0500,#520000
29,74,4,87,10,#430000,0x0400,#420000
29,74,5,88,11,#320000,0x0300,#310000
29,74,6,89,12,#210000,0x0200,#210000
29,76,1,77,0,#ed0000,0x4e00,#ef0000
29,76,2,78,1,#dc0000,0x4d00,#de0000
29,76,3,79,2,#cb0000,0x4c00,#ce0000
29,79,1,84,7,#760000,0x0700,#730000
29,79,2,85,8,#650000,0x0600,#630000
29,79,3,86,9,#540000,0x0500,#520000
29,79,4,87,10,#430000,0x0400,#420000
30,34,1,77,0,#dc0000,0x4d00,#de0000
30,34,2,78,1,#cb0000,0x4c00,#ce0000
30,34,3,79,2,#ba0000,0x4b00,#bd0000
30,35,1,78,1,#cb0000,0x4c00,#ce0000
30,35,2,79,2,#ba0000,0x4b00,#bd0000
30,36,1,84,7,#650000,0x0600,#630000
30,36,2,85,8,#540000,0x0500,#520000
30,36,3,86,9,#430000,0x0400,#420000
30,36,4,87,10,#320000,0x0300,#310000
30,37,1,84,7,#650000,0x0600,#630000
30,37,2,85,8,#540000,0x0500,#520000
30,37,3,86,9,#430000,0x0400,#420000
30,37,4,87,10,#320000,0x0300,#310000
30,37,5,88,11,#210000,0x0200,#210000
30,38,1,79,2,#ba0000,0x4b00,#bd0000
30,38,2,80,3,#a90000,0x4a00,#ad0000
30,38,3,81,4,#980000,0x0900,#940000
30,38,4,82,5,#870000,0x0800,#840000
30,38,5,83,6,#760000,0x0700,#730000
30,38,6,84,7,#650000,0x0600,#630000
30,49,1,79,2,#ba0000,0x4b00,#bd0000
30,49,2,80,3,#a90000,0x4a00,#ad0000
30,49,3,81,4,#980000,0x0900,#940000
30,49,4,82,5,#870000,0x0800,#840000
30,49,5,83,6,#760000,0x0700,#730000
30,49,6,84,7,#650000,0x0600,#630000
30,50,1,90,13,#1f001f,0x0202,#210021
30,50,2,94,17,#3f003f,0x0404,#420042
30,50,3,95,18,#470047,0x5404,#4a004a
30,56,1,77,0,#dc0000,0x4d00,#de0000
30,56,2,78,1,#cb0000,0x4c00,#ce0000
30,56,3,79,2,#ba0000,0x4b00,#bd0000
30,59,1,77,0,#dc0000,0x4d00,#de0000
30,59,2,78,1,#cb0000,0x4c00,#ce0000
30,59,3,79,2,#ba0000,0x4b00,#bd0000
30,60,1,83,6,#760000,0x0700,#730000
30,60,2,84,7,#650000,0x0600,#630000
30,62,1,79,2,#ba0000,0x4b00,#bd0000
30,62,2,80,3,#a90000,0x4a00,#ad0000
30,62,3,81,4,#980000,0x0900,#940000
30,62,4,82,5,#870000,0x0800,#840000
30,62,5,83,6,#760000,0x0700,#730000
30,62,6,84,7,#650000,0x0600,#630000
30,63,1,84,7,#650000,0x0600,#630000
30,63,2,85,8,#540000,0x0500,#520000
30,63,3,86,9,#430000,0x0400,#420000
30,63,4,87,10,#320000,0x0300,#310000
30,63,5,90,13,#1f001f,0x0202,#210021
30,63,6,91,14,#270027,0x5202,#290029
30,64,1,84,7,#650000,0x0600,#630000
30,64,2,85,8,#540000,0x0500,#520000
30,64,3,86,9,#430000,0x0400,#420000
30,64,4,87,10,#320000,0x0300,#310000
30,64,5,88,11,#210000,0x0200,#210000
30,64,6,89,12,#170017,0x5101,#190019
30,65,1,90,13,#1f001f,0x0202,#210021
30,65,2,91,14,#270027,0x5202,#290029
30,65,3,92,15,#2f002f,0x0303,#310031
30,65,4,93,16,#370037,0x5303,#3a003a
30,65,5,94,17,#3f003f,0x0404,#420042
30,65,6,95,18,#470047,0x5404,#4a004a
30,66,1,79,2,#ba0000,0x4b00,#bd0000
30,66,2,80,3,#a90000,0x4a00,#ad0000
30,66,3,81,4,#980000,0x0900,#940000
30,66,4,82,5,#870000,0x0800,#840000
30,66,5,83,6,#760000,0x0700,#730000
30,66,6,84,7,#650000,0x0600,#630000
30,68,1,79,2,#ba0000,0x4b00,#bd0000
30,68,2,80,3,#a90000,0x4a00,#ad0000
30,68,3,84,7,#650000,0x0600,#630000
30,69,1,90,13,#1f001f,0x0202,#210021
30,70,1,85,8,#540000,0x0500,#520000
30,70,2,86,9,#430000,0x0400,#420000
30,70,3,87,10,#320000,0x0300,#310000
30,70,4,88,11,#210000,0x0200,#210000
30,70,5,89,12,#170017,0x5101,#190019
30,70,6,95,18,#470047,0x5404,#4a004a
30,70,7,96,19,#4f004f,0x0505,#520052
30,74,1,84,7,#650000,0x0600,#630000
30,74,2,85,8,#540000,0x0500,#520000
30,74,3,86,9,#430000,0x0400,#420000
30,74,4,87,10,#320000,0x0300,#310000
30,74,5,88,11,#210000,0x0200,#210000
30,74,6,89,12,#170017,0x5101,#190019
30,76,1,77,0,#dc0000,0x4d00,#de0000
30,76,2,78,1,#cb0000,0x4c00,#ce0000
30,76,3,79,2,#ba0000,0x4b00,#bd0000
30,79,1,84,7,#650000,0x0600,#630000
30,79,2,85,8,#540000,0x0500,#520000
30,79,3,86,9,#430000,0x0400,#420000
30,79,4,87,10,#320000,0x0300,#310000
31,34,1,77,0,#cb0000,0x4c00,#ce0000
31,34,2,78,1,#ba0000,0x4b00,#bd0000
31,34,3,79,2,#a90000,0x4a00,#ad0000
31,35,1,78,1,#ba0000,0x4b00,#bd0000
31,35,2,79,2,#a90000,0x4a00,#ad0000
31,36,1,84,7,#540000,0x0500,#520000
31,36,2,85,8,#430000,0x0400,#420000
31,36,3,86,9,#320000,0x0300,#310000
31,36,4,87,10,#210000,0x0200,#210000
31,37,1,84,7,#540000,0x0500,#520000
31,37,2,85,8,#430000,0x0400,#420000
31,37,3,86,9,#320000,0x0300,#310000
31,37,4,87,10,#210000,0x0200,#210000
31,37,5,88,11,#170017,0x5101,#190019
31,38,1,79,2,#a90000,0x4a00,#ad0000
31,38,2,80,3,#980000,0x0900,#940000
31,38,3,81,4,#870000,0x0800,#840000
31,38,4,82,5,#760000,0x0700,#730000
31,38,5,83,6,#650000,0x0600,#630000
31,38,6,84,7,#540000,0x0500,#520000
31,49,1,79,2,#a90000,0x4a00,#ad0000
31,49,2,80,3,#980000,0x0900,#940000
31,49,3,81,4,#870000,0x0800,#840000
31,49,4,82,5,#760000,0x0700,#730000
31,49,5,83,6,#650000,0x0600,#630000
31,49,6,84,7,#540000,0x0500,#520000
31,50,1,90,13,#270027,0x5202,#290029
31,50,2,94,17,#470047,0x5404,#4a004a
31,50,3,95,18,#4f004f,0x0505,#520052
31,56,1,77,0,#cb0000,0x4c00,#ce0000
31,56,2,78,1,#ba0000,0x4b00,#bd0000
31,56,3,79,2,#a90000,0x4a00,#ad0000
31,59,1,77,0,#cb0000,0x4c00,#ce0000
31,59,2,78,1,#ba0000,0x4b00,#bd0000
31,59,3,79,2,#a90000,0x4a00,#ad0000
31,60,1,83,6,#650000,0x0600,#630000
31,60,2,84,7,#540000,0x0500,#520000
31,62,1,79,2,#a90000,0x4a00,#ad0000
31,62,2,80,3,#980000,0x0900,#940000
31,62,3,81,4,#870000,0x0800,#840000
31,62,4,82,5,#760000,0x0700,#730000
31,62,5,83,6,#650000,0x0600,#630000
31,62,6,84,7,#540000,0x0500,#520000
31,63,1,84,7,#540000,0x0500,#520000
31,63,2,85,8,#430000,0x0400,#420000
31,63,3,86,9,#320000,0x0300,#310000
31,63,4,87,10,#210000,0x0200,#210000
31,63,5,90,13,#270027,0x5202,#290029
31,63,6,91,14,#2f002f,0x0303,#310031
31,64,1,84,7,#540000,0x0500,#520000
31,64,2,85,8,#430000,0x0400,#420000
31,64,3,86,9,#320000,0x0300,#310000
31,64,4,87,10,#210000,0x0200,#210000
31,64,5,88,11,#170017,0x5101,#190019
31,64,6,89,12,#1f001f,0x0202,#210021
31,65,1,90,13,#270027,0x5202,#290029
31,65,2,91,14,#2f002f,0x0303,#310031
31,65,3,92,15,#370037,0x5303,#3a003a
31,65,4,93,16,#3f003f,0x0404,#420042
31,65,5,94,17,#470047,0x5404,#4a004a
31,65,6,95,18,#4f004f,0x0505,#520052
31,66,1,79,2,#a90000,0x4a00,#ad0000
31,66,2,80,3,#980000,0x0900,#940000
31,66,3,81,4,#870000,0x0800,#840000
31,66,4,82,5,#760000,0x0700,#730000
31,66,5,83,6,#650000,0x0600,#630000
31,66,6,84,7,#540000,0x0500,#520000
31,68,1,79,2,#a90000,0x4a00,#ad0000
31,68,2,80,3,#980000,0x0900,#940000
31,68,3,84,7,#540000,0x0500,#520000
31,69,1,90,13,#270027,0x5202,#290029
31,70,1,85,8,#430000,0x0400,#420000
31,70,2,86,9,#320000,0x0300,#310000
31,70,3,87,10,#210000,0x0200,#210000
31,70,4,88,11,#170017,0x5101,#190019
31,70,5,89,12,#1f001f,0x0202,#210021
31,70,6,95,18,#4f004f,0x0505,#520052
31,70,7,96,19,#560056,0x0505,#520052
31,74,1,84,7,#540000,0x0500,#520000
31,74,2,85,8,#430000,0x0400,#420000
31,74,3,86,9,#320000,0x0300,#310000
31,74,4,87,10,#210000,0x0200,#210000
31,74,5,88,11,#170017,0x5101,#190019
31,74,6,89,12,#1f001f,0x0202,#210021
31,76,1,77,0,#cb0000,0x4c00,#ce0000
31,76,2,78,1,#ba0000,0x4b00,#bd0000
31,76,3,79,2,#a90000,0x4a00,#ad0000
31,79,1,84,7,#540000,0x0500,#520000
31,79,2,85,8,#430000,0x0400,#420000
31,79,3,86,9,#320000,0x0300,#310000
31,79,4,87,10,#210000,0x0200,#210000
32,34,1,77,0,#ba0000,0x4b00,#bd0000
32,34,2,78,1,#a90000,0x4a00,#ad0000
32,34,3,79,2,#980000,0x0900,#940000
32,35,1,78,1,#a90000,0x4a00,#ad0000
32,35,2,79,2,#980000,0x0900,#940000
32,36,1,84,7,#430000,0x0400,#420000
32,36,2,85,8,#320000,0x0300,#310000
32,36,3,86,9,#210000,0x0200,#210000
32,36,4,87,10,#170017,0x5101,#190019
32,37,1,84,7,#430000,0x0400,#420000
32,37,2,85,8,#320000,0x0300,#310000
32,37,3,86,9,#210000,0x0200,#210000
32,37,4,87,10,#170017,0x5101,#190019
32,37,5,88,11,#1f001f,0x0202,#210021
32,38,1,79,2,#980000,0x0900,#940000
32,38,2,80,3,#870000,0x0800,#840000
32,38,3,81,4,#760000,0x0700,#730000
32,38,4,82,5,#650000,0x0600,#630000
32,38,5,83,6,#540000,0x0500,#520000
32,38,6,84,7,#430000,0x0400,#420000
32,49,1,79,2,#980000,0x0900,#940000
32,49,2,80,3,#870000,0x0800,#840000
32,49,3,81,4,#760000,0x0700,#730000
32,49,4,82,5,#650000,0x0600,#630000
32,49,5,83,6,#540000,0x0500,#520000
32,49,6,84,7,#430000,0x0400,#420000
32,50,1,90,13,#2f002f,0x0303,#310031
32,50,2,94,17,#4f004f,0x0505,#520052
32,50,3,95,18,#560056,0x0505,#520052
32,56,1,77,0,#ba0000,0x4b00,#bd0000
32,56,2,78,1,#a90000,0x4a00,#ad0000
32,56,3,79,2,#980000,0x0900,#940000
32,59,1,77,0,#ba0000,0x4b00,#bd0000
32,59,2,78,1,#a90000,0x4a00,#ad0000
32,59,3,79,2,#980000,0x0900,#940000
32,60,1,83,6,#540000,0x0500,#520000
32,60,2,84,7,#430000,0x0400,#420000
32,62,1,79,2,#980000,0x0900,#940000
32,62,2,80,3,#870000,0x0800,#840000
32,62,3,81,4,#760000,0x0700,#730000
32,62,4,82,5,#650000,0x0600,#630000
32,62,5,83,6,#540000,0x0500,#520000
32,62,6,84,7,#430000,0x0400,#420000
32,63,1,84,7,#430000,0x0400,#420000
32,63,2,85,8,#320000,0x0300,#310000
32,63,3,86,9,#210000,0x0200,#210000
32,63,4,87,10,#170017,0x5101,#190019
32,63,5,90,13,#2f002f,0x0303,#310031
32,63,6,91,14,#370037,0x5303,#3a003a
32,64,1,84,7,#430000,0x0400,#420000
32,64,2,85,8,#320000,0x0300,#310000
32,64,3,86,9,#210000,0x0200,#210000
32,64,4,87,10,#170017,0x5101,#190019
32,64,5,88,11,#1f001f,0x0202,#210021
32,64,6,89,12,#270027,0x5202,#290029
32,65,1,90,13,#2f002f,0x0303,#310031
32,65,2,91,14,#370037,0x5303,#3a003a
32,65,3,92,15,#3f003f,0x0404,#420042
32,65,4,93,16,#470047,0x5404,#4a004a
32,65,5,94,17,#4f004f,0x0505,#520052
32,65,6,95,18,#560056,0x0505,#520052
32,66,1,79,2,#980000,0x0900,#940000
32,66,2,80,3,#870000,0x0800,#840000
32,66,3,81,4,#760000,0x0700,#730000
32,66,4,82,5,#650000,0x0600,#630000
32,66,5,83,6,#540000,0x0500,#520000
32,66,6,84,7,#430000,0x0400,#420000
32,68,1,79,2,#980000,0x0900,#940000
32,68,2,80,3,#870000,0x0800,#840000
32,68,3,84,7,#430000,0x0400,#420000
32,69,1,90,13,#2f002f,0x0303,#310031
32,70,1,85,8,#320000,0x0300,#310000
32,70,2,86,9,#210000,0x0200,#210000
32,70,3,87,10,#170017,0x5101,#190019
32,70,4,88,11,#1f001f,0x0202,#210021
32,70,5,89,12,#270027,0x5202,#290029
32,70,6,95,18,#560056,0x0505,#520052
32,70,7,96,19,#5e005e,0x5505,#5a005a
32,74,1,84,7,#430000,0x0400,#420000
32,74,2,85,8,#320000,0x0300,#310000
32,74,3,86,9,#210000,0x0200,#210000
32,74,4,87,10,#170017,0x5101,#190019
32,74,5,88,11,#1f001f,0x0202,#210021
32,74,6,89,12,#270027,0x5202,#290029
32,76,1,77,0,#ba0000,0x4b00,#bd0000
32,76,2,78,1,#a90000,0x4a00,#ad0000
32,76,3,79,2,#980000,0x0900,#940000
32,79,1,84,7,#430000,0x0400,#420000
32,79,2,85,8,#320000,0x0300,#310000
32,79,3,86,9,#210000,0x0200,#210000
32,79,4,87,10,#170017,0x5101,#190019
33,34,1,77,0,#a90000,0x4a00,#ad0000
33,34,2,78,1,#980000,0x0900,#940000
33,34,3,79,2,#870000,0x0800,#840000
33,35,1,78,1,#980000,0x0900,#940000
33,35,2,79,2,#870000,0x0800,#840000
33,36,1,84,7,#320000,0x0300,#310000
33,36,2,85,8,#210000,0x0200,#210000
33,36,3,86,9,#170017,0x5101,#190019
33,36,4,87,10,#1f001f,0x0202,#210021
33,37,1,84,7,#320000,0x0300,#310000
33,37,2,85,8,#210000,0x0200,#210000
33,37,3,86,9,#170017,0x5101,#190019
33,37,4,87,10,#1f001f,0x0202,#210021
33,37,5,88,11,#270027,0x5202,#290029
33,38,1,79,2,#870000,0x0800,#840000
33,38,2,80,3,#760000,0x0700,#730000
33,38,3,81,4,#650000,0x0600,#630000
33,38,4,82,5,#540000,0x0500,#520000
33,38,5,83,6,#430000,0x0400,#420000
33,38,6,84,7,#320000,0x0300,#310000
33,49,1,79,2,#870000,0x0800,#840000
33,49,2,80,3,#760000,0x0700,#730000
33,49,3,81,4,#650000,0x0600,#630000
33,49,4,82,5,#540000,0x0500,#520000
33,49,5,83,6,#430000,0x0400,#420000
33,49,6,84,7,#320000,0x0300,#310000
33,50,1,90,13,#370037,0x5303,#3a003a
33,50,2,94,17,#560056,0x0505,#520052
33,50,3,95,18,#5e005e,0x5505,#5a005a
33,56,1,77,0,#a90000,0x4a00,#ad0000
33,56,2,78,1,#980000,0x0900,#940000
33,56,3,79,2,#870000,0x0800,#840000
33,59,1,77,0,#a90000,0x4a00,#ad0000
33,59,2,78,1,#980000,0x0900,#940000
33,59,3,79,2,#870000,0x0800,#840000
33,60,1,83,6,#430000,0x0400,#420000
33,60,2,84,7,#320000,0x0300,#310000
33,62,1,79,2,#870000,0x0800,#840000
33,62,2,80,3,#760000,0x0700,#730000
33,62,3,81,4,#650000,0x0600,#630000
33,62,4,82,5,#540000,0x0500,#520000
33,62,5,83,6,#430000,0x0400,#420000
33,62,6,84,7,#320000,0x0300,#310000
33,63,1,84,7,#320000,0x0300,#310000
33,63,2,85,8,#210000,0x0200,#210000
33,63,3,86,9,#170017,0x5101,#190019
33,63,4,87,10,#1f001f,0x0202,#210021
33,63,5,90,13,#370037,0x5303,#3a003a
33,63,6,91,14,#3f003f,0x0404,#420042
33,64,1,84,7,#320000,0x0300,#310000
33,64,2,85,8,#210000,0x0200,#210000
33,64,3,86,9,#170017,0x5101,#190019
33,64,4,87,10,#1f001f,0x0202,#210021
33,64,5,88,11,#270027,0x5202,#290029
33,64,6,89,12,#2f002f,0x0303,#310031
33,65,1,90,13,#370037,0x5303,#3a003a
33,65,2,91,14,#3f003f,0x0404,#420042
33,65,3,92,15,#470047,0x5404,#4a004a
33,65,4,93,16,#4f004f,0x0505,#520052
33,65,5,94,17,#560056,0x0505,#520052
33,65,6,95,18,#5e005e,0x5505,#5a005a
33,66,1,79,2,#870000,0x0800,#840000
33,66,2,80,3,#760000,0x0700,#730000
33,66,3,81,4,#650000,0x0600,#630000
33,66,4,82,5,#540000,0x0500,#520000
33,66,5,83,6,#430000,0x0400,#420000
33,66,6,84,7,#320000,0x0300,#310000
33,68,1,79,2,#870000,0x0800,#840000
33,68,2,80,3,#760000,0x0700,#730000
33,68,3,84,7,#320000,0x0300,#310000
33,69,1,90,13,#370037,0x5303,#3a003a
33,70,1,85,8,#210000,0x0200,#210000
33,70,2,86,9,#170017,0x5101,#190019
33,70,3,87,10,#1f001f,0x0202,#210021
33,70,4,88,11,#270027,0x5202,#290029
33,70,5,89,12,#2f002f,0x0303,#310031
33,70,6,95,18,#5e005e,0x5505,#5a005a
33,70,7,96,19,#660066,0x0606,#630063
33,74,1,84,7,#320000,0x0300,#310000
33,74,2,85,8,#210000,0x0200,#210000
33,74,3,86,9,#170017,0x5101,#190019
33,74,4,87,10,#1f001f,0x0202,#210021
33,74,5,88,11,#270027,0x5202,#290029
33,74,6,89,12,#2f002f,0x0303,#310031
33,76,1,77,0,#a90000,0x4a00,#ad0000
33,76,2,78,1,#980000,0x0900,#940000
33,76,3,79,2,#870000,0x0800,#840000
33,79,1,84,7,#320000,0x0300,#310000
33,79,2,85,8,#210000,0x0200,#210000
33,79,3,86,9,#170017,0x5101,#190019
33,79,4,87,10,#1f001f,0x0202,#210021
34,34,1,77,0,#980000,0x0900,#940000
34,34,2,78,1,#870000,0x0800,#840000
34,34,3,79,2,#760000,0x0700,#730000
34,35,1,78,1,#870000,0x0800,#840000
34,35,2,79,2,#760000,0x0700,#730000
34,36,1,84,7,#210000,0x0200,#210000
34,36,2,85,8,#170017,0x5101,#190019
34,36,3,86,9,#1f001f,0x0202,#210021
34,36,4,87,10,#270027,0x5202,#290029
34,37,1,84,7,#210000,0x0200,#210000
34,37,2,85,8,#170017,0x5101,#190019
34,37,3,86,9,#1f001f,0x0202,#210021
34,37,4,87,10,#270027,0x5202,#290029
34,37,5,88,11,#2f002f,0x0303,#310031
34,38,1,79,2,#760000,0x0700,#730000
34,38,2,80,3,#650000,0x0600,#630000
34,38,3,81,4,#540000,0x0500,#520000
34,38,4,82,5,#430000,0x0400,#420000
34,38,5,83,6,#320000,0x0300,#310000
34,38,6,84,7,#210000,0x0200,#210000
34,49,1,79,2,#760000,0x0700,#730000
34,49,2,80,3,#650000,0x0600,#630000
34,49,3,81,4,#540000,0x0500,#520000
34,49,4,82,5,#430000,0x0400,#420000
34,49,5,83,6,#320000,0x0300,#310000
34,49,6,84,7,#210000,0x0200,#210000
34,50,1,90,13,#3f003f,0x0404,#420042
34,50,2,94,17,#5e005e,0x5505,#5a005a
34,50,3,95,18,#660066,0x0606,#630063
34,56,1,77,0,#980000,0x0900,#940000
34,56,2,78,1,#870000,0x0800,#840000
34,56,3,79,2,#760000,0x0700,#730000
34,59,1,77,0,#980000,0x0900,#940000
34,59,2,78,1,#870000,0x0800,#840000
34,59,3,79,2,#760000,0x0700,#730000
34,60,1,83,6,#320000,0x0300,#310000
34,60,2,84,7,#210000,0x0200,#210000
34,62,1,79,2,#760000,0x0700,#730000
34,62,2,80,3,#650000,0x0600,#630000
34,62,3,81,4,#540000,0x0500,#520000
34,62,4,82,5,#430000,0x0400,#420000
34,62,5,83,6,#320000,0x0300,#310000
34,62,6,84,7,#210000,0x0200,#210000
34,63,1,84,7,#210000,0x0200,#210000
34,63,2,85,8,#170017,0x5101,#190019
34,63,3,86,9,#1f001f,0x0202,#210021
34,63,4,87,10,#270027,0x5202,#290029
34,63,5,90,13,#3f003f,0x0404,#420042
34,63,6,91,14,#470047,0x5404,#4a004a
34,64,1,84,7,#210000,0x0200,#210000
34,64,2,85,8,#170017,0x5101,#190019
34,64,3,86,9,#1f001f,0x0202,#210021
34,64,4,87,10,#270027,0x5202,#290029
34,64,5,88,11,#2f002f,0x0303,#310031
34,64,6,89,12,#370037,0x5303,#3a003a
34,65,1,90,13,#3f003f,0x0404,#420042
34,65,2,91,14,#470047,0x5404,#4a004a
34,65,3,92,15,#4f004f,0x0505,#520052
34,65,4,93,16,#560056,0x0505,#520052
34,65,5,94,17,#5e005e,0x5505,#5a005a
34,65,6,95,18,#660066,0x0606,#630063
34,66,1,79,2,#760000,0x0700,#730000
34,66,2,80,3,#650000,0x0600,#630000
34,66,3,81,4,#540000,0x0500,#520000
34,66,4,82,5,#430000,0x0400,#420000
34,66,5,83,6,#320000,0x0300,#310000
34,66,6,84,7,#210000,0x0200,#210000
34,68,1,79,2,#760000,0x0700,#730000
34,68,2,80,3,#650000,0x0600,#630000
34,68,3,84,7,#210000,0x0200,#210000
34,69,1,90,13,#3f003f,0x0404,#420042
34,70,1,85,8,#170017,0x5101,#190019
34,70,2,86,9,#1f001f,0x0202,#210021
34,70,3,87,10,#270027,0x5202,#290029
34,70,4,88,11,#2f002f,0x0303,#310031
34,70,5,89,12,#370037,0x5303,#3a003a
34,70,6,95,18,#660066,0x0606,#630063
34,70,7,96,19,#6e006e,0x5606,#6b006b
34,74,1,84,7,#210000,0x0200,#210000
34,74,2,85,8,#170017,0x5101,#190019
34,74,3,86,9,#1f001f,0x0202,#210021
34,74,4,87,10,#270027,0x5202,#290029
34,74,5,88,11,#2f002f,0x0303,#310031
34,74,6,89,12,#370037,0x5303,#3a003a
34,76,1,77,0,#980000,0x0900,#940000
34,76,2,78,1,#870000,0x0800,#840000
34,76,3,79,2,#760000,0x0700,#730000
34,79,1,84,7,#210000,0x0200,#210000
34,79,2,85,8,#170017,0x5101,#190019
34,79,3,86,9,#1f001f,0x0202,#210021
34,79,4,87,10,#270027,0x5202,#290029
35,34,1,77,0,#870000,0x0800,#840000
35,34,2,78,1,#760000,0x0700,#730000
35,34,3,79,2,#650000,0x0600,#630000
35,35,1,78,1,#760000,0x0700,#730000
35,35,2,79,2,#650000,0x0600,#630000
35,36,1,84,7,#170017,0x5101,#190019
35,36,2,85,8,#1f001f,0x0202,#210021
35,36,3,86,9,#270027,0x5202,#290029
35,36,4,87,10,#2f002f,0x0303,#310031
35,37,1,84,7,#170017,0x5101,#190019
35,37,2,85,8,#1f001f,0x0202,#210021
35,37,3,86,9,#270027,0x5202,#290029
35,37,4,87,10,#2f002f,0x0303,#310031
35,37,5,88,11,#370037,0x5303,#3a003a
35,38,1,79,2,#650000,0x0600,#630000
35,38,2,80,3,#540000,0x0500,#520000
35,38,3,81,4,#430000,0x0400,#420000
35,38,4,82,5,#320000,0x0300,#310000
35,38,5,83,6,#210000,0x0200,#210000
35,38,6,84,7,#170017,0x5101,#190019
35,49,1,79,2,#650000,0x0600,#630000
35,49,2,80,3,#540000,0x0500,#520000
35,49,3,81,4,#430000,0x0400,#420000
35,49,4,82,5,#320000,0x0300,#310000
35,49,5,83,6,#210000,0x0200,#210000
35,49,6,84,7,#170017,0x5101,#190019
35,50,1,90,13,#470047,0x5404,#4a004a
35,50,2,94,17,#660066,0x0606,#630063
35,50,3,95,18,#6e006e,0x5606,#6b006b
35,56,1,77,0,#870000,0x0800,#840000
35,56,2,78,1,#760000,0x0700,#730000
35,56,3,79,2,#650000,0x0600,#630000
35,59,1,77,0,#870000,0x0800,#840000
35,59,2,78,1,#760000,0x0700,#730000
35,59,3,79,2,#650000,0x0600,#630000
35,60,1,83,6,#210000,0x0200,#210000
35,60,2,84,7,#170017,0x5101,#190019
35,62,1,79,2,#650000,0x0600,#630000
35,62,2,80,3,#540000,0x0500,#520000
35,62,3,81,4,#430000,0x0400,#420000
35,62,4,82,5,#320000,0x0300,#310000
35,62,5,83,6,#210000,0x0200,#210000
35,62,6,84,7,#170017,0x5101,#190019
35,63,1,84,7,#170017,0x5101,#190019
35,63,2,85,8,#1f001f,0x0202,#210021
35,63,3,86,9,#270027,0x5202,#290029
35,63,4,87,10,#2f002f,0x0303,#310031
35,63,5,90,13,#470047,0x5404,#4a004a
35,63,6,91,14,#4f004f,0x0505,#520052
35,64,1,84,7,#170017,0x5101,#190019
35,64,2,85,8,#1f001f,0x0202,#210021
35,64,3,86,9,#270027,0x5202,#290029
35,64,4,87,10,#2f002f,0x0303,#310031
35,64,5,88,11,#370037,0x5303,#3a003a
35,64,6,89,12,#3f003f,0x0404,#420042
35,65,1,90,13,#470047,0x5404,#4a004a
35,65,2,91,14,#4f004f,0x0505,#520052
35,65,3,92,15,#560056,0x0505,#520052
35,65,4,93,16,#5e005e,0x5505,#5a005a
35,65,5,94,17,#660066,0x0606,#630063
35,65,6,95,18,#6e006e,0x5606,#6b006b
35,66,1,79,2,#650000,0x0600,#630000
35,66,2,80,3,#540000,0x0500,#520000
35,66,3,81,4,#430000,0x0400,#420000
35,66,4,82,5,#320000,0x0300,#310000
35,66,5,83,6,#210000,0x0200,#210000
35,66,6,84,7,#170017,0x5101,#190019
35,68,1,79,2,#650000,0x0600,#630000
35,68,2,80,3,#540000,0x0500,#520000
35,68,3,84,7,#170017,0x5101,#190019
35,69,1,90,13,#470047,0x5404,#4a004a
35,70,1,85,8,#1f001f,0x0202,#210021
35,70,2,86,9,#270027,0x5202,#290029
35,70,3,87,10,#2f002f,0x0303,#310031
35,70,4,88,11,#370037,0x5303,#3a003a
35,70,5,89,12,#3f003f,0x0404,#420042
35,70,6,95,18,#6e006e,0x5606,#6b006b
35,70,7,96,19,#760076,0x0707,#730073
35,74,1,84,7,#170017,0x5101,#190019
35,74,2,85,8,#1f001f,0x0202,#210021
35,74,3,86,9,#270027,0x5202,#290029
35,74,4,87,10,#2f002f,0x0303,#310031
35,74,5,88,11,#370037,0x5303,#3a003a
35,74,6,89,12,#3f003f,0x0404,#420042
35,76,1,77,0,#870000,0x0800,#840000
35,76,2,78,1,#760000,0x0700,#730000
35,76,3,79,2,#650000,0x0600,#630000
35,79,1,84,7,#170017,0x5101,#190019
35,79,2,85,8,#1f001f,0x0202,#210021
35,79,3,86,9,#270027,0x5202,#290029
35,79,4,87,10,#2f002f,0x0303,#310031
36,34,1,77,0,#760000,0x0700,#730000
36,34,2,78,1,#650000,0x0600,#630000
36,34,3,79,2,#540000,0x0500,#520000
36,35,1,78,1,#650000,0x0600,#630000
36,35,2,79,2,#540000,0x0500,#520000
36,36,1,84,7,#1f001f,0x0202,#210021
36,36,2,85,8,#270027,0x5202,#290029
36,36,3,86,9,#2f002f,0x0303,#310031
36,36,4,87,10,#370037,0x5303,#3a003a
36,37,1,84,7,#1f001f,0x0202,#210021
36,37,2,85,8,#270027,0x5202,#290029
36,37,3,86,9,#2f002f,0x0303,#310031
36,37,4,87,10,#370037,0x5303,#3a003a
36,37,5,88,11,#3f003f,0x0404,#420042
36,38,1,79,2,#540000,0x0500,#520000
36,38,2,80,3,#430000,0x0400,#420000
36,38,3,81,4,#320000,0x0300,#310000
36,38,4,82,5,#210000,0x0200,#210000
36,38,5,83,6,#170017,0x5101,#190019
36,38,6,84,7,#1f001f,0x0202,#210021
36,49,1,79,2,#540000,0x0500,#520000
36,49,2,80,3,#430000,0x0400,#420000
36,49,3,81,4,#320000,0x0300,#310000
36,49,4,82,5,#210000,0x0200,#210000
36,49,5,83,6,#170017,0x5101,#190019
36,49,6,84,7,#1f001f,0x0202,#210021
36,50,1,90,13,#4f004f,0x0505,#520052
36,50,2,94,17,#6e006e,0x5606,#6b006b
36,50,3,95,18,#760076,0x0707,#730073
36,56,1,77,0,#760000,0x0700,#730000
36,56,2,78,1,#650000,0x0600,#630000
36,56,3,79,2,#540000,0x0500,#520000
36,59,1,77,0,#760000,0x0700,#730000
36,59,2,78,1,#650000,0x0600,#630000
36,59,3,79,2,#540000,0x0500,#520000
36,60,1,83,6,#170017,0x5101,#190019
36,60,2,84,7,#1f001f,0x0202,#210021
36,62,1,79,2,#540000,0x0500,#520000
36,62,2,80,3,#430000,0x0400,#420000
36,62,3,81,4,#320000,0x0300,#310000
36,62,4,82,5,#210000,0x0200,#210000
36,62,5,83,6,#170017,0x5101,#190019
36,62,6,84,7,#1f001f,0x0202,#210021
36,63,1,84,7,#1f001f,0x0202,#210021
36,63,2,85,8,#270027,0x5202,#290029
36,63,3,86,9,#2f002f,0x0303,#310031
36,63,4,87,10,#370037,0x5303,#3a003a
36,63,5,90,13,#4f004f,0x0505,#520052
36,63,6,91,14,#560056,0x0505,#520052
36,64,1,84,7,#1f001f,0x0202,#210021
36,64,2,85,8,#270027,0x5202,#290029
36,64,3,86,9,#2f002f,0x0303,#310031
36,64,4,87,10,#370037,0x5303,#3a003a
36,64,5,88,11,#3f003f,0x0404,#420042
36,64,6,89,12,#470047,0x5404,#4a004a
36,65,1,90,13,#4f004f,0x0505,#520052
36,65,2,91,14,#560056,0x0505,#520052
36,65,3,92,15,#5e005e,0x5505,#5a005a
36,65,4,93,16,#660066,0x0606,#630063
36,65,5,94,17,#6e006e,0x5606,#6b006b
36,65,6,95,18,#760076,0x0707,#730073
36,66,1,79,2,#540000,0x0500,#520000
36,66,2,80,3,#430000,0x0400,#420000
36,66,3,81,4,#320000,0x0300,#310000
36,66,4,82,5,#210000,0x0200,#210000
36,66,5,83,6,#170017,0x5101,#190019
36,66,6,84,7,#1f001f,0x0202,#210021
36,68,1,79,2,#540000,0x0500,#520000
36,68,2,80,3,#430000,0x0400,#420000
36,68,3,84,7,#1f001f,0x0202,#210021
36,69,1,90,13,#4f004f,0x0505,#520052
36,70,1,85,8,#270027,0x5202,#290029
36,70,2,86,9,#2f002f,0x0303,#310031
36,70,3,87,10,#370037,0x5303,#3a003a
36,70,4,88,11,#3f003f,0x0404,#420042
36,70,5,89,12,#470047,0x5404,#4a004a
36,70,6,95,18,#760076,0x0707,#730073
36,70,7,96,19,#760076,0x0707,#730073
36,74,1,84,7,#1f001f,0x0202,#210021
36,74,2,85,8,#270027,0x5202,#290029
36,74,3,86,9,#2f002f,0x0303,#310031
36,74,4,87,10,#370037,0x5303,#3a003a
36,74,5,88,11,#3f003f,0x0404,#420042
36,74,6,89,12,#470047,0x5404,#4a004a
36,76,1,77,0,#760000,0x0700,#730000
36,76,2,78,1,#650000,0x0600,#630000
36,76,3,79,2,#540000,0x0500,#520000
36,79,1,84,7,#1f001f,0x0202,#210021
36,79,2,85,8,#270027,0x5202,#290029
36,79,3,86,9,#2f002f,0x0303,#310031
36,79,4,87,10,#370037,0x5303,#3a003a
37,34,1,77,0,#650000,0x0600,#630000
37,34,2,78,1,#540000,0x0500,#520000
37,34,3,79,2,#430000,0x0400,#420000
37,35,1,78,1,#540000,0x0500,#520000
37,35,2,79,2,#430000,0x0400,#420000
37,36,1,84,7,#270027,0x5202,#290029
37,36,2,85,8,#2f002f,0x0303,#310031
37,36,3,86,9,#370037,0x5303,#3a003a
37,36,4,87,10,#3f003f,0x0404,#420042
37,37,1,84,7,#270027,0x5202,#290029
37,37,2,85,8,#2f002f,0x0303,#310031
37,37,3,86,9,#370037,0x5303,#3a003a
37,37,4,87,10,#3f003f,0x0404,#420042
37,37,5,88,11,#470047,0x5404,#4a004a
37,38,1,79,2,#430000,0x0400,#420000
37,38,2,80,3,#320000,0x0300,#310000
37,38,3,81,4,#210000,0x0200,#210000
37,38,4,82,5,#170017,0x5101,#190019
37,38,5,83,6,#1f001f,0x0202,#210021
37,38,6,84,7,#270027,0x5202,#290029
37,49,1,79,2,#430000,0x0400,#420000
37,49,2,80,3,#320000,0x0300,#310000
37,49,3,81,4,#210000,0x0200,#210000
37,49,4,82,5,#170017,0x5101,#190019
37,49,5,83,6,#1f001f,0x0202,#210021
37,49,6,84,7,#270027,0x5202,#290029
37,50,1,90,13,#560056,0x0505,#520052
37,50,2,94,17,#760076,0x0707,#730073
37,50,3,95,18,#760076,0x0707,#730073
37,56,1,77,0,#650000,0x0600,#630000
37,56,2,78,1,#540000,0x0500,#520000
37,56,3,79,2,#430000,0x0400,#420000
37,59,1,77,0,#650000,0x0600,#630000
37,59,2,78,1,#540000,0x0500,#520000
37,59,3,79,2,#430000,0x0400,#420000
37,60,1,83,6,#1f001f,0x0202,#210021
37,60,2,84,7,#270027,0x5202,#290029
37,62,1,79,2,#430000,0x0400,#420000
37,62,2,80,3,#320000,0x0300,#310000
37,62,3,81,4,#210000,0x0200,#210000
37,62,4,82,5,#170017,0x5101,#190019
37,62,5,83,6,#1f001f,0x0202,#210021
37,62,6,84,7,#270027,0x5202,#290029
37,63,1,84,7,#270027,0x5202,#290029
37,63,2,85,8,#2f002f,0x0303,#310031
37,63,3,86,9,#370037,0x5303,#3a003a
37,63,4,87,10,#3f003f,0x0404,#420042
37,63,5,90,13,#560056,0x0505,#520052
37,63,6,91,14,#5e005e,0x5505,#5a005a
37,64,1,84,7,#270027,0x5202,#290029
37,64,2,85,8,#2f002f,0x0303,#310031
37,64,3,86,9,#370037,0x5303,#3a003a
37,64,4,87,10,#3f003f,0x0404,#420042
37,64,5,88,11,#470047,0x5404,#4a004a
37,64,6,89,12,#4f004f,0x0505,#520052
37,65,1,90,13,#560056,0x0505,#520052
37,65,2,91,14,#5e005e,0x5505,#5a005a
37,65,3,92,15,#660066,0x0606,#630063
37,65,4,93,16,#6e006e,0x5606,#6b006b
37,65,5,94,17,#760076,0x0707,#730073
37,65,6,95,18,#760076,0x0707,#730073
37,66,1,79,2,#430000,0x0400,#420000
37,66,2,80,3,#320000,0x0300,#310000
37,66,3,81,4,#210000,0x0200,#210000
37,66,4,82,5,#170017,0x5101,#190019
37,66,5,83,6,#1f001f,0x0202,#210021
37,66,6,84,7,#270027,0x5202,#290029
37,68,1,79,2,#430000,0x0400,#420000
37,68,2,80,3,#320000,0x0300,#310000
37,68,3,84,7,#270027,0x5202,#290029
37,69,1,90,13,#560056,0x0505,#520052
37,70,1,85,8,#2f002f,0x0303,#310031
37,70,2,86,9,#370037,0x5303,#3a003a
37,70,3,87,10,#3f003f,0x0404,#420042
37,70,4,88,11,#470047,0x5404,#4a004a
37,70,5,89,12,#4f004f,0x0505,#520052
37,70,6,95,18,#760076,0x0707,#730073
37,70,7,96,19,#6e006e,0x5606,#6b006b
37,74,1,84,7,#270027,0x5202,#290029
37,74,2,85,8,#2f002f,0x0303,#310031
37,74,3,86,9,#370037,0x5303,#3a003a
37,74,4,87,10,#3f003f,0x0404,#420042
37,74,5,88,11,#470047,0x5404,#4a004a
37,74,6,89,12,#4f004f,0x0505,#520052
37,76,1,77,0,#650000,0x0600,#630000
37,76,2,78,1,#540000,0x0500,#520000
37,76,3,79,2,#430000,0x0400,#420000
37,79,1,84,7,#270027,0x5202,#290029
37,79,2,85,8,#2f002f,0x0303,#310031
37,79,3,86,9,#370037,0x5303,#3a003a
37,79,4,87,10,#3f003f,0x0404,#420042
38,34,1,77,0,#540000,0x0500,#520000
38,34,2,78,1,#430000,0x0400,#420000
38,34,3,79,2,#320000,0x0300,#310000
38,35,1,78,1,#430000,0x0400,#420000
38,35,2,79,2,#320000,0x0300,#310000
38,36,1,84,7,#2f002f,0x0303,#310031
38,36,2,85,8,#370037,0x5303,#3a003a
38,36,3,86,9,#3f003f,0x0404,#420042
38,36,4,87,10,#470047,0x5404,#4a004a
38,37,1,84,7,#2f002f,0x0303,#310031
38,37,2,85,8,#370037,0x5303,#3a003a
38,37,3,86,9,#3f003f,0x0404,#420042
38,37,4,87,10,#470047,0x5404,#4a004a
38,37,5,88,11,#4f004f,0x0505,#520052
38,38,1,79,2,#320000,0x0300,#310000
38,38,2,80,3,#210000,0x0200,#210000
38,38,3,81,4,#170017,0x5101,#190019
38,38,4,82,5,#1f001f,0x0202,#210021
38,38,5,83,6,#270027,0x5202,#290029
38,38,6,84,7,#2f002f,0x0303,#310031
38,49,1,79,2,#320000,0x0300,#310000
38,49,2,80,3,#210000,0x0200,#210000
38,49,3,81,4,#170017,0x5101,#190019
38,49,4,82,5,#1f001f,0x0202,#210021
38,49,5,83,6,#270027,0x5202,#290029
38,49,6,84,7,#2f002f,0x0303,#310031
38,50,1,90,13,#5e005e,0x5505,#5a005a
38,50,2,94,17,#760076,0x0707,#730073
38,50,3,95,18,#6e006e,0x5606,#6b006b
38,56,1,77,0,#540000,0x0500,#520000
38,56,2,78,1,#430000,0x0400,#420000
38,56,3,79,2,#320000,0x0300,#310000
38,59,1,77,0,#540000,0x0500,#520000
38,59,2,78,1,#430000,0x0400,#420000
38,59,3,79,2,#320000,0x0300,#310000
38,60,1,83,6,#270027,0x5202,#290029
38,60,2,84,7,#2f002f,0x0303,#310031
38,62,1,79,2,#320000,0x0300,#310000
38,62,2,80,3,#210000,0x0200,#210000
38,62,3,81,4,#170017,0x5101,#190019
38,62,4,82,5,#1f001f,0x0202,#210021
38,62,5,83,6,#270027,0x5202,#290029
38,62,6,84,7,#2f002f,0x0303,#310031
38,63,1,84,7,#2f002f,0x0303,#310031
38,63,2,85,8,#370037,0x5303,#3a003a
38,63,3,86,9,#3f003f,0x0404,#420042
38,63,4,87,10,#470047,0x5404,#4a004a
38,63,5,90,13,#5e005e,0x5505,#5a005a
38,63,6,91,14,#660066,0x0606,#630063
38,64,1,84,7,#2f002f,0x0303,#310031
38,64,2,85,8,#370037,0x5303,#3a003a
38,64,3,86,9,#3f003f,0x0404,#420042
38,64,4,87,10,#470047,0x5404,#4a004a
38,64,5,88,11,#4f004f,0x0505,#520052
38,64,6,89,12,#560056,0x0505,#520052
38,65,1,90,13,#5e005e,0x5505,#5a005a
38,65,2,91,14,#660066,0x0606,#630063
38,65,3,92,15,#6e006e,0x5606,#6b006b
38,65,4,93,16,#760076,0x0707,#730073
38,65,5,94,17,#760076,0x0707,#730073
38,65,6,95,18,#6e006e,0x5606,#6b006b
38,66,1,79,2,#320000,0x0300,#310000
38,66,2,80,3,#210000,0x0200,#210000
38,66,3,81,4,#170017,0x5101,#190019
38,66,4,82,5,#1f001f,0x0202,#210021
38,66,5,83,6,#270027,0x5202,#290029
38,66,6,84,7,#2f002f,0x0303,#310031
38,68,1,79,2,#320000,0x0300,#310000
38,68,2,80,3,#210000,0x0200,#210000
38,68,3,84,7,#2f002f,0x0303,#310031
38,69,1,90,13,#5e005e,0x5505,#5a005a
38,70,1,85,8,#370037,0x5303,#3a003a
38,70,2,86,9,#3f003f,0x0404,#420042
38,70,3,87,10,#470047,0x5404,#4a004a
38,70,4,88,11,#4f004f,0x0505,#520052
38,70,5,89,12,#560056,0x0505,#520052
38,70,6,95,18,#6e006e,0x5606,#6b006b
38,70,7,96,19,#660066,0x0606,#630063
38,74,1,84,7,#2f002f,0x0303,#310031
38,74,2,85,8,#370037,0x5303,#3a003a
38,74,3,86,9,#3f003f,0x0404,#420042
38,74,4,87,10,#470047,0x5404,#4a004a
38,74,5,88,11,#4f004f,0x0505,#520052
38,74,6,89,12,#560056,0x0505,#520052
38,76,1,77,0,#540000,0x0500,#520000
38,76,2,78,1,#430000,0x0400,#420000
38,76,3,79,2,#320000,0x0300,#310000
38,79,1,84,7,#2f002f,0x0303,#310031
38,79,2,85,8,#370037,0x5303,#3a003a
38,79,3,86,9,#3f003f,0x0404,#420042
38,79,4,87,10,#470047,0x5404,#4a004a
39,34,1,77,0,#430000,0x0400,#420000
39,34,2,78,1,#320000,0x0300,#310000
39,34,3,79,2,#210000,0x0200,#210000
39,35,1,78,1,#320000,0x0300,#310000
39,35,2,79,2,#210000,0x0200,#210000
39,36,1,84,7,#370037,0x5303,#3a003a
39,36,2,85,8,#3f003f,0x0404,#420042
39,36,3,86,9,#470047,0x5404,#4a004a
39,36,4,87,10,#4f004f,0x0505,#520052
39,37,1,84,7,#370037,0x5303,#3a003a
39,37,2,85,8,#3f003f,0x0404,#420042
39,37,3,86,9,#470047,0x5404,#4a004a
39,37,4,87,10,#4f004f,0x0505,#520052
39,37,5,88,11,#560056,0x0505,#520052
39,38,1,79,2,#210000,0x0200,#210000
39,38,2,80,3,#170017,0x5101,#190019
39,38,3,81,4,#1f001f,0x0202,#210021
39,38,4,82,5,#270027,0x5202,#290029
39,38,5,83,6,#2f002f,0x0303,#310031
39,38,6,84,7,#370037,0x5303,#3a003a
39,49,1,79,2,#210000,0x0200,#210000
39,49,2,80,3,#170017,0x5101,#190019
39,49,3,81,4,#1f001f,0x0202,#210021
39,49,4,82,5,#270027,0x5202,#290029
39,49,5,83,6,#2f002f,0x0303,#310031
39,49,6,84,7,#370037,0x5303,#3a003a
39,50,1,90,13,#660066,0x0606,#630063
39,50,2,94,17,#6e006e,0x5606,#6b006b
39,50,3,95,18,#660066,0x0606,#630063
39,56,1,77,0,#430000,0x0400,#420000
39,56,2,78,1,#320000,0x0300,#310000
39,56,3,79,2,#210000,0x0200,#210000
39,59,1,77,0,#430000,0x0400,#420000
39,59,2,78,1,#320000,0x0300,#310000
39,59,3,79,2,#210000,0x0200,#210000
39,60,1,83,6,#2f002f,0x0303,#310031
39,60,2,84,7,#370037,0x5303,#3a003a
39,62,1,79,2,#210000,0x0200,#210000
39,62,2,80,3,#170017,0x5101,#190019
39,62,3,81,4,#1f001f,0x0202,#210021
39,62,4,82,5,#270027,0x5202,#290029
39,62,5,83,6,#2f002f,0x0303,#310031
39,62,6,84,7,#370037,0x5303,#3a003a
39,63,1,84,7,#370037,0x5303,#3a003a
39,63,2,85,8,#3f003f,0x0404,#420042
39,63,3,86,9,#470047,0x5404,#4a004a
39,63,4,87,10,#4f004f,0x0505,#520052
39,63,5,90,13,#660066,0x0606,#630063
39,63,6,91,14,#6e006e,0x5606,#6b006b
39,64,1,84,7,#370037,0x5303,#3a003a
39,64,2,85,8,#3f003f,0x0404,#420042
39,64,3,86,9,#470047,0x5404,#4a004a
39,64,4,87,10,#4f004f,0x0505,#520052
39,64,5,88,11,#560056,0x0505,#520052
39,64,6,89,12,#5e005e,0x5505,#5a005a
39,65,1,90,13,#660066,0x0606,#630063
39,65,2,91,14,#6e006e,0x5606,#6b006b
39,65,3,92,15,#760076,0x0707,#730073
39,65,4,93,16,#760076,0x0707,#730073
39,65,5,94,17,#6e006e,0x5606,#6b006b
39,65,6,95,18,#660066,0x0606,#630063
39,66,1,79,2,#210000,0x0200,#210000
39,66,2,80,3,#170017,0x5101,#190019
39,66,3,81,4,#1f001f,0x0202,#210021
39,66,4,82,5,#270027,0x5202,#290029
39,66,5,83,6,#2f002f,0x0303,#310031
39,66,6,84,7,#370037,0x5303,#3a003a
39,68,1,79,2,#210000,0x0200,#210000
39,68,2,80,3,#170017,0x5101,#190019
39,68,3,84,7,#370037,0x5303,#3a003a
39,69,1,90,13,#660066,0x0606,#630063
39,70,1,85,8,#3f003f,0x0404,#420042
39,70,2,86,9,#470047,0x5404,#4a004a
39,70,3,87,10,#4f004f,0x0505,#520052
39,70,4,88,11,#560056,0x0505,#520052
39,70,5,89,12,#5e005e,0x5505,#5a005a
39,70,6,95,18,#660066,0x0606,#630063
39,70,7,96,19,#5e005e,0x5505,#5a005a
39,74,1,84,7,#370037,0x5303,#3a003a
39,74,2,85,8,#3f003f,0x0404,#420042
39,74,3,86,9,#470047,0x5404,#4a004a
39,74,4,87,10,#4f004f,0x0505,#520052
39,74,5,88,11,#560056,0x0505,#520052
39,74,6,89,12,#5e005e,0x5505,#5a005a
39,76,1,77,0,#430000,0x0400,#420000
39,76,2,78,1,#320000,0x0300,#310000
39,76,3,79,2,#210000,0x0200,#210000
39,79,1,84,7,#370037,0x5303,#3a003a
39,79,2,85,8,#3f003f,0x0404,#420042
39,79,3,86,9,#470047,0x5404,#4a004a
39,79,4,87,10,#4f004f,0x0505,#520052
40,34,1,77,0,#320000,0x0300,#310000
40,34,2,78,1,#210000,0x0200,#210000
40,34,3,79,2,#170017,0x5101,#190019
40,35,1,78,1,#210000,0x0200,#210000
40,35,2,79,2,#170017,0x5101,#190019
40,36,1,84,7,#3f003f,0x0404,#420042
40,36,2,85,8,#470047,0x5404,#4a004a
40,36,3,86,9,#4f004f,0x0505,#520052
40,36,4,87,10,#560056,0x0505,#520052
40,37,1,84,7,#3f003f,0x0404,#420042
40,37,2,85,8,#470047,0x5404,#4a004a
40,37,3,86,9,#4f004f,0x0505,#520052
40,37,4,87,10,#560056,0x0505,#520052
40,37,5,88,11,#5e005e,0x5505,#5a005a
40,38,1,79,2,#170017,0x5101,#190019
40,38,2,80,3,#1f001f,0x0202,#210021
40,38,3,81,4,#270027,0x5202,#290029
40,38,4,82,5,#2f002f,0x0303,#310031
40,38,5,83,6,#370037,0x5303,#3a003a
40,38,6,84,7,#3f003f,0x0404,#420042
40,49,1,79,2,#170017,0x5101,#190019
40,49,2,80,3,#1f001f,0x0202,#210021
40,49,3,81,4,#270027,0x5202,#290029
40,49,4,82,5,#2f002f,0x0303,#310031
40,49,5,83,6,#370037,0x5303,#3a003a
40,49,6,84,7,#3f003f,0x0404,#420042
40,50,1,90,13,#6e006e,0x5606,#6b006b
40,50,2,94,17,#660066,0x0606,#630063
40,50,3,95,18,#5e005e,0x5505,#5a005a
40,56,1,77,0,#320000,0x0300,#310000
40,56,2,78,1,#210000,0x0200,#210000
40,56,3,79,2,#170017,0x5101,#190019
40,59,1,77,0,#320000,0x0300,#310000
40,59,2,78,1,#210000,0x0200,#210000
40,59,3,79,2,#170017,0x5101,#190019
40,60,1,83,6,#370037,0x5303,#3a003a
40,60,2,84,7,#3f003f,0x0404,#420042
40,62,1,79,2,#170017,0x5101,#190019
40,62,2,80,3,#1f001f,0x0202,#210021
40,62,3,81,4,#270027,0x5202,#290029
40,62,4,82,5,#2f002f,0x0303,#310031
40,62,5,83,6,#370037,0x5303,#3a003a
40,62,6,84,7,#3f003f,0x0404,#420042
40,63,1,84,7,#3f003f,0x0404,#420042
40,63,2,85,8,#470047,0x5404,#4a004a
40,63,3,86,9,#4f004f,0x0505,#520052
40,63,4,87,10,#560056,0x0505,#520052
40,63,5,90,13,#6e006e,0x5606,#6b006b
40,63,6,91,14,#760076,0x0707,#730073
40,64,1,84,7,#3f003f,0x0404,#420042
40,64,2,85,8,#470047,0x5404,#4a004a
40,64,3,86,9,#4f004f,0x0505,#520052
40,64,4,87,10,#560056,0x0505,#520052
40,64,5,88,11,#5e005e,0x5505,#5a005a
40,64,6,89,12,#660066,0x0606,#630063
40,65,1,90,13,#6e006e,0x5606,#6b006b
40,65,2,91,14,#760076,0x0707,#730073
40,65,3,92,15,#760076,0x0707,#730073
40,65,4,93,16,#6e006e,0x5606,#6b006b
40,65,5,94,17,#660066,0x0606,#630063
40,65,6,95,18,#5e005e,0x5505,#5a005a
40,66,1,79,2,#170017,0x5101,#190019
40,66,2,80,3,#1f001f,0x0202,#210021
40,66,3,81,4,#270027,0x5202,#290029
40,66,4,82,5,#2f002f,0x0303,#310031
40,66,5,83,6,#370037,0x5303,#3a003a
40,66,6,84,7,#3f003f,0x0404,#420042
40,68,1,79,2,#170017,0x5101,#190019
40,68,2,80,3,#1f001f,0x0202,#210021
40,68,3,84,7,#3f003f,0x0404,#420042
40,69,1,90,13,#6e006e,0x5606,#6b006b
40,70,1,85,8,#470047,0x5404,#4a004a
40,70,2,86,9,#4f004f,0x0505,#520052
40,70,3,87,10,#560056,0x0505,#520052
40,70,4,88,11,#5e005e,0x5505,#5a005a
40,70,5,89,12,#660066,0x0606,#630063
40,70,6,95,18,#5e005e,0x5505,#5a005a
40,70,7,96,19,#560056,0x0505,#520052
40,74,1,84,7,#3f003f,0x0404,#420042
40,74,2,85,8,#470047,0x5404,#4a004a
40,74,3,86,9,#4f004f,0x0505,#520052
40,74,4,87,10,#560056,0x0505,#520052
40,74,5,88,11,#5e005e,0x5505,#5a005a
40,74,6,89,12,#660066,0x0606,#630063
40,76,1,77,0,#320000,0x0300,#310000
40,76,2,78,1,#210000,0x0200,#210000
40,76,3,79,2,#170017,0x5101,#190019
40,79,1,84,7,#3f003f,0x0404,#420042
40,79,2,85,8,#470047,0x5404,#4a004a
40,79,3,86,9,#4f004f,0x0505,#520052
40,79,4,87,10,#560056,0x0505,#520052
41,34,1,77,0,#210000,0x0200,#210000
41,34,2,78,1,#170017,0x5101,#190019
41,34,3,79,2,#1f001f,0x0202,#210021
41,35,1,78,1,#170017,0x5101,#190019
41,35,2,79,2,#1f001f,0x0202,#210021
41,36,1,84,7,#470047,0x5404,#4a004a
41,36,2,85,8,#4f004f,0x0505,#520052
41,36,3,86,9,#560056,0x0505,#520052
41,36,4,87,10,#5e005e,0x5505,#5a005a
41,37,1,84,7,#470047,0x5404,#4a004a
41,37,2,85,8,#4f004f,0x0505,#520052
41,37,3,86,9,#560056,0x0505,#520052
41,37,4,87,10,#5e005e,0x5505,#5a005a
41,37,5,88,11,#660066,0x0606,#630063
41,38,1,79,2,#1f001f,0x0202,#210021
41,38,2,80,3,#270027,0x5202,#290029
41,38,3,81,4,#2f002f,0x0303,#310031
41,38,4,82,5,#370037,0x5303,#3a003a
41,38,5,83,6,#3f003f,0x0404,#420042
41,38,6,84,7,#470047,0x5404,#4a004a
41,49,1,79,2,#1f001f,0x0202,#210021
41,49,2,80,3,#270027,0x5202,#290029
41,49,3,81,4,#2f002f,0x0303,#310031
41,49,4,82,5,#370037,0x5303,#3a003a
41,49,5,83,6,#3f003f,0x0404,#420042
41,49,6,84,7,#470047,0x5404,#4a004a
41,50,1,90,13,#760076,0x0707,#730073
41,50,2,94,17,#5e005e,0x5505,#5a005a
41,50,3,95,18,#560056,0x0505,#520052
41,56,1,77,0,#210000,0x0200,#210000
41,56,2,78,1,#170017,0x5101,#190019
41,56,3,79,2,#1f001f,0x0202,#210021
41,59,1,77,0,#210000,0x0200,#210000
41,59,2,78,1,#170017,0x5101,#190019
41,59,3,79,2,#1f001f,0x0202,#210021
41,60,1,83,6,#3f003f,0x0404,#420042
41,60,2,84,7,#470047,0x5404,#4a004a
41,62,1,79,2,#1f001f,0x0202,#210021
41,62,2,80,3,#270027,0x5202,#290029
41,62,3,81,4,#2f002f,0x0303,#310031
41,62,4,82,5,#370037,0x5303,#3a003a
41,62,5,83,6,#3f003f,0x0404,#420042
41,62,6,84,7,#470047,0x5404,#4a004a
41,63,1,84,7,#470047,0x5404,#4a004a
41,63,2,85,8,#4f004f,0x0505,#520052
41,63,3,86,9,#560056,0x0505,#520052
41,63,4,87,10,#5e005e,0x5505,#5a005a
41,63,5,90,13,#760076,0x0707,#730073
41,63,6,91,14,#760076,0x0707,#730073
41,64,1,84,7,#470047,0x5404,#4a004a
41,64,2,85,8,#4f004f,0x0505,#520052
41,64,3,86,9,#560056,0x0505,#520052
41,64,4,87,10,#5e005e,0x5505,#5a005a
41,64,5,88,11,#660066,0x0606,#630063
41,64,6,89,12,#6e006e,0x5606,#6b006b
41,65,1,90,13,#760076,0x0707,#730073
41,65,2,91,14,#760076,0x0707,#730073
41,65,3,92,15,#6e006e,0x5606,#6b006b
41,65,4,93,16,#660066,0x0606,#630063
41,65,5,94,17,#5e005e,0x5505,#5a005a
41,65,6,95,18,#560056,0x0505,#520052
41,66,1,79,2,#1f001f,0x0202,#210021
41,66,2,80,3,#270027,0x5202,#290029
41,66,3,81,4,#2f002f,0x0303,#310031
41,66,4,82,5,#370037,0x5303,#3a003a
41,66,5,83,6,#3f003f,0x0404,#420042
41,66,6,84,7,#470047,0x5404,#4a004a
41,68,1,79,2,#1f001f,0x0202,#210021
41,68,2,80,3,#270027,0x5202,#290029
41,68,3,84,7,#470047,0x5404,#4a004a
41,69,1,90,13,#760076,0x0707,#730073
41,70,1,85,8,#4f004f,0x0505,#520052
41,70,2,86,9,#560056,0x0505,#520052
41,70,3,87,10,#5e005e,0x5505,#5a005a
41,70,4,88,11,#660066,0x0606,#630063
41,70,5,89,12,#6e006e,0x5606,#6b006b
41,70,6,95,18,#560056,0x0505,#520052
41,70,7,96,19,#4f004f,0x0505,#520052
41,74,1,84,7,#470047,0x5404,#4a004a
41,74,2,85,8,#4f004f,0x0505,#520052
41,74,3,86,9,#560056,0x0505,#520052
41,74,4,87,10,#5e005e,0x5505,#5a005a
41,74,5,88,11,#660066,0x0606,#630063
41,74,6,89,12,#6e006e,0x5606,#6b006b
41,76,1,77,0,#210000,0x0200,#210000
41,76,2,78,1,#170017,0x5101,#190019
41,76,3,79,2,#1f001f,0x0202,#210021
41,79,1,84,7,#470047,0x5404,#4a004a
41,79,2,85,8,#4f004f,0x0505,#520052
41,79,3,86,9,#560056,0x0505,#520052
41,79,4,87,10,#5e005e,0x5505,#5a005a
42,34,1,77,0,#170017,0x5101,#190019
42,34,2,78,1,#1f001f,0x0202,#210021
42,34,3,79,2,#270027,0x5202,#290029
42,35,1,78,1,#1f001f,0x0202,#210021
42,35,2,79,2,#270027,0x5202,#290029
42,36,1,84,7,#4f004f,0x0505,#520052
42,36,2,85,8,#560056,0x0505,#520052
42,36,3,86,9,#5e005e,0x5505,#5a005a
42,36,4,87,10,#660066,0x0606,#630063
42,37,1,84,7,#4f004f,0x0505,#520052
42,37,2,85,8,#560056,0x0505,#520052
42,37,3,86,9,#5e005e,0x5505,#5a005a
42,37,4,87,10,#660066,0x0606,#630063
42,37,5,88,11,#6e006e,0x5606,#6b006b
42,38,1,79,2,#270027,0x5202,#290029
42,38,2,80,3,#2f002f,0x0303,#310031
42,38,3,81,4,#370037,0x5303,#3a003a
42,38,4,82,5,#3f003f,0x0404,#420042
42,38,5,83,6,#470047,0x5404,#4a004a
42,38,6,84,7,#4f004f,0x0505,#520052
42,49,1,79,2,#270027,0x5202,#290029
42,49,2,80,3,#2f002f,0x0303,#310031
42,49,3,81,4,#370037,0x5303,#3a003a
42,49,4,82,5,#3f003f,0x0404,#420042
42,49,5,83,6,#470047,0x5404,#4a004a
42,49,6,84,7,#4f004f,0x0505,#520052
42,50,1,90,13,#760076,0x0707,#730073
42,50,2,94,17,#560056,0x0505,#520052
42,50,3,95,18,#4f004f,0x0505,#520052
42,56,1,77,0,#170017,0x5101,#190019
42,56,2,78,1,#1f001f,0x0202,#210021
42,56,3,79,2,#270027,0x5202,#290029
42,59,1,77,0,#170017,0x5101,#190019
42,59,2,78,1,#1f001f,0x0202,#210021
42,59,3,79,2,#270027,0x5202,#290029
42,60,1,83,6,#470047,0x5404,#4a004a
42,60,2,84,7,#4f004f,0x0505,#520052
42,62,1,79,2,#270027,0x5202,#290029
42,62,2,80,3,#2f002f,0x0303,#310031
42,62,3,81,4,#370037,0x5303,#3a003a
42,62,4,82,5,#3f003f,0x0404,#420042
42,62,5,83,6,#470047,0x5404,#4a004a
42,62,6,84,7,#4f004f,0x0505,#520052
42,63,1,84,7,#4f004f,0x0505,#520052
42,63,2,85,8,#560056,0x0505,#520052
42,63,3,86,9,#5e005e,0x5505,#5a005a
42,63,4,87,10,#660066,0x0606,#630063
42,63,5,90,13,#760076,0x0707,#730073
42,63,6,91,14,#6e006e,0x5606,#6b006b
42,64,1,84,7,#4f004f,0x0505,#520052
42,64,2,85,8,#560056,0x0505,#520052
42,64,3,86,9,#5e005e,0x5505,#5a005a
42,64,4,87,10,#660066,0x0606,#630063
42,64,5,88,11,#6e006e,0x5606,#6b006b
42,64,6,89,12,#760076,0x0707,#730073
42,65,1,90,13,#760076,0x0707,#730073
42,65,2,91,14,#6e006e,0x5606,#6b006b
42,65,3,92,15,#660066,0x0606,#630063
42,65,4,93,16,#5e005e,0x5505,#5a005a
42,65,5,94,17,#560056,0x0505,#520052
42,65,6,95,18,#4f004f,0x0505,#520052
42,66,1,79,2,#270027,0x5202,#290029
42,66,2,80,3,#2f002f,0x0303,#310031
42,66,3,81,4,#370037,0x5303,#3a003a
42,66,4,82,5,#3f003f,0x0404,#420042
42,66,5,83,6,#470047,0x5404,#4a004a
42,66,6,84,7,#4f004f,0x0505,#520052
42,68,1,79,2,#270027,0x5202,#290029
42,68,2,80,3,#2f002f,0x0303,#310031
42,68,3,84,7,#4f004f,0x0505,#520052
42,69,1,90,13,#760076,0x0707,#730073
42,70,1,85,8,#560056,0x0505,#520052
42,70,2,86,9,#5e005e,0x5505,#5a005a
42,70,3,87,10,#660066,0x0606,#630063
42,70,4,88,11,#6e006e,0x5606,#6b006b
42,70,5,89,12,#760076,0x0707,#730073
42,70,6,95,18,#4f004f,0x0505,#520052
42,70,7,96,19,#470047,0x5404,#4a004a
42,74,1,84,7,#4f004f,0x0505,#520052
42,74,2,85,8,#560056,0x0505,#520052
42,74,3,86,9,#5e005e,0x5505,#5a005a
42,74,4,87,10,#660066,0x0606,#630063
42,74,5,88,11,#6e006e,0x5606,#6b006b
42,74,6,89,12,#760076,0x0707,#730073
42,76,1,77,0,#170017,0x5101,#190019
42,76,2,78,1,#1f001f,0x0202,#210021
42,76,3,79,2,#270027,0x5202,#290029
42,79,1,84,7,#4f004f,0x0505,#520052
42,79,2,85,8,#560056,0x0505,#520052
42,79,3,86,9,#5e005e,0x5505,#5a005a
42,79,4,87,10,#660066,0x0606,#630063
43,34,1,77,0,#1f001f,0x0202,#210021
43,34,2,78,1,#270027,0x5202,#290029
43,34,3,79,2,#2f002f,0x0303,#310031
43,35,1,78,1,#270027,0x5202,#290029
43,35,2,79,2,#2f002f,0x0303,#310031
43,36,1,84,7,#560056,0x0505,#520052
43,36,2,85,8,#5e005e,0x5505,#5a005a
43,36,3,86,9,#660066,0x0606,#630063
43,36,4,87,10,#6e006e,0x5606,#6b006b
43,37,1,84,7,#560056,0x0505,#520052
43,37,2,85,8,#5e005e,0x5505,#5a005a
43,37,3,86,9,#660066,0x0606,#630063
43,37,4,87,10,#6e006e,0x5606,#6b006b
43,37,5,88,11,#760076,0x0707,#730073
43,38,1,79,2,#2f002f,0x0303,#310031
43,38,2,80,3,#370037,0x5303,#3a003a
43,38,3,81,4,#3f003f,0x0404,#420042
43,38,4,82,5,#470047,0x5404,#4a004a
43,38,5,83,6,#4f004f,0x0505,#520052
43,38,6,84,7,#560056,0x0505,#520052
43,49,1,79,2,#2f002f,0x0303,#310031
43,49,2,80,3,#370037,0x5303,#3a003a
43,49,3,81,4,#3f003f,0x0404,#420042
43,49,4,82,5,#470047,0x5404,#4a004a
43,49,5,83,6,#4f004f,0x0505,#520052
43,49,6,84,7,#560056,0x0505,#520052
43,50,1,90,13,#6e006e,0x5606,#6b006b
43,50,2,94,17,#4f004f,0x0505,#520052
43,50,3,95,18,#470047,0x5404,#4a004a
43,56,1,77,0,#1f001f,0x0202,#210021
43,56,2,78,1,#270027,0x5202,#290029
43,56,3,79,2,#2f002f,0x0303,#310031
43,59,1,77,0,#1f001f,0x0202,#210021
43,59,2,78,1,#270027,0x5202,#290029
43,59,3,79,2,#2f002f,0x0303,#310031
43,60,1,83,6,#4f004f,0x0505,#520052
43,60,2,84,7,#560056,0x0505,#520052
43,62,1,79,2,#2f002f,0x0303,#310031
43,62,2,80,3,#370037,0x5303,#3a003a
43,62,3,81,4,#3f003f,0x0404,#420042
43,62,4,82,5,#470047,0x5404,#4a004a
43,62,5,83,6,#4f004f,0x0505,#520052
43,62,6,84,7,#560056,0x0505,#520052
43,63,1,84,7,#560056,0x0505,#520052
43,63,2,85,8,#5e005e,0x5505,#5a005a
43,63,3,86,9,#660066,0x0606,#630063
43,63,4,87,10,#6e006e,0x5606,#6b006b
43,63,5,90,13,#6e006e,0x5606,#6b006b
43,63,6,91,14,#660066,0x0606,#630063
43,64,1,84,7,#560056,0x0505,#520052
43,64,2,85,8,#5e005e,0x5505,#5a005a
43,64,3,86,9,#660066,0x0606,#630063
43,64,4,87,10,#6e006e,0x5606,#6b006b
43,64,5,88,11,#760076,0x0707,#730073
43,64,6,89,12,#760076,0x0707,#730073
43,65,1,90,13,#6e006e,0x5606,#6b006b
43,65,2,91,14,#660066,0x0606,#630063
43,65,3,92,15,#5e005e,0x5505,#5a005a
43,65,4,93,16,#560056,0x0505,#520052
43,65,5,94,17,#4f004f,0x0505,#520052
43,65,6,95,18,#470047,0x5404,#4a004a
43,66,1,79,2,#2f002f,0x0303,#310031
43,66,2,80,3,#370037,0x5303,#3a003a
43,66,3,81,4,#3f003f,0x0404,#420042
43,66,4,82,5,#470047,0x5404,#4a004a
43,66,5,83,6,#4f004f,0x0505,#520052
43,66,6,84,7,#560056,0x0505,#520052
43,68,1,79,2,#2f002f,0x0303,#310031
43,68,2,80,3,#370037,0x5303,#3a003a
43,68,3,84,7,#560056,0x0505,#520052
43,69,1,90,13,#6e006e,0x5606,#6b006b
43,70,1,85,8,#5e005e,0x5505,#5a005a
43,70,2,86,9,#660066,0x0606,#630063
43,70,3,87,10,#6e006e,0x5606,#6b006b
43,70,4,88,11,#760076,0x0707,#730073
43,70,5,89,12,#760076,0x0707,#730073
43,70,6,95,18,#470047,0x5404,#4a004a
43,70,7,96,19,#3f003f,0x0404,#420042
43,74,1,84,7,#560056,0x0505,#520052
43,74,2,85,8,#5e005e,0x5505,#5a005a
43,74,3,86,9,#660066,0x0606,#630063
43,74,4,87,10,#6e006e,0x5606,#6b006b
43,74,5,88,11,#760076,0x0707,#730073
43,74,6,89,12,#760076,0x0707,#730073
43,76,1,77,0,#1f001f,0x0202,#210021
43,76,2,78,1,#270027,0x5202,#290029
43,76,3,79,2,#2f002f,0x0303,#310031
43,79,1,84,7,#560056,0x0505,#520052
43,79,2,85,8,#5e005e,0x5505,#5a005a
43,79,3,86,9,#660066,0x0606,#630063
43,79,4,87,10,#6e006e,0x5606,#6b006b
44,34,1,77,0,#270027,0x5202,#290029
44,34,2,78,1,#2f002f,0x0303,#310031
44,34,3,79,2,#370037,0x5303,#3a003a
44,35,1,78,1,#2f002f,0x0303,#310031
44,35,2,79,2,#370037,0x5303,#3a003a
44,36,1,84,7,#5e005e,0x5505,#5a005a
44,36,2,85,8,#660066,0x0606,#630063
44,36,3,86,9,#6e006e,0x5606,#6b006b
44,36,4,87,10,#760076,0x0707,#730073
44,37,1,84,7,#5e005e,0x5505,#5a005a
44,37,2,85,8,#660066,0x0606,#630063
44,37,3,86,9,#6e006e,0x5606,#6b006b
44,37,4,87,10,#760076,0x0707,#730073
44,37,5,88,11,#760076,0x0707,#730073
44,38,1,79,2,#370037,0x5303,#3a003a
44,38,2,80,3,#3f003f,0x0404,#420042
44,38,3,81,4,#470047,0x5404,#4a004a
44,38,4,82,5,#4f004f,0x0505,#520052
44,38,5,83,6,#560056,0x0505,#520052
44,38,6,84,7,#5e005e,0x5505,#5a005a
44,49,1,79,2,#370037,0x5303,#3a003a
44,49,2,80,3,#3f003f,0x0404,#420042
44,49,3,81,4,#470047,0x5404,#4a004a
44,49,4,82,5,#4f004f,0x0505,#520052
44,49,5,83,6,#560056,0x0505,#520052
44,49,6,84,7,#5e005e,0x5505,#5a005a
44,50,1,90,13,#660066,0x0606,#630063
44,50,2,94,17,#470047,0x5404,#4a004a
44,50,3,95,18,#3f003f,0x0404,#420042
44,56,1,77,0,#270027,0x5202,#290029
44,56,2,78,1,#2f002f,0x0303,#310031
44,56,3,79,2,#370037,0x5303,#3a003a
44,59,1,77,0,#270027,0x5202,#290029
44,59,2,78,1,#2f002f,0x0303,#310031
44,59,3,79,2,#370037,0x5303,#3a003a
44,60,1,83,6,#560056,0x0505,#520052
44,60,2,84,7,#5e005e,0x5505,#5a005a
44,62,1,79,2,#370037,0x5303,#3a003a
44,62,2,80,3,#3f003f,0x0404,#420042
44,62,3,81,4,#470047,0x5404,#4a004a
44,62,4,82,5,#4f004f,0x0505,#520052
44,62,5,83,6,#560056,0x0505,#520052
44,62,6,84,7,#5e005e,0x5505,#5a005a
44,63,1,84,7,#5e005e,0x5505,#5a005a
44,63,2,85,8,#660066,0x0606,#630063
44,63,3,86,9,#6e006e,0x5606,#6b006b
44,63,4,87,10,#760076,0x0707,#730073
44,63,5,90,13,#660066,0x0606,#630063
44,63,6,91,14,#5e005e,0x5505,#5a005a
44,64,1,84,7,#5e005e,0x5505,#5a005a
44,64,2,85,8,#660066,0x0606,#630063
44,64,3,86,9,#6e006e,0x5606,#6b006b
44,64,4,87,10,#760076,0x0707,#730073
44,64,5,88,11,#760076,0x0707,#730073
44,64,6,89,12,#6e006e,0x5606,#6b006b
44,65,1,90,13,#660066,0x0606,#630063
44,65,2,91,14,#5e005e,0x5505,#5a005a
44,65,3,92,15,#560056,0x0505,#520052
44,65,4,93,16,#4f004f,0x0505,#520052
44,65,5,94,17,#470047,0x5404,#4a004a
44,65,6,95,18,#3f003f,0x0404,#420042
44,66,1,79,2,#370037,0x5303,#3a003a
44,66,2,80,3,#3f003f,0x0404,#420042
44,66,3,81,4,#470047,0x5404,#4a004a
44,66,4,82,5,#4f004f,0x0505,#520052
44,66,5,83,6,#560056,0x0505,#520052
44,66,6,84,7,#5e005e,0x5505,#5a005a
44,68,1,79,2,#370037,0x5303,#3a003a
44,68,2,80,3,#3f003f,0x0404,#420042
44,68,3,84,7,#5e005e,0x5505,#5a005a
44,69,1,90,13,#660066,0x0606,#630063
44,70,1,85,8,#660066,0x0606,#630063
44,70,2,86,9,#6e006e,0x5606,#6b006b
44,70,3,87,10,#760076,0x0707,#730073
44,70,4,88,11,#760076,0x0707,#730073
44,70,5,89,12,#6e006e,0x5606,#6b006b
44,70,6,95,18,#3f003f,0x0404,#420042
44,70,7,96,19,#370037,0x5303,#3a003a
44,74,1,84,7,#5e005e,0x5505,#5a005a
44,74,2,85,8,#660066,0x0606,#630063
44,74,3,86,9,#6e006e,0x5606,#6b006b
44,74,4,87,10,#760076,0x0707,#730073
44,74,5,88,11,#760076,0x0707,#730073
44,74,6,89,12,#6e006e,0x5606,#6b006b
44,76,1,77,0,#270027,0x5202,#290029
44,76,2,78,1,#2f002f,0x0303,#310031
44,76,3,79,2,#370037,0x5303,#3a003a
44,79,1,84,7,#5e005e,0x5505,#5a005a
44,79,2,85,8,#660066,0x0606,#630063
44,79,3,86,9,#6e006e,0x5606,#6b006b
44,79,4,87,10,#760076,0x0707,#730073
45,34,1,77,0,#2f002f,0x0303,#310031
45,34,2,78,1,#370037,0x5303,#3a003a
45,34,3,79,2,#3f003f,0x0404,#420042
45,35,1,78,1,#370037,0x5303,#3a003a
45,35,2,79,2,#3f003f,0x0404,#420042
45,36,1,84,7,#660066,0x0606,#630063
45,36,2,85,8,#6e006e,0x5606,#6b006b
45,36,3,86,9,#760076,0x0707,#730073
45,36,4,87,10,#760076,0x0707,#730073
45,37,1,84,7,#660066,0x0606,#630063
45,37,2,85,8,#6e006e,0x5606,#6b006b
45,37,3,86,9,#760076,0x0707,#730073
45,37,4,87,10,#760076,0x0707,#730073
45,37,5,88,11,#6e006e,0x5606,#6b006b
45,38,1,79,2,#3f003f,0x0404,#420042
45,38,2,80,3,#470047,0x5404,#4a004a
45,38,3,81,4,#4f004f,0x0505,#520052
45,38,4,82,5,#560056,0x0505,#520052
45,38,5,83,6,#5e005e,0x5505,#5a005a
45,38,6,84,7,#660066,0x0606,#630063
45,49,1,79,2,#3f003f,0x0404,#420042
45,49,2,80,3,#470047,0x5404,#4a004a
45,49,3,81,4,#4f004f,0x0505,#520052
45,49,4,82,5,#560056,0x0505,#520052
45,49,5,83,6,#5e005e,0x5505,#5a005a
45,49,6,84,7,#660066,0x0606,#630063
45,50,1,90,13,#5e005e,0x5505,#5a005a
45,50,2,94,17,#3f003f,0x0404,#420042
45,50,3,95,18,#370037,0x5303,#3a003a
45,56,1,77,0,#2f002f,0x0303,#310031
45,56,2,78,1,#370037,0x5303,#3a003a
45,56,3,79,2,#3f003f,0x0404,#420042
45,59,1,77,0,#2f002f,0x0303,#310031
45,59,2,78,1,#370037,0x5303,#3a003a
45,59,3,79,2,#3f003f,0x0404,#420042
45,60,1,83,6,#5e005e,0x5505,#5a005a
45,60,2,84,7,#660066,0x0606,#630063
45,62,1,79,2,#3f003f,0x0404,#420042
45,62,2,80,3,#470047,0x5404,#4a004a
45,62,3,81,4,#4f004f,0x0505,#520052
45,62,4,82,5,#560056,0x0505,#520052
45,62,5,83,6,#5e005e,0x5505,#5a005a
45,62,6,84,7,#660066,0x0606,#630063
45,63,1,84,7,#660066,0x0606,#630063
45,63,2,85,8,#6e006e,0x5606,#6b006b
45,63,3,86,9,#760076,0x0707,#730073
45,63,4,87,10,#760076,0x0707,#730073
45,63,5,90,13,#5e005e,0x5505,#5a005a
45,63,6,91,14,#560056,0x0505,#520052
45,64,1,84,7,#660066,0x0606,#630063
45,64,2,85,8,#6e006e,0x5606,#6b006b
45,64,3,86,9,#760076,0x0707,#730073
45,64,4,87,10,#760076,0x0707,#730073
45,64,5,88,11,#6e006e,0x5606,#6b006b
45,64,6,89,12,#660066,0x0606,#630063
45,65,1,90,13,#5e005e,0x5505,#5a005a
45,65,2,91,14,#560056,0x0505,#520052
45,65,3,92,15,#4f004f,0x0505,#520052
45,65,4,93,16,#470047,0x5404,#4a004a
45,65,5,94,17,#3f003f,0x0404,#420042
45,65,6,95,18,#370037,0x5303,#3a003a
45,66,1,79,2,#3f003f,0x0404,#420042
45,66,2,80,3,#470047,0x5404,#4a004a
45,66,3,81,4,#4f004f,0x0505,#520052
45,66,4,82,5,#560056,0x0505,#520052
45,66,5,83,6,#5e005e,0x5505,#5a005a
45,66,6,84,7,#660066,0x0606,#630063
45,68,1,79,2,#3f003f,0x0404,#420042
45,68,2,80,3,#470047,0x5404,#4a004a
45,68,3,84,7,#660066,0x0606,#630063
45,69,1,90,13,#5e005e,0x5505,#5a005a
45,70,1,85,8,#6e006e,0x5606,#6b006b
45,70,2,86,9,#760076,0x0707,#730073
45,70,3,87,10,#760076,0x0707,#730073
45,70,4,88,11,#6e006e,0x5606,#6b006b
45,70,5,89,12,#660066,0x0606,#630063
45,70,6,95,18,#370037,0x5303,#3a003a
45,70,7,96,19,#2f002f,0x0303,#310031
45,74,1,84,7,#660066,0x0606,#630063
45,74,2,85,8,#6e006e,0x5606,#6b006b
45,74,3,86,9,#760076,0x0707,#730073
45,74,4,87,10,#760076,0x0707,#730073
45,74,5,88,11,#6e006e,0x5606,#6b006b
45,74,6,89,12,#660066,0x0606,#630063
45,76,1,77,0,#2f002f,0x0303,#310031
45,76,2,78,1,#370037,0x5303,#3a003a
45,76,3,79,2,#3f003f,0x0404,#420042
45,79,1,84,7,#660066,0x0606,#630063
45,79,2,85,8,#6e006e,0x5606,#6b006b
45,79,3,86,9,#760076,0x0707,#730073
45,79,4,87,10,#760076,0x0707,#730073
46,34,1,77,0,#370037,0x5303,#3a003a
46,34,2,78,1,#3f003f,0x0404,#420042
46,34,3,79,2,#470047,0x5404,#4a004a
46,35,1,78,1,#3f003f,0x0404,#420042
46,35,2,79,2,#470047,0x5404,#4a004a
46,36,1,84,7,#6e006e,0x5606,#6b006b
46,36,2,85,8,#760076,0x0707,#730073
46,36,3,86,9,#760076,0x0707,#730073
46,36,4,87,10,#6e006e,0x5606,#6b006b
46,37,1,84,7,#6e006e,0x5606,#6b006b
46,37,2,85,8,#760076,0x0707,#730073
46,37,3,86,9,#760076,0x0707,#730073
46,37,4,87,10,#6e006e,0x5606,#6b006b
46,37,5,88,11,#660066,0x0606,#630063
46,38,1,79,2,#470047,0x5404,#4a004a
46,38,2,80,3,#4f004f,0x0505,#520052
46,38,3,81,4,#560056,0x0505,#520052
46,38,4,82,5,#5e005e,0x5505,#5a005a
46,38,5,83,6,#660066,0x0606,#630063
46,38,6,84,7,#6e006e,0x5606,#6b006b
46,49,1,79,2,#470047,0x5404,#4a004a
46,49,2,80,3,#4f004f,0x0505,#520052
46,49,3,81,4,#560056,0x0505,#520052
46,49,4,82,5,#5e005e,0x5505,#5a005a
46,49,5,83,6,#660066,0x0606,#630063
46,49,6,84,7,#6e006e,0x5606,#6b006b
46,50,1,90,13,#560056,0x0505,#520052
46,50,2,94,17,#370037,0x5303,#3a003a
46,50,3,95,18,#2f002f,0x0303,#310031
46,56,1,77,0,#370037,0x5303,#3a003a
46,56,2,78,1,#3f003f,0x0404,#420042
46,56,3,79,2,#470047,0x5404,#4a004a
46,59,1,77,0,#370037,0x5303,#3a003a
46,59,2,78,1,#3f003f,0x0404,#420042
46,59,3,79,2,#470047,0x5404,#4a004a
46,60,1,83,6,#660066,0x0606,#630063
46,60,2,84,7,#6e006e,0x5606,#6b006b
46,62,1,79,2,#470047,0x5404,#4a004a
46,62,2,80,3,#4f004f,0x0505,#520052
46,62,3,81,4,#560056,0x0505,#520052
46,62,4,82,5,#5e005e,0x5505,#5a005a
46,62,5,83,6,#660066,0x0606,#630063
46,62,6,84,7,#6e006e,0x5606,#6b006b
46,63,1,84,7,#6e006e,0x5606,#6b006b
46,63,2,85,8,#760076,0x0707,#730073
46,63,3,86,9,#760076,0x0707,#730073
46,63,4,87,10,#6e006e,0x5606,#6b006b
46,63,5,90,13,#560056,0x0505,#520052
46,63,6,91,14,#4f004f,0x0505,#520052
46,64,1,84,7,#6e006e,0x5606,#6b006b
46,64,2,85,8,#760076,0x0707,#730073
46,64,3,86,9,#760076,0x0707,#730073
46,64,4,87,10,#6e006e,0x5606,#6b006b
46,64,5,88,11,#660066,0x0606,#630063
46,64,6,89,12,#5e005e,0x5505,#5a005a
46,65,1,90,13,#560056,0x0505,#520052
46,65,2,91,14,#4f004f,0x0505,#520052
46,65,3,92,15,#470047,0x5404,#4a004a
46,65,4,93,16,#3f003f,0x0404,#420042
46,65,5,94,17,#370037,0x5303,#3a003a
46,65,6,95,18,#2f002f,0x0303,#310031
46,66,1,79,2,#470047,0x5404,#4a004a
46,66,2,80,3,#4f004f,0x0505,#520052
46,66,3,81,4,#560056,0x0505,#520052
46,66,4,82,5,#5e005e,0x5505,#5a005a
46,66,5,83,6,#660066,0x0606,#630063
46,66,6,84,7,#6e006e,0x5606,#6b006b
46,68,1,79,2,#470047,0x5404,#4a004a
46,68,2,80,3,#4f004f,0x0505,#520052
46,68,3,84,7,#6e006e,0x5606,#6b006b
46,69,1,90,13,#560056,0x0505,#520052
46,70,1,85,8,#760076,0x0707,#730073
46,70,2,86,9,#760076,0x0707,#730073
46,70,3,87,10,#6e006e,0x5606,#6b006b
46,70,4,88,11,#660066,0x0606,#630063
46,70,5,89,12,#5e005e,0x5505,#5a005a
46,70,6,95,18,#2f002f,0x0303,#310031
46,70,7,96,19,#270027,0x5202,#290029
46,74,1,84,7,#6e006e,0x5606,#6b006b
46,74,2,85,8,#760076,0x0707,#730073
46,74,3,86,9,#760076,0x0707,#730073
46,74,4,87,10,#6e006e,0x5606,#6b006b
46,74,5,88,11,#660066,0x0606,#630063
46,74,6,89,12,#5e005e,0x5505,#5a005a
46,76,1,77,0,#370037,0x5303,#3a003a
46,76,2,78,1,#3f003f,0x0404,#420042
46,76,3,79,2,#470047,0x5404,#4a004a
46,79,1,84,7,#6e006e,0x5606,#6b006b
46,79,2,85,8,#760076,0x0707,#730073
46,79,3,86,9,#760076,0x0707,#730073
46,79,4,87,10,#6e006e,0x5606,#6b006b
47,34,1,77,0,#3f003f,0x0404,#420042
47,34,2,78,1,#470047,0x5404,#4a004a
47,34,3,79,2,#4f004f,0x0505,#520052
47,35,1,78,1,#470047,0x5404,#4a004a
47,35,2,79,2,#4f004f,0x0505,#520052
47,36,1,84,7,#760076,0x0707,#730073
47,36,2,85,8,#760076,0x0707,#730073
47,36,3,86,9,#6e006e,0x5606,#6b006b
47,36,4,87,10,#660066,0x0606,#630063
47,37,1,84,7,#760076,0x0707,#730073
47,37,2,85,8,#760076,0x0707,#730073
47,37,3,86,9,#6e006e,0x5606,#6b006b
47,37,4,87,10,#660066,0x0606,#630063
47,37,5,88,11,#5e005e,0x5505,#5a005a
47,38,1,79,2,#4f004f,0x0505,#520052
47,38,2,80,3,#560056,0x0505,#520052
47,38,3,81,4,#5e005e,0x5505,#5a005a
47,38,4,82,5,#660066,0x0606,#630063
47,38,5,83,6,#6e006e,0x5606,#6b006b
47,38,6,84,7,#760076,0x0707,#730073
47,49,1,79,2,#4f004f,0x0505,#520052
47,49,2,80,3,#560056,0x0505,#520052
47,49,3,81,4,#5e005e,0x5505,#5a005a
47,49,4,82,5,#660066,0x0606,#630063
47,49,5,83,6,#6e006e,0x5606,#6b006b
47,49,6,84,7,#760076,0x0707,#730073
47,50,1,90,13,#4f004f,0x0505,#520052
47,50,2,94,17,#2f002f,0x0303,#310031
47,50,3,95,18,#270027,0x5202,#290029
47,56,1,77,0,#3f003f,0x0404,#420042
47,56,2,78,1,#470047,0x5404,#4a004a
47,56,3,79,2,#4f004f,0x0505,#520052
47,59,1,77,0,#3f003f,0x0404,#420042
47,59,2,78,1,#470047,0x5404,#4a004a
47,59,3,79,2,#4f004f,0x0505,#520052
47,60,1,83,6,#6e006e,0x5606,#6b006b
47,60,2,84,7,#760076,0x0707,#730073
47,62,1,79,2,#4f004f,0x0505,#520052
47,62,2,80,3,#560056,0x0505,#520052
47,62,3,81,4,#5e005e,0x5505,#5a005a
47,62,4,82,5,#660066,0x0606,#630063
47,62,5,83,6,#6e006e,0x5606,#6b006b
47,62,6,84,7,#760076,0x0707,#730073
47,63,1,84,7,#760076,0x0707,#730073
47,63,2,85,8,#760076,0x0707,#730073
47,63,3,86,9,#6e006e,0x5606,#6b006b
47,63,4,87,10,#660066,0x0606,#630063
47,63,5,90,13,#4f004f,0x0505,#520052
47,63,6,91,14,#470047,0x5404,#4a004a
47,64,1,84,7,#760076,0x0707,#730073
47,64,2,85,8,#760076,0x0707,#730073
47,64,3,86,9,#6e006e,0x5606,#6b006b
47,64,4,87,10,#660066,0x0606,#630063
47,64,5,88,11,#5e005e,0x5505,#5a005a
47,64,6,89,12,#560056,0x0505,#520052
47,65,1,90,13,#4f004f,0x0505,#520052
47,65,2,91,14,#470047,0x5404,#4a004a
47,65,3,92,15,#3f003f,0x0404,#420042
47,65,4,93,16,#370037,0x5303,#3a003a
47,65,5,94,17,#2f002f,0x0303,#310031
47,65,6,95,18,#270027,0x5202,#290029
47,66,1,79,2,#4f004f,0x0505,#520052
47,66,2,80,3,#560056,0x0505,#520052
47,66,3,81,4,#5e005e,0x5505,#5a005a
47,66,4,82,5,#660066,0x0606,#630063
47,66,5,83,6,#6e006e,0x5606,#6b006b
47,66,6,84,7,#760076,0x0707,#730073
47,68,1,79,2,#4f004f,0x0505,#520052
47,68,2,80,3,#560056,0x0505,#520052
47,68,3,84,7,#760076,0x0707,#730073
47,69,1,90,13,#4f004f,0x0505,#520052
47,70,1,85,8,#760076,0x0707,#730073
47,70,2,86,9,#6e006e,0x5606,#6b006b
47,70,3,87,10,#660066,0x0606,#630063
47,70,4,88,11,#5e005e,0x5505,#5a005a
47,70,5,89,12,#560056,0x0505,#520052
47,70,6,95,18,#270027,0x5202,#290029
47,70,7,96,19,#1f001f,0x0202,#210021
47,74,1,84,7,#760076,0x0707,#730073
47,74,2,85,8,#760076,0x0707,#730073
47,74,3,86,9,#6e006e,0x5606,#6b006b
47,74,4,87,10,#660066,0x0606,#630063
47,74,5,88,11,#5e005e,0x5505,#5a005a
47,74,6,89,12,#560056,0x0505,#520052
47,76,1,77,0,#3f003f,0x0404,#420042
47,76,2,78,1,#470047,0x5404,#4a004a
47,76,3,79,2,#4f004f,0x0505,#520052
47,79,1,84,7,#760076,0x0707,#730073
47,79,2,85,8,#760076,0x0707,#730073
47,79,3,86,9,#6e006e,0x5606,#6b006b
47,79,4,87,10,#660066,0x0606,#630063
48,34,1,77,0,#470047,0x5404,#4a004a
48,34,2,78,1,#4f004f,0x0505,#520052
48,34,3,79,2,#560056,0x0505,#520052
48,35,1,78,1,#4f004f,0x0505,#520052
48,35,2,79,2,#560056,0x0505,#520052
48,36,1,84,7,#760076,0x0707,#730073
48,36,2,85,8,#6e006e,0x5606,#6b006b
48,36,3,86,9,#660066,0x0606,#630063
48,36,4,87,10,#5e005e,0x5505,#5a005a
48,37,1,84,7,#760076,0x0707,#730073
48,37,2,85,8,#6e006e,0x5606,#6b006b
48,37,3,86,9,#660066,0x0606,#630063
48,37,4,87,10,#5e005e,0x5505,#5a005a
48,37,5,88,11,#560056,0x0505,#520052
48,38,1,79,2,#560056,0x0505,#520052
48,38,2,80,3,#5e005e,0x5505,#5a005a
48,38,3,81,4,#660066,0x0606,#630063
48,38,4,82,5,#6e006e,0x5606,#6b006b
48,38,5,83,6,#760076,0x0707,#730073
48,38,6,84,7,#760076,0x0707,#730073
48,49,1,79,2,#560056,0x0505,#520052
48,49,2,80,3,#5e005e,0x5505,#5a005a
48,49,3,81,4,#660066,0x0606,#630063
48,49,4,82,5,#6e006e,0x5606,#6b006b
48,49,5,83,6,#760076,0x0707,#730073
48,49,6,84,7,#760076,0x0707,#730073
48,50,1,90,13,#470047,0x5404,#4a004a
48,50,2,94,17,#270027,0x5202,#290029
48,50,3,95,18,#1f001f,0x0202,#210021
48,56,1,77,0,#470047,0x5404,#4a004a
48,56,2,78,1,#4f004f,0x0505,#520052
48,56,3,79,2,#560056,0x0505,#520052
48,59,1,77,0,#470047,0x5404,#4a004a
48,59,2,78,1,#4f004f,0x0505,#520052
48,59,3,79,2,#560056,0x0505,#520052
48,60,1,83,6,#760076,0x0707,#730073
48,60,2,84,7,#760076,0x0707,#730073
48,62,1,79,2,#560056,0x0505,#520052
48,62,2,80,3,#5e005e,0x5505,#5a005a
48,62,3,81,4,#660066,0x0606,#630063
48,62,4,82,5,#6e006e,0x5606,#6b006b
48,62,5,83,6,#760076,0x0707,#730073
48,62,6,84,7,#760076,0x0707,#730073
48,63,1,84,7,#760076,0x0707,#730073
48,63,2,85,8,#6e006e,0x5606,#6b006b
48,63,3,86,9,#660066,0x0606,#630063
48,63,4,87,10,#5e005e,0x5505,#5a005a
48,63,5,90,13,#470047,0x5404,#4a004a
48,63,6,91,14,#3f003f,0x0404,#420042
48,64,1,84,7,#760076,0x0707,#730073
48,64,2,85,8,#6e006e,0x5606,#6b006b
48,64,3,86,9,#660066,0x0606,#630063
48,64,4,87,10,#5e005e,0x5505,#5a005a
48,64,5,88,11,#560056,0x0505,#520052
48,64,6,89,12,#4f004f,0x0505,#520052
48,65,1,90,13,#470047,0x5404,#4a004a
48,65,2,91,14,#3f003f,0x0404,#420042
48,65,3,92,15,#370037,0x5303,#3a003a
48,65,4,93,16,#2f002f,0x0303,#310031
48,65,5,94,17,#270027,0x5202,#290029
48,65,6,95,18,#1f001f,0x0202,#210021
48,66,1,79,2,#560056,0x0505,#520052
48,66,2,80,3,#5e005e,0x5505,#5a005a
48,66,3,81,4,#660066,0x0606,#630063
48,66,4,82,5,#6e006e,0x5606,#6b006b
48,66,5,83,6,#760076,0x0707,#730073
48,66,6,84,7,#760076,0x0707,#730073
48,68,1,79,2,#560056,0x0505,#520052
48,68,2,80,3,#5e005e,0x5505,#5a005a
48,68,3,84,7,#760076,0x0707,#730073
48,69,1,90,13,#470047,0x5404,#4a004a
48,70,1,85,8,#6e006e,0x5606,#6b006b
48,70,2,86,9,#660066,0x0606,#630063
48,70,3,87,10,#5e005e,0x5505,#5a005a
48,70,4,88,11,#560056,0x0505,#520052
48,70,5,89,12,#4f004f,0x0505,#520052
48,70,6,95,18,#1f001f,0x0202,#210021
48,70,7,96,19,#170017,0x5101,#190019
48,74,1,84,7,#760076,0x0707,#730073
48,74,2,85,8,#6e006e,0x5606,#6b006b
48,74,3,86,9,#660066,0x0606,#630063
48,74,4,87,10,#5e005e,0x5505,#5a005a
48,74,5,88,11,#560056,0x0505,#520052
48,74,6,89,12,#4f004f,0x0505,#520052
48,76,1,77,0,#470047,0x5404,#4a004a
48,76,2,78,1,#4f004f,0x0505,#520052
48,76,3,79,2,#560056,0x0505,#520052
48,79,1,84,7,#760076,0x0707,#730073
48,79,2,85,8,#6e006e,0x5606,#6b006b
48,79,3,86,9,#660066,0x0606,#630063
48,79,4,87,10,#5e005e,0x5505,#5a005a
49,34,1,77,0,#4f004f,0x0505,#520052
49,34,2,78,1,#560056,0x0505,#520052
49,34,3,79,2,#5e005e,0x5505,#5a005a
49,35,1,78,1,#560056,0x0505,#520052
49,35,2,79,2,#5e005e,0x5505,#5a005a
49,36,1,84,7,#6e006e,0x5606,#6b006b
49,36,2,85,8,#660066,0x0606,#630063
49,36,3,86,9,#5e005e,0x5505,#5a005a
49,36,4,87,10,#560056,0x0505,#520052
49,37,1,84,7,#6e006e,0x5606,#6b006b
49,37,2,85,8,#660066,0x0606,#630063
49,37,3,86,9,#5e005e,0x5505,#5a005a
49,37,4,87,10,#560056,0x0505,#520052
49,37,5,88,11,#4f004f,0x0505,#520052
49,38,1,79,2,#5e005e,0x5505,#5a005a
49,38,2,80,3,#660066,0x0606,#630063
49,38,3,81,4,#6e006e,0x5606,#6b006b
49,38,4,82,5,#760076,0x0707,#730073
49,38,5,83,6,#760076,0x0707,#730073
49,38,6,84,7,#6e006e,0x5606,#6b006b
49,49,1,79,2,#5e005e,0x5505,#5a005a
49,49,2,80,3,#660066,0x0606,#630063
49,49,3,81,4,#6e006e,0x5606,#6b006b
49,49,4,82,5,#760076,0x0707,#730073
49,49,5,83,6,#760076,0x0707,#730073
49,49,6,84,7,#6e006e,0x5606,#6b006b
49,50,1,90,13,#3f003f,0x0404,#420042
49,50,2,94,17,#1f001f,0x0202,#210021
49,50,3,95,18,#170017,0x5101,#190019
49,56,1,77,0,#4f004f,0x0505,#520052
49,56,2,78,1,#560056,0x0505,#520052
49,56,3,79,2,#5e005e,0x5505,#5a005a
49,59,1,77,0,#4f004f,0x0505,#520052
49,59,2,78,1,#560056,0x0505,#520052
49,59,3,79,2,#5e005e,0x5505,#5a005a
49,60,1,83,6,#760076,0x0707,#730073
49,60,2,84,7,#6e006e,0x5606,#6b006b
49,62,1,79,2,#5e005e,0x5505,#5a005a
49,62,2,80,3,#660066,0x0606,#630063
49,62,3,81,4,#6e006e,0x5606,#6b006b
49,62,4,82,5,#760076,0x0707,#730073
49,62,5,83,6,#760076,0x0707,#730073
49,62,6,84,7,#6e006e,0x5606,#6b006b
49,63,1,84,7,#6e006e,0x5606,#6b006b
49,63,2,85,8,#660066,0x0606,#630063
49,63,3,86,9,#5e005e,0x5505,#5a005a
49,63,4,87,10,#560056,0x0505,#520052
49,63,5,90,13,#3f003f,0x0404,#420042
49,63,6,91,14,#370037,0x5303,#3a003a
49,64,1,84,7,#6e006e,0x5606,#6b006b
49,64,2,85,8,#660066,0x0606,#630063
49,64,3,86,9,#5e005e,0x5505,#5a005a
49,64,4,87,10,#560056,0x0505,#520052
49,64,5,88,11,#4f004f,0x0505,#520052
49,64,6,89,12,#470047,0x5404,#4a004a
49,65,1,90,13,#3f003f,0x0404,#420042
49,65,2,91,14,#370037,0x5303,#3a003a
49,65,3,92,15,#2f002f,0x0303,#310031
49,65,4,93,16,#270027,0x5202,#290029
49,65,5,94,17,#1f001f,0x0202,#210021
49,65,6,95,18,#170017,0x5101,#190019
49,66,1,79,2,#5e005e,0x5505,#5a005a
49,66,2,80,3,#660066,0x0606,#630063
49,66,3,81,4,#6e006e,0x5606,#6b006b
49,66,4,82,5,#760076,0x0707,#730073
49,66,5,83,6,#760076,0x0707,#730073
49,66,6,84,7,#6e006e,0x5606,#6b006b
49,68,1,79,2,#5e005e,0x5505,#5a005a
49,68,2,80,3,#660066,0x0606,#630063
49,68,3,84,7,#6e006e,0x5606,#6b006b
49,69,1,90,13,#3f003f,0x0404,#420042
49,70,1,85,8,#660066,0x0606,#630063
49,70,2,86,9,#5e005e,0x5505,#5a005a
49,70,3,87,10,#560056,0x0505,#520052
49,70,4,88,11,#4f004f,0x0505,#520052
49,70,5,89,12,#470047,0x5404,#4a004a
49,70,6,95,18,#170017,0x5101,#190019
49,70,7,96,19,#0f000f,0x0101,#100010
49,74,1,84,7,#6e006e,0x5606,#6b006b
49,74,2,85,8,#660066,0x0606,#630063
49,74,3,86,9,#5e005e,0x5505,#5a005a
49,74,4,87,10,#560056,0x0505,#520052
49,74,5,88,11,#4f004f,0x0505,#520052
49,74,6,89,12,#470047,0x5404,#4a004a
49,76,1,77,0,#4f004f,0x0505,#520052
49,76,2,78,1,#560056,0x0505,#520052
49,76,3,79,2,#5e005e,0x5505,#5a005a
49,79,1,84,7,#6e006e,0x5606,#6b006b
49,79,2,85,8,#660066,0x0606,#630063
49,79,3,86,9,#5e005e,0x5505,#5a005a
49,79,4,87,10,#560056,0x0505,#520052
50,34,1,77,0,#560056,0x0505,#520052
50,34,2,78,1,#5e005e,0x5505,#5a005a
50,34,3,79,2,#660066,0x0606,#630063
50,35,1,78,1,#5e005e,0x5505,#5a005a
50,35,2,79,2,#660066,0x0606,#630063
50,36,1,84,7,#660066,0x0606,#630063
50,36,2,85,8,#5e005e,0x5505,#5a005a
50,36,3,86,9,#560056,0x0505,#520052
50,36,4,87,10,#4f004f,0x0505,#520052
50,37,1,84,7,#660066,0x0606,#630063
50,37,2,85,8,#5e005e,0x5505,#5a005a
50,37,3,86,9,#560056,0x0505,#520052
50,37,4,87,10,#4f004f,0x0505,#520052
50,37,5,88,11,#470047,0x5404,#4a004a
50,38,1,79,2,#660066,0x0606,#630063
50,38,2,80,3,#6e006e,0x5606,#6b006b
50,38,3,81,4,#760076,0x0707,#730073
50,38,4,82,5,#760076,0x0707,#730073
50,38,5,83,6,#6e006e,0x5606,#6b006b
50,38,6,84,7,#660066,0x0606,#630063
50,49,1,79,2,#660066,0x0606,#630063
50,49,2,80,3,#6e006e,0x5606,#6b006b
50,49,3,81,4,#760076,0x0707,#730073
50,49,4,82,5,#760076,0x0707,#730073
50,49,5,83,6,#6e006e,0x5606,#6b006b
50,49,6,84,7,#660066,0x0606,#630063
50,50,1,90,13,#370037,0x5303,#3a003a
50,50,2,94,17,#170017,0x5101,#190019
50,50,3,95,18,#0f000f,0x0101,#100010
50,56,1,77,0,#560056,0x0505,#520052
50,56,2,78,1,#5e005e,0x5505,#5a005a
50,56,3,79,2,#660066,0x0606,#630063
50,59,1,77,0,#560056,0x0505,#520052
50,59,2,78,1,#5e005e,0x5505,#5a005a
50,59,3,79,2,#660066,0x0606,#630063
50,60,1,83,6,#6e006e,0x5606,#6b006b
50,60,2,84,7,#660066,0x0606,#630063
50,62,1,79,2,#660066,0x0606,#630063
50,62,2,80,3,#6e006e,0x5606,#6b006b
50,62,3,81,4,#760076,0x0707,#730073
50,62,4,82,5,#760076,0x0707,#730073
50,62,5,83,6,#6e006e,0x5606,#6b006b
50,62,6,84,7,#660066,0x0606,#630063
50,63,1,84,7,#660066,0x0606,#630063
50,63,2,85,8,#5e005e,0x5505,#5a005a
50,63,3,86,9,#560056,0x0505,#520052
50,63,4,87,10,#4f004f,0x0505,#520052
50,63,5,90,13,#370037,0x5303,#3a003a
50,63,6,91,14,#2f002f,0x0303,#310031
50,64,1,84,7,#660066,0x0606,#630063
50,64,2,85,8,#5e005e,0x5505,#5a005a
50,64,3,86,9,#560056,0x0505,#520052
50,64,4,87,10,#4f004f,0x0505,#520052
50,64,5,88,11,#470047,0x5404,#4a004a
50,64,6,89,12,#3f003f,0x0404,#420042
50,65,1,90,13,#370037,0x5303,#3a003a
50,65,2,91,14,#2f002f,0x0303,#310031
50,65,3,92,15,#270027,0x5202,#290029
50,65,4,93,16,#1f001f,0x0202,#210021
50,65,5,94,17,#170017,0x5101,#190019
50,65,6,95,18,#0f000f,0x0101,#100010
50,66,1,79,2,#660066,0x0606,#630063
50,66,2,80,3,#6e006e,0x5606,#6b006b
50,66,3,81,4,#760076,0x0707,#730073
50,66,4,82,5,#760076,0x0707,#730073
50,66,5,83,6,#6e006e,0x5606,#6b006b
50,66,6,84,7,#660066,0x0606,#630063
50,68,1,79,2,#660066,0x0606,#630063
50,68,2,80,3,#6e006e,0x5606,#6b006b
50,68,3,84,7,#660066,0x0606,#630063
50,69,1,90,13,#370037,0x5303,#3a003a
50,70,1,85,8,#5e005e,0x5505,#5a005a
50,70,2,86,9,#560056,0x0505,#520052
50,70,3,87,10,#4f004f,0x0505,#520052
50,70,4,88,11,#470047,0x5404,#4a004a
50,70,5,89,12,#3f003f,0x0404,#420042
50,70,6,95,18,#0f000f,0x0101,#100010
50,70,7,96,19,#000032,0x0003,#000031
50,74,1,84,7,#660066,0x0606,#630063
50,74,2,85,8,#5e005e,0x5505,#5a005a
50,74,3,86,9,#560056,0x0505,#520052
50,74,4,87,10,#4f004f,0x0505,#520052
50,74,5,88,11,#470047,0x5404,#4a004a
50,74,6,89,12,#3f003f,0x0404,#420042
50,76,1,77,0,#560056,0x0505,#520052
50,76,2,78,1,#5e005e,0x5505,#5a005a
50,76,3,79,2,#660066,0x0606,#630063
50,79,1,84,7,#660066,0x0606,#630063
50,79,2,85,8,#5e005e,0x5505,#5a005a
50,79,3,86,9,#560056,0x0505,#520052
50,79,4,87,10,#4f004f,0x0505,#520052
51,34,1,77,0,#5e005e,0x5505,#5a005a
51,34,2,78,1,#660066,0x0606,#630063
51,34,3,79,2,#6e006e,0x5606,#6b006b
51,35,1,78,1,#660066,0x0606,#630063
51,35,2,79,2,#6e006e,0x5606,#6b006b
51,36,1,84,7,#5e005e,0x5505,#5a005a
51,36,2,85,8,#560056,0x0505,#520052
51,36,3,86,9,#4f004f,0x0505,#520052
51,36,4,87,10,#470047,0x5404,#4a004a
51,37,1,84,7,#5e005e,0x5505,#5a005a
51,37,2,85,8,#560056,0x0505,#520052
51,37,3,86,9,#4f004f,0x0505,#520052
51,37,4,87,10,#470047,0x5404,#4a004a
51,37,5,88,11,#3f003f,0x0404,#420042
51,38,1,79,2,#6e006e,0x5606,#6b006b
51,38,2,80,3,#760076,0x0707,#730073
51,38,3,81,4,#760076,0x0707,#730073
51,38,4,82,5,#6e006e,0x5606,#6b006b
51,38,5,83,6,#660066,0x0606,#630063
51,38,6,84,7,#5e005e,0x5505,#5a005a
51,49,1,79,2,#6e006e,0x5606,#6b006b
51,49,2,80,3,#760076,0x0707,#730073
51,49,3,81,4,#760076,0x0707,#730073
51,49,4,82,5,#6e006e,0x5606,#6b006b
51,49,5,83,6,#660066,0x0606,#630063
51,49,6,84,7,#5e005e,0x5505,#5a005a
51,50,1,90,13,#2f002f,0x0303,#310031
51,50,2,94,17,#0f000f,0x0101,#100010
51,50,3,95,18,#000032,0x0003,#000031
51,56,1,77,0,#5e005e,0x5505,#5a005a
51,56,2,78,1,#660066,0x0606,#630063
51,56,3,79,2,#6e006e,0x5606,#6b006b
51,59,1,77,0,#5e005e,0x5505,#5a005a
51,59,2,78,1,#660066,0x0606,#630063
51,59,3,79,2,#6e006e,0x5606,#6b006b
51,60,1,83,6,#660066,0x0606,#630063
51,60,2,84,7,#5e005e,0x5505,#5a005a
51,62,1,79,2,#6e006e,0x5606,#6b006b
51,62,2,80,3,#760076,0x0707,#730073
51,62,3,81,4,#760076,0x0707,#730073
51,62,4,82,5,#6e006e,0x5606,#6b006b
51,62,5,83,6,#660066,0x0606,#630063
51,62,6,84,7,#5e005e,0x5505,#5a005a
51,63,1,84,7,#5e005e,0x5505,#5a005a
51,63,2,85,8,#560056,0x0505,#520052
51,63,3,86,9,#4f004f,0x0505,#520052
51,63,4,87,10,#470047,0x5404,#4a004a
51,63,5,90,13,#2f002f,0x0303,#310031
51,63,6,91,14,#270027,0x5202,#290029
51,64,1,84,7,#5e005e,0x5505,#5a005a
51,64,2,85,8,#560056,0x0505,#520052
51,64,3,86,9,#4f004f,0x0505,#520052
51,64,4,87,10,#470047,0x5404,#4a004a
51,64,5,88,11,#3f003f,0x0404,#420042
51,64,6,89,12,#370037,0x5303,#3a003a
51,65,1,90,13,#2f002f,0x0303,#310031
51,65,2,91,14,#270027,0x5202,#290029
51,65,3,92,15,#1f001f,0x0202,#210021
51,65,4,93,16,#170017,0x5101,#190019
51,65,5,94,17,#0f000f,0x0101,#100010
51,65,6,95,18,#000032,0x0003,#000031
51,66,1,79,2,#6e006e,0x5606,#6b006b
51,66,2,80,3,#760076,0x0707,#730073
51,66,3,81,4,#760076,0x0707,#730073
51,66,4,82,5,#6e006e,0x5606,#6b006b
51,66,5,83,6,#660066,0x0606,#630063
51,66,6,84,7,#5e005e,0x5505,#5a005a
51,68,1,79,2,#6e006e,0x5606,#6b006b
51,68,2,80,3,#760076,0x0707,#730073
51,68,3,84,7,#5e005e,0x5505,#5a005a
51,69,1,90,13,#2f002f,0x0303,#310031
51,70,1,85,8,#560056,0x0505,#520052
51,70,2,86,9,#4f004f,0x0505,#520052
51,70,3,87,10,#470047,0x5404,#4a004a
51,70,4,88,11,#3f003f,0x0404,#420042
51,70,5,89,12,#370037,0x5303,#3a003a
51,70,6,95,18,#000032,0x0003,#000031
51,70,7,96,19,#000043,0x0004,#000042
51,74,1,84,7,#5e005e,0x5505,#5a005a
51,74,2,85,8,#560056,0x0505,#520052
51,74,3,86,9,#4f004f,0x0505,#520052
51,74,4,87,10,#470047,0x5404,#4a004a
51,74,5,88,11,#3f003f,0x0404,#420042
51,74,6,89,12,#370037,0x5303,#3a003a
51,76,1,77,0,#5e005e,0x5505,#5a005a
51,76,2,78,1,#660066,0x0606,#630063
51,76,3,79,2,#6e006e,0x5606,#6b006b
51,79,1,84,7,#5e005e,0x5505,#5a005a
51,79,2,85,8,#560056,0x0505,#520052
51,79,3,86,9,#4f004f,0x0505,#520052
51,79,4,87,10,#470047,0x5404,#4a004a
52,34,1,77,0,#660066,0x0606,#630063
52,34,2,78,1,#6e006e,0x5606,#6b006b
52,34,3,79,2,#760076,0x0707,#730073
52,35,1,78,1,#6e006e,0x5606,#6b006b
52,35,2,79,2,#760076,0x0707,#730073
52,36,1,84,7,#560056,0x0505,#520052
52,36,2,85,8,#4f004f,0x0505,#520052
52,36,3,86,9,#470047,0x5404,#4a004a
52,36,4,87,10,#3f003f,0x0404,#420042
52,37,1,84,7,#560056,0x0505,#520052
52,37,2,85,8,#4f004f,0x0505,#520052
52,37,3,86,9,#470047,0x5404,#4a004a
52,37,4,87,10,#3f003f,0x0404,#420042
52,37,5,88,11,#370037,0x5303,#3a003a
52,38,1,79,2,#760076,0x0707,#730073
52,38,2,80,3,#760076,0x0707,#730073
52,38,3,81,4,#6e006e,0x5606,#6b006b
52,38,4,82,5,#660066,0x0606,#630063
52,38,5,83,6,#5e005e,0x5505,#5a005a
52,38,6,84,7,#560056,0x0505,#520052
52,49,1,79,2,#760076,0x0707,#730073
52,49,2,80,3,#760076,0x0707,#730073
52,49,3,81,4,#6e006e,0x5606,#6b006b
52,49,4,82,5,#660066,0x0606,#630063
52,49,5,83,6,#5e005e,0x5505,#5a005a
52,49,6,84,7,#560056,0x0505,#520052
52,50,1,90,13,#270027,0x5202,#290029
52,50,2,94,17,#000032,0x0003,#000031
52,50,3,95,18,#000043,0x0004,#000042
52,56,1,77,0,#660066,0x0606,#630063
52,56,2,78,1,#6e006e,0x5606,#6b006b
52,56,3,79,2,#760076,0x0707,#730073
52,59,1,77,0,#660066,0x0606,#630063
52,59,2,78,1,#6e006e,0x5606,#6b006b
52,59,3,79,2,#760076,0x0707,#730073
52,60,1,83,6,#5e005e,0x5505,#5a005a
52,60,2,84,7,#560056,0x0505,#520052
52,62,1,79,2,#760076,0x0707,#730073
52,62,2,80,3,#760076,0x0707,#730073
52,62,3,81,4,#6e006e,0x5606,#6b006b
52,62,4,82,5,#660066,0x0606,#630063
52,62,5,83,6,#5e005e,0x5505,#5a005a
52,62,6,84,7,#560056,0x0505,#520052
52,63,1,84,7,#560056,0x0505,#520052
52,63,2,85,8,#4f004f,0x0505,#520052
52,63,3,86,9,#470047,0x5404,#4a004a
52,63,4,87,10,#3f003f,0x0404,#420042
52,63,5,90,13,#270027,0x5202,#290029
52,63,6,91,14,#1f001f,0x0202,#210021
52,64,1,84,7,#560056,0x0505,#520052
52,64,2,85,8,#4f004f,0x0505,#520052
52,64,3,86,9,#470047,0x5404,#4a004a
52,64,4,87,10,#3f003f,0x0404,#420042
52,64,5,88,11,#370037,0x5303,#3a003a
52,64,6,89,12,#2f002f,0x0303,#310031
52,65,1,90,13,#270027,0x5202,#290029
52,65,2,91,14,#1f001f,0x0202,#210021
52,65,3,92,15,#170017,0x5101,#190019
52,65,4,93,16,#0f000f,0x0101,#100010
52,65,5,94,17,#000032,0x0003,#000031
52,65,6,95,18,#000043,0x0004,#000042
52,66,1,79,2,#760076,0x0707,#730073
52,66,2,80,3,#760076,0x0707,#730073
52,66,3,81,4,#6e006e,0x5606,#6b006b
52,66,4,82,5,#660066,0x0606,#630063
52,66,5,83,6,#5e005e,0x5505,#5a005a
52,66,6,84,7,#560056,0x0505,#520052
52,68,1,79,2,#760076,0x0707,#730073
52,68,2,80,3,#760076,0x0707,#730073
52,68,3,84,7,#560056,0x0505,#520052
52,69,1,90,13,#270027,0x5202,#290029
52,70,1,85,8,#4f004f,0x0505,#520052
52,70,2,86,9,#470047,0x5404,#4a004a
52,70,3,87,10,#3f003f,0x0404,#420042
52,70,4,88,11,#370037,0x5303,#3a003a
52,70,5,89,12,#2f002f,0x0303,#310031
52,70,6,95,18,#000043,0x0004,#000042
52,70,7,96,19,#000054,0x0005,#000052
52,74,1,84,7,#560056,0x0505,#520052
52,74,2,85,8,#4f004f,0x0505,#520052
52,74,3,86,9,#470047,0x5404,#4a004a
52,74,4,87,10,#3f003f,0x0404,#420042
52,74,5,88,11,#370037,0x5303,#3a003a
52,74,6,89,12,#2f002f,0x0303,#310031
52,76,1,77,0,#660066,0x0606,#630063
52,76,2,78,1,#6e006e,0x5606,#6b006b
52,76,3,79,2,#760076,0x0707,#730073
52,79,1,84,7,#560056,0x0505,#520052
52,79,2,85,8,#4f004f,0x0505,#520052
52,79,3,86,9,#470047,0x5404,#4a004a
52,79,4,87,10,#3f003f,0x0404,#420042
53,34,1,77,0,#6e006e,0x5606,#6b006b
53,34,2,78,1,#760076,0x0707,#730073
53,34,3,79,2,#760076,0x0707,#730073
53,35,1,78,1,#760076,0x0707,#730073
53,35,2,79,2,#760076,0x0707,#730073
53,36,1,84,7,#4f004f,0x0505,#520052
53,36,2,85,8,#470047,0x5404,#4a004a
53,36,3,86,9,#3f003f,0x0404,#420042
53,36,4,87,10,#370037,0x5303,#3a003a
53,37,1,84,7,#4f004f,0x0505,#520052
53,37,2,85,8,#470047,0x5404,#4a004a
53,37,3,86,9,#3f003f,0x0404,#420042
53,37,4,87,10,#370037,0x5303,#3a003a
53,37,5,88,11,#2f002f,0x0303,#310031
53,38,1,79,2,#760076,0x0707,#730073
53,38,2,80,3,#6e006e,0x5606,#6b006b
53,38,3,81,4,#660066,0x0606,#630063
53,38,4,82,5,#5e005e,0x5505,#5a005a
53,38,5,83,6,#560056,0x0505,#520052
53,38,6,84,7,#4f004f,0x0505,#520052
53,49,1,79,2,#760076,0x0707,#730073
53,49,2,80,3,#6e006e,0x5606,#6b006b
53,49,3,81,4,#660066,0x0606,#630063
53,49,4,82,5,#5e005e,0x5505,#5a005a
53,49,5,83,6,#560056,0x0505,#520052
53,49,6,84,7,#4f004f,0x0505,#520052
53,50,1,90,13,#1f001f,0x0202,#210021
53,50,2,94,17,#000043,0x0004,#000042
53,50,3,95,18,#000054,0x0005,#000052
53,56,1,77,0,#6e006e,0x5606,#6b006b
53,56,2,78,1,#760076,0x0707,#730073
53,56,3,79,2,#760076,0x0707,#730073
53,59,1,77,0,#6e006e,0x5606,#6b006b
53,59,2,78,1,#760076,0x0707,#730073
53,59,3,79,2,#760076,0x0707,#730073
53,60,1,83,6,#560056,0x0505,#520052
53,60,2,84,7,#4f004f,0x0505,#520052
53,62,1,79,2,#760076,0x0707,#730073
53,62,2,80,3,#6e006e,0x5606,#6b006b
53,62,3,81,4,#660066,0x0606,#630063
53,62,4,82,5,#5e005e,0x5505,#5a005a
53,62,5,83,6,#560056,0x0505,#520052
53,62,6,84,7,#4f004f,0x0505,#520052
53,63,1,84,7,#4f004f,0x0505,#520052
53,63,2,85,8,#470047,0x5404,#4a004a
53,63,3,86,9,#3f003f,0x0404,#420042
53,63,4,87,10,#370037,0x5303,#3a003a
53,63,5,90,13,#1f001f,0x0202,#210021
53,63,6,91,14,#170017,0x5101,#190019
53,64,1,84,7,#4f004f,0x0505,#520052
53,64,2,85,8,#470047,0x5404,#4a004a
53,64,3,86,9,#3f003f,0x0404,#420042
53,64,4,87,10,#370037,0x5303,#3a003a
53,64,5,88,11,#2f002f,0x0303,#310031
53,64,6,89,12,#270027,0x5202,#290029
53,65,1,90,13,#1f001f,0x0202,#210021
53,65,2,91,14,#170017,0x5101,#190019
53,65,3,92,15,#0f000f,0x0101,#100010
53,65,4,93,16,#000032,0x0003,#000031
53,65,5,94,17,#000043,0x0004,#000042
53,65,6,95,18,#000054,0x0005,#000052
53,66,1,79,2,#760076,0x0707,#730073
53,66,2,80,3,#6e006e,0x5606,#6b006b
53,66,3,81,4,#660066,0x0606,#630063
53,66,4,82,5,#5e005e,0x5505,#5a005a
53,66,5,83,6,#560056,0x0505,#520052
53,66,6,84,7,#4f004f,0x0505,#520052
53,68,1,79,2,#760076,0x0707,#730073
53,68,2,80,3,#6e006e,0x5606,#6b006b
53,68,3,84,7,#4f004f,0x0505,#520052
53,69,1,90,13,#1f001f,0x0202,#210021
53,70,1,85,8,#470047,0x5404,#4a004a
53,70,2,86,9,#3f003f,0x0404,#420042
53,70,3,87,10,#370037,0x5303,#3a003a
53,70,4,88,11,#2f002f,0x0303,#310031
53,70,5,89,12,#270027,0x5202,#290029
53,70,6,95,18,#000054,0x0005,#000052
53,70,7,96,19,#000065,0x0006,#000063
53,74,1,84,7,#4f004f,0x0505,#520052
53,74,2,85,8,#470047,0x5404,#4a004a
53,74,3,86,9,#3f003f,0x0404,#420042
53,74,4,87,10,#370037,0x5303,#3a003a
53,74,5,88,11,#2f002f,0x0303,#310031
53,74,6,89,12,#270027,0x5202,#290029
53,76,1,77,0,#6e006e,0x5606,#6b006b
53,76,2,78,1,#760076,0x0707,#730073
53,76,3,79,2,#760076,0x0707,#730073
53,79,1,84,7,#4f004f,0x0505,#520052
53,79,2,85,8,#470047,0x5404,#4a004a
53,79,3,86,9,#3f003f,0x0404,#420042
53,79,4,87,10,#370037,0x5303,#3a003a
54,34,1,77,0,#760076,0x0707,#730073
54,34,2,78,1,#760076,0x0707,#730073
54,34,3,79,2,#6e006e,0x5606,#6b006b
54,35,1,78,1,#760076,0x0707,#730073
54,35,2,79,2,#6e006e,0x5606,#6b006b
54,36,1,84,7,#470047,0x5404,#4a004a
54,36,2,85,8,#3f003f,0x0404,#420042
54,36,3,86,9,#370037,0x5303,#3a003a
54,36,4,87,10,#2f002f,0x0303,#310031
54,37,1,84,7,#470047,0x5404,#4a004a
54,37,2,85,8,#3f003f,0x0404,#420042
54,37,3,86,9,#370037,0x5303,#3a003a
54,37,4,87,10,#2f002f,0x0303,#310031
54,37,5,88,11,#270027,0x5202,#290029
54,38,1,79,2,#6e006e,0x5606,#6b006b
54,38,2,80,3,#660066,0x0606,#630063
54,38,3,81,4,#5e005e,0x5505,#5a005a
54,38,4,82,5,#560056,0x0505,#520052
54,38,5,83,6,#4f004f,0x0505,#520052
54,38,6,84,7,#470047,0x5404,#4a004a
54,49,1,79,2,#6e006e,0x5606,#6b006b
54,49,2,80,3,#660066,0x0606,#630063
54,49,3,81,4,#5e005e,0x5505,#5a005a
54,49,4,82,5,#560056,0x0505,#520052
54,49,5,83,6,#4f004f,0x0505,#520052
54,49,6,84,7,#470047,0x5404,#4a004a
54,50,1,90,13,#170017,0x5101,#190019
54,50,2,94,17,#000054,0x0005,#000052
54,50,3,95,18,#000065,0x0006,#000063
54,56,1,77,0,#760076,0x0707,#730073
54,56,2,78,1,#760076,0x0707,#730073
54,56,3,79,2,#6e006e,0x5606,#6b006b
54,59,1,77,0,#760076,0x0707,#730073
54,59,2,78,1,#760076,0x0707,#730073
54,59,3,79,2,#6e006e,0x5606,#6b006b
54,60,1,83,6,#4f004f,0x0505,#520052
54,60,2,84,7,#470047,0x5404,#4a004a
54,62,1,79,2,#6e006e,0x5606,#6b006b
54,62,2,80,3,#660066,0x0606,#630063
54,62,3,81,4,#5e005e,0x5505,#5a005a
54,62,4,82,5,#560056,0x0505,#520052
54,62,5,83,6,#4f004f,0x0505,#520052
54,62,6,84,7,#470047,0x5404,#4a004a
54,63,1,84,7,#470047,0x5404,#4a004a
54,63,2,85,8,#3f003f,0x0404,#420042
54,63,3,86,9,#370037,0x5303,#3a003a
54,63,4,87,10,#2f002f,0x0303,#310031
54,63,5,90,13,#170017,0x5101,#190019
54,63,6,91,14,#0f000f,0x0101,#100010
54,64,1,84,7,#470047,0x5404,#4a004a
54,64,2,85,8,#3f003f,0x0404,#420042
54,64,3,86,9,#370037,0x5303,#3a003a
54,64,4,87,10,#2f002f,0x0303,#310031
54,64,5,88,11,#270027,0x5202,#290029
54,64,6,89,12,#1f001f,0x0202,#210021
54,65,1,90,13,#170017,0x5101,#190019
54,65,2,91,14,#0f000f,0x0101,#100010
54,65,3,92,15,#000032,0x0003,#000031
54,65,4,93,16,#000043,0x0004,#000042
54,65,5,94,17,#000054,0x0005,#000052
54,65,6,95,18,#000065,0x0006,#000063
54,66,1,79,2,#6e006e,0x5606,#6b006b
54,66,2,80,3,#660066,0x0606,#630063
54,66,3,81,4,#5e005e,0x5505,#5a005a
54,66,4,82,5,#560056,0x0505,#520052
54,66,5,83,6,#4f004f,0x0505,#520052
54,66,6,84,7,#470047,0x5404,#4a004a
54,68,1,79,2,#6e006e,0x5606,#6b006b
54,68,2,80,3,#660066,0x0606,#630063
54,68,3,84,7,#470047,0x5404,#4a004a
54,69,1,90,13,#170017,0x5101,#190019
54,70,1,85,8,#3f003f,0x0404,#420042
54,70,2,86,9,#370037,0x5303,#3a003a
54,70,3,87,10,#2f002f,0x0303,#310031
54,70,4,88,11,#270027,0x5202,#290029
54,70,5,89,12,#1f001f,0x0202,#210021
54,70,6,95,18,#000065,0x0006,#000063
54,70,7,96,19,#000076,0x0007,#000073
54,74,1,84,7,#470047,0x5404,#4a004a
54,74,2,85,8,#3f003f,0x0404,#420042
54,74,3,86,9,#370037,0x5303,#3a003a
54,74,4,87,10,#2f002f,0x0303,#310031
54,74,5,88,11,#270027,0x5202,#290029
54,74,6,89,12,#1f001f,0x0202,#210021
54,76,1,77,0,#760076,0x0707,#730073
54,76,2,78,1,#760076,0x0707,#730073
54,76,3,79,2,#6e006e,0x5606,#6b006b
54,79,1,84,7,#470047,0x5404,#4a004a
54,79,2,85,8,#3f003f,0x0404,#420042
54,79,3,86,9,#370037,0x5303,#3a003a
54,79,4,87,10,#2f002f,0x0303,#310031
55,34,1,77,0,#760076,0x0707,#730073
55,34,2,78,1,#6e006e,0x5606,#6b006b
55,34,3,79,2,#660066,0x0606,#630063
55,35,1,78,1,#6e006e,0x5606,#6b006b
55,35,2,79,2,#660066,0x0606,#630063
55,36,1,84,7,#3f003f,0x0404,#420042
55,36,2,85,8,#370037,0x5303,#3a003a
55,36,3,86,9,#2f002f,0x0303,#310031
55,36,4,87,10,#270027,0x5202,#290029
55,37,1,84,7,#3f003f,0x0404,#420042
55,37,2,85,8,#370037,0x5303,#3a003a
55,37,3,86,9,#2f002f,0x0303,#310031
55,37,4,87,10,#270027,0x5202,#290029
55,37,5,88,11,#1f001f,0x0202,#210021
55,38,1,79,2,#660066,0x0606,#630063
55,38,2,80,3,#5e005e,0x5505,#5a005a
55,38,3,81,4,#560056,0x0505,#520052
55,38,4,82,5,#4f004f,0x0505,#520052
55,38,5,83,6,#470047,0x5404,#4a004a
55,38,6,84,7,#3f003f,0x0404,#420042
55,49,1,79,2,#660066,0x0606,#630063
55,49,2,80,3,#5e005e,0x5505,#5a005a
55,49,3,81,4,#560056,0x0505,#520052
55,49,4,82,5,#4f004f,0x0505,#520052
55,49,5,83,6,#470047,0x5404,#4a004a
55,49,6,84,7,#3f003f,0x0404,#420042
55,50,1,90,13,#0f000f,0x0101,#100010
55,50,2,94,17,#000065,0x0006,#000063
55,50,3,95,18,#000076,0x0007,#000073
55,56,1,77,0,#760076,0x0707,#730073
55,56,2,78,1,#6e006e,0x5606,#6b006b
55,56,3,79,2,#660066,0x0606,#630063
55,59,1,77,0,#760076,0x0707,#730073
55,59,2,78,1,#6e006e,0x5606,#6b006b
55,59,3,79,2,#660066,0x0606,#630063
55,60,1,83,6,#470047,0x5404,#4a004a
55,60,2,84,7,#3f003f,0x0404,#420042
55,62,1,79,2,#660066,0x0606,#630063
55,62,2,80,3,#5e005e,0x5505,#5a005a
55,62,3,81,4,#560056,0x0505,#520052
55,62,4,82,5,#4f004f,0x0505,#520052
55,62,5,83,6,#470047,0x5404,#4a004a
55,62,6,84,7,#3f003f,0x0404,#420042
55,63,1,84,7,#3f003f,0x0404,#420042
55,63,2,85,8,#370037,0x5303,#3a003a
55,63,3,86,9,#2f002f,0x0303,#310031
55,63,4,87,10,#270027,0x5202,#290029
55,63,5,90,13,#0f000f,0x0101,#100010
55,63,6,91,14,#000032,0x0003,#000031
55,64,1,84,7,#3f003f,0x0404,#420042
55,64,2,85,8,#370037,0x5303,#3a003a
55,64,3,86,9,#2f002f,0x0303,#310031
55,64,4,87,10,#270027,0x5202,#290029
55,64,5,88,11,#1f001f,0x0202,#210021
55,64,6,89,12,#170017,0x5101,#190019
55,65,1,90,13,#0f000f,0x0101,#100010
55,65,2,91,14,#000032,0x0003,#000031
55,65,3,92,15,#000043,0x0004,#000042
55,65,4,93,16,#000054,0x0005,#000052
55,65,5,94,17,#000065,0x0006,#000063
55,65,6,95,18,#000076,0x0007,#000073
55,66,1,79,2,#660066,0x0606,#630063
55,66,2,80,3,#5e005e,0x5505,#5a005a
55,66,3,81,4,#560056,0x0505,#520052
55,66,4,82,5,#4f004f,0x0505,#520052
55,66,5,83,6,#470047,0x5404,#4a004a
55,66,6,84,7,#3f003f,0x0404,#420042
55,68,1,79,2,#660066,0x0606,#630063
55,68,2,80,3,#5e005e,0x5505,#5a005a
55,68,3,84,7,#3f003f,0x0404,#420042
55,69,1,90,13,#0f000f,0x0101,#100010
55,70,1,85,8,#370037,0x5303,#3a003a
55,70,2,86,9,#2f002f,0x0303,#310031
55,70,3,87,10,#270027,0x5202,#290029
55,70,4,88,11,#1f001f,0x0202,#210021
55,70,5,89,12,#170017,0x5101,#190019
55,70,6,95,18,#000076,0x0007,#000073
55,70,7,96,19,#000087,0x0008,#000084
55,74,1,84,7,#3f003f,0x0404,#420042
55,74,2,85,8,#370037,0x5303,#3a003a
55,74,3,86,9,#2f002f,0x0303,#310031
55,74,4,87,10,#270027,0x5202,#290029
55,74,5,88,11,#1f001f,0x0202,#210021
55,74,6,89,12,#170017,0x5101,#190019
55,76,1,77,0,#760076,0x0707,#730073
55,76,2,78,1,#6e006e,0x5606,#6b006b
55,76,3,79,2,#660066,0x0606,#630063
55,79,1,84,7,#3f003f,0x0404,#420042
55,79,2,85,8,#370037,0x5303,#3a003a
55,79,3,86,9,#2f002f,0x0303,#310031
55,79,4,87,10,#270027,0x5202,#290029
56,34,1,77,0,#6e006e,0x5606,#6b006b
56,34,2,78,1,#660066,0x0606,#630063
56,34,3,79,2,#5e005e,0x5505,#5a005a
56,35,1,78,1,#660066,0x0606,#630063
56,35,2,79,2,#5e005e,0x5505,#5a005a
56,36,1,84,7,#370037,0x5303,#3a003a
56,36,2,85,8,#2f002f,0x0303,#310031
56,36,3,86,9,#270027,0x5202,#290029
56,36,4,87,10,#1f001f,0x0202,#210021
56,37,1,84,7,#370037,0x5303,#3a003a
56,37,2,85,8,#2f002f,0x0303,#310031
56,37,3,86,9,#270027,0x5202,#290029
56,37,4,87,10,#1f001f,0x0202,#210021
56,37,5,88,11,#170017,0x5101,#190019
56,38,1,79,2,#5e005e,0x5505,#5a005a
56,38,2,80,3,#560056,0x0505,#520052
56,38,3,81,4,#4f004f,0x0505,#520052
56,38,4,82,5,#470047,0x5404,#4a004a
56,38,5,83,6,#3f003f,0x0404,#420042
56,38,6,84,7,#370037,0x5303,#3a003a
56,49,1,79,2,#5e005e,0x5505,#5a005a
56,49,2,80,3,#560056,0x0505,#520052
56,49,3,81,4,#4f004f,0x0505,#520052
56,49,4,82,5,#470047,0x5404,#4a004a
56,49,5,83,6,#3f003f,0x0404,#420042
56,49,6,84,7,#370037,0x5303,#3a003a
56,50,1,90,13,#000032,0x0003,#000031
56,50,2,94,17,#000076,0x0007,#000073
56,50,3,95,18,#000087,0x0008,#000084
56,56,1,77,0,#6e006e,0x5606,#6b006b
56,56,2,78,1,#660066,0x0606,#630063
56,56,3,79,2,#5e005e,0x5505,#5a005a
56,59,1,77,0,#6e006e,0x5606,#6b006b
56,59,2,78,1,#660066,0x0606,#630063
56,59,3,79,2,#5e005e,0x5505,#5a005a
56,60,1,83,6,#3f003f,0x0404,#420042
56,60,2,84,7,#370037,0x5303,#3a003a
56,62,1,79,2,#5e005e,0x5505,#5a005a
56,62,2,80,3,#560056,0x0505,#520052
56,62,3,81,4,#4f004f,0x0505,#520052
56,62,4,82,5,#470047,0x5404,#4a004a
56,62,5,83,6,#3f003f,0x0404,#420042
56,62,6,84,7,#370037,0x5303,#3a003a
56,63,1,84,7,#370037,0x5303,#3a003a
56,63,2,85,8,#2f002f,0x0303,#310031
56,63,3,86,9,#270027,0x5202,#290029
56,63,4,87,10,#1f001f,0x0202,#210021
56,63,5,90,13,#000032,0x0003,#000031
56,63,6,91,14,#000043,0x0004,#000042
56,64,1,84,7,#370037,0x5303,#3a003a
56,64,2,85,8,#2f002f,0x0303,#310031
56,64,3,86,9,#270027,0x5202,#290029
56,64,4,87,10,#1f001f,0x0202,#210021
56,64,5,88,11,#170017,0x5101,#190019
56,64,6,89,12,#0f000f,0x0101,#100010
56,65,1,90,13,#000032,0x0003,#000031
56,65,2,91,14,#000043,0x0004,#000042
56,65,3,92,15,#000054,0x0005,#000052
56,65,4,93,16,#000065,0x0006,#000063
56,65,5,94,17,#000076,0x0007,#000073
56,65,6,95,18,#000087,0x0008,#000084
56,66,1,79,2,#5e005e,0x5505,#5a005a
56,66,2,80,3,#560056,0x0505,#520052
56,66,3,81,4,#4f004f,0x0505,#520052
56,66,4,82,5,#470047,0x5404,#4a004a
56,66,5,83,6,#3f003f,0x0404,#420042
56,66,6,84,7,#370037,0x5303,#3a003a
56,68,1,79,2,#5e005e,0x5505,#5a005a
56,68,2,80,3,#560056,0x0505,#520052
56,68,3,84,7,#370037,0x5303,#3a003a
56,69,1,90,13,#000032,0x0003,#000031
56,70,1,85,8,#2f002f,0x0303,#310031
56,70,2,86,9,#270027,0x5202,#290029
56,70,3,87,10,#1f001f,0x0202,#210021
56,70,4,88,11,#170017,0x5101,#190019
56,70,5,89,12,#0f000f,0x0101,#100010
56,70,6,95,18,#000087,0x0008,#000084
56,70,7,96,19,#000098,0x0009,#000094
56,74,1,84,7,#370037,0x5303,#3a003a
56,74,2,85,8,#2f002f,0x0303,#310031
56,74,3,86,9,#270027,0x5202,#290029
56,74,4,87,10,#1f001f,0x0202,#210021
56,74,5,88,11,#170017,0x5101,#190019
56,74,6,89,12,#0f000f,0x0101,#100010
56,76,1,77,0,#6e006e,0x5606,#6b006b
56,76,2,78,1,#660066,0x0606,#630063
56,76,3,79,2,#5e005e,0x5505,#5a005a
56,79,1,84,7,#370037,0x5303,#3a003a
56,79,2,85,8,#2f002f,0x0303,#310031
56,79,3,86,9,#270027,0x5202,#290029
56,79,4,87,10,#1f001f,0x0202,#210021
57,34,1,77,0,#660066,0x0606,#630063
57,34,2,78,1,#5e005e,0x5505,#5a005a
57,34,3,79,2,#560056,0x0505,#520052
57,35,1,78,1,#5e005e,0x5505,#5a005a
57,35,2,79,2,#560056,0x0505,#520052
57,36,1,84,7,#2f002f,0x0303,#310031
57,36,2,85,8,#270027,0x5202,#290029
57,36,3,86,9,#1f001f,0x0202,#210021
57,36,4,87,10,#170017,0x5101,#190019
57,37,1,84,7,#2f002f,0x0303,#310031
57,37,2,85,8,#270027,0x5202,#290029
57,37,3,86,9,#1f001f,0x0202,#210021
57,37,4,87,10,#170017,0x5101,#190019
57,37,5,88,11,#0f000f,0x0101,#100010
57,38,1,79,2,#560056,0x0505,#520052
57,38,2,80,3,#4f004f,0x0505,#520052
57,38,3,81,4,#470047,0x5404,#4a004a
57,38,4,82,5,#3f003f,0x0404,#420042
57,38,5,83,6,#370037,0x5303,#3a003a
57,38,6,84,7,#2f002f,0x0303,#310031
57,49,1,79,2,#560056,0x0505,#520052
57,49,2,80,3,#4f004f,0x0505,#520052
57,49,3,81,4,#470047,0x5404,#4a004a
57,49,4,82,5,#3f003f,0x0404,#420042
57,49,5,83,6,#370037,0x5303,#3a003a
57,49,6,84,7,#2f002f,0x0303,#310031
57,50,1,90,13,#000043,0x0004,#000042
57,50,2,94,17,#000087,0x0008,#000084
57,50,3,95,18,#000098,0x0009,#000094
57,56,1,77,0,#660066,0x0606,#630063
57,56,2,78,1,#5e005e,0x5505,#5a005a
57,56,3,79,2,#560056,0x0505,#520052
57,59,1,77,0,#660066,0x0606,#630063
57,59,2,78,1,#5e005e,0x5505,#5a005a
57,59,3,79,2,#560056,0x0505,#520052
57,60,1,83,6,#370037,0x5303,#3a003a
57,60,2,84,7,#2f002f,0x0303,#310031
57,62,1,79,2,#560056,0x0505,#520052
57,62,2,80,3,#4f004f,0x0505,#520052
57,62,3,81,4,#470047,0x5404,#4a004a
57,62,4,82,5,#3f003f,0x0404,#420042
57,62,5,83,6,#370037,0x5303,#3a003a
57,62,6,84,7,#2f002f,0x0303,#310031
57,63,1,84,7,#2f002f,0x0303,#310031
57,63,2,85,8,#270027,0x5202,#290029
57,63,3,86,9,#1f001f,0x0202,#210021
57,63,4,87,10,#170017,0x5101,#190019
57,63,5,90,13,#000043,0x0004,#000042
57,63,6,91,14,#000054,0x0005,#000052
57,64,1,84,7,#2f002f,0x0303,#310031
57,64,2,85,8,#270027,0x5202,#290029
57,64,3,86,9,#1f001f,0x0202,#210021
57,64,4,87,10,#170017,0x5101,#190019
57,64,5,88,11,#0f000f,0x0101,#100010
57,64,6,89,12,#000032,0x0003,#000031
57,65,1,90,13,#000043,0x0004,#000042
57,65,2,91,14,#000054,0x0005,#000052
57,65,3,92,15,#000065,0x0006,#000063
57,65,4,93,16,#000076,0x0007,#000073
57,65,5,94,17,#000087,0x0008,#000084
57,65,6,95,18,#000098,0x0009,#000094
57,66,1,79,2,#560056,0x0505,#520052
57,66,2,80,3,#4f004f,0x0505,#520052
57,66,3,81,4,#470047,0x5404,#4a004a
57,66,4,82,5,#3f003f,0x0404,#420042
57,66,5,83,6,#370037,0x5303,#3a003a
57,66,6,84,7,#2f002f,0x0303,#310031
57,68,1,79,2,#560056,0x0505,#520052
57,68,2,80,3,#4f004f,0x0505,#520052
57,68,3,84,7,#2f002f,0x0303,#310031
57,69,1,90,13,#000043,0x0004,#000042
57,70,1,85,8,#270027,0x5202,#290029
57,70,2,86,9,#1f001f,0x0202,#210021
57,70,3,87,10,#170017,0x5101,#190019
57,70,4,88,11,#0f000f,0x0101,#100010
57,70,5,89,12,#000032,0x0003,#000031
57,70,6,95,18,#000098,0x0009,#000094
57,70,7,96,19,#0000a9,0x100a,#0000ad
57,74,1,84,7,#2f002f,0x0303,#310031
57,74,2,85,8,#270027,0x5202,#290029
57,74,3,86,9,#1f001f,0x0202,#210021
57,74,4,87,10,#170017,0x5101,#190019
57,74,5,88,11,#0f000f,0x0101,#100010
57,74,6,89,12,#000032,0x0003,#000031
57,76,1,77,0,#660066,0x0606,#630063
57,76,2,78,1,#5e005e,0x5505,#5a005a
57,76,3,79,2,#560056,0x0505,#520052
57,79,1,84,7,#2f002f,0x0303,#310031
57,79,2,85,8,#270027,0x5202,#290029
57,79,3,86,9,#1f001f,0x0202,#210021
57,79,4,87,10,#170017,0x5101,#190019
58,34,1,77,0,#5e005e,0x5505,#5a005a
58,34,2,78,1,#560056,0x0505,#520052
58,34,3,79,2,#4f004f,0x0505,#520052
58,35,1,78,1,#560056,0x0505,#520052
58,35,2,79,2,#4f004f,0x0505,#520052
58,36,1,84,7,#270027,0x5202,#290029
58,36,2,85,8,#1f001f,0x0202,#210021
58,36,3,86,9,#170017,0x5101,#190019
58,36,4,87,10,#0f000f,0x0101,#100010
58,37,1,84,7,#270027,0x5202,#290029
58,37,2,85,8,#1f001f,0x0202,#210021
58,37,3,86,9,#170017,0x5101,#190019
58,37,4,87,10,#0f000f,0x0101,#100010
58,37,5,88,11,#000032,0x0003,#000031
58,38,1,79,2,#4f004f,0x0505,#520052
58,38,2,80,3,#470047,0x5404,#4a004a
58,38,3,81,4,#3f003f,0x0404,#420042
58,38,4,82,5,#370037,0x5303,#3a003a
58,38,5,83,6,#2f002f,0x0303,#310031
58,38,6,84,7,#270027,0x5202,#290029
58,49,1,79,2,#4f004f,0x0505,#520052
58,49,2,80,3,#470047,0x5404,#4a004a
58,49,3,81,4,#3f003f,0x0404,#420042
58,49,4,82,5,#370037,0x5303,#3a003a
58,49,5,83,6,#2f002f,0x0303,#310031
58,49,6,84,7,#270027,0x5202,#290029
58,50,1,90,13,#000054,0x0005,#000052
58,50,2,94,17,#000098,0x0009,#000094
58,50,3,95,18,#0000a9,0x100a,#0000ad
58,56,1,77,0,#5e005e,0x5505,#5a005a
58,56,2,78,1,#560056,0x0505,#520052
58,56,3,79,2,#4f004f,0x0505,#520052
58,59,1,77,0,#5e005e,0x5505,#5a005a
58,59,2,78,1,#560056,0x0505,#520052
58,59,3,79,2,#4f004f,0x0505,#520052
58,60,1,83,6,#2f002f,0x0303,#310031
58,60,2,84,7,#270027,0x5202,#290029
58,62,1,79,2,#4f004f,0x0505,#520052
58,62,2,80,3,#470047,0x5404,#4a004a
58,62,3,81,4,#3f003f,0x0404,#420042
58,62,4,82,5,#370037,0x5303,#3a003a
58,62,5,83,6,#2f002f,0x0303,#310031
58,62,6,84,7,#270027,0x5202,#290029
58,63,1,84,7,#270027,0x5202,#290029
58,63,2,85,8,#1f001f,0x0202,#210021
58,63,3,86,9,#170017,0x5101,#190019
58,63,4,87,10,#0f000f,0x0101,#100010
58,63,5,90,13,#000054,0x0005,#000052
58,63,6,91,14,#000065,0x0006,#000063
58,64,1,84,7,#270027,0x5202,#290029
58,64,2,85,8,#1f001f,0x0202,#210021
58,64,3,86,9,#170017,0x5101,#190019
58,64,4,87,10,#0f000f,0x0101,#100010
58,64,5,88,11,#000032,0x0003,#000031
58,64,6,89,12,#000043,0x0004,#000042
58,65,1,90,13,#000054,0x0005,#000052
58,65,2,91,14,#000065,0x0006,#000063
58,65,3,92,15,#000076,0x0007,#000073
58,65,4,93,16,#000087,0x0008,#000084
58,65,5,94,17,#000098,0x0009,#000094
58,65,6,95,18,#0000a9,0x100a,#0000ad
58,66,1,79,2,#4f004f,0x0505,#520052
58,66,2,80,3,#470047,0x5404,#4a004a
58,66,3,81,4,#3f003f,0x0404,#420042
58,66,4,82,5,#370037,0x5303,#3a003a
58,66,5,83,6,#2f002f,0x0303,#310031
58,66,6,84,7,#270027,0x5202,#290029
58,68,1,79,2,#4f004f,0x0505,#520052
58,68,2,80,3,#470047,0x5404,#4a004a
58,68,3,84,7,#270027,0x5202,#290029
58,69,1,90,13,#000054,0x0005,#000052
58,70,1,85,8,#1f001f,0x0202,#210021
58,70,2,86,9,#170017,0x5101,#190019
58,70,3,87,10,#0f000f,0x0101,#100010
58,70,4,88,11,#000032,0x0003,#000031
58,70,5,89,12,#000043,0x0004,#000042
58,70,6,95,18,#0000a9,0x100a,#0000ad
58,70,7,96,19,#0000ba,0x100b,#0000bd
58,74,1,84,7,#270027,0x5202,#290029
58,74,2,85,8,#1f001f,0x0202,#210021
58,74,3,86,9,#170017,0x5101,#190019
58,74,4,87,10,#0f000f,0x0101,#100010
58,74,5,88,11,#000032,0x0003,#000031
58,74,6,89,12,#000043,0x0004,#000042
58,76,1,77,0,#5e005e,0x5505,#5a005a
58,76,2,78,1,#560056,0x0505,#520052
58,76,3,79,2,#4f004f,0x0505,#520052
58,79,1,84,7,#270027,0x5202,#290029
58,79,2,85,8,#1f001f,0x0202,#210021
58,79,3,86,9,#170017,0x5101,#190019
58,79,4,87,10,#0f000f,0x0101,#100010
59,34,1,77,0,#560056,0x0505,#520052
59,34,2,78,1,#4f004f,0x0505,#520052
59,34,3,79,2,#470047,0x5404,#4a004a
59,35,1,78,1,#4f004f,0x0505,#520052
59,35,2,79,2,#470047,0x5404,#4a004a
59,36,1,84,7,#1f001f,0x0202,#210021
59,36,2,85,8,#170017,0x5101,#190019
59,36,3,86,9,#0f000f,0x0101,#100010
59,36,4,87,10,#000032,0x0003,#000031
59,37,1,84,7,#1f001f,0x0202,#210021
59,37,2,85,8,#170017,0x5101,#190019
59,37,3,86,9,#0f000f,0x0101,#100010
59,37,4,87,10,#000032,0x0003,#000031
59,37,5,88,11,#000043,0x0004,#000042
59,38,1,79,2,#470047,0x5404,#4a004a
59,38,2,80,3,#3f003f,0x0404,#420042
59,38,3,81,4,#370037,0x5303,#3a003a
59,38,4,82,5,#2f002f,0x0303,#310031
59,38,5,83,6,#270027,0x5202,#290029
59,38,6,84,7,#1f001f,0x0202,#210021
59,49,1,79,2,#470047,0x5404,#4a004a
59,49,2,80,3,#3f003f,0x0404,#420042
59,49,3,81,4,#370037,0x5303,#3a003a
59,49,4,82,5,#2f002f,0x0303,#310031
59,49,5,83,6,#270027,0x5202,#290029
59,49,6,84,7,#1f001f,0x0202,#210021
59,50,1,90,13,#000065,0x0006,#000063
59,50,2,94,17,#0000a9,0x100a,#0000ad
59,50,3,95,18,#0000ba,0x100b,#0000bd
59,56,1,77,0,#560056,0x0505,#520052
59,56,2,78,1,#4f004f,0x0505,#520052
59,56,3,79,2,#470047,0x5404,#4a004a
59,59,1,77,0,#560056,0x0505,#520052
59,59,2,78,1,#4f004f,0x0505,#520052
59,59,3,79,2,#470047,0x5404,#4a004a
59,60,1,83,6,#270027,0x5202,#290029
59,60,2,84,7,#1f001f,0x0202,#210021
59,62,1,79,2,#470047,0x5404,#4a004a
59,62,2,80,3,#3f003f,0x0404,#420042
59,62,3,81,4,#370037,0x5303,#3a003a
59,62,4,82,5,#2f002f,0x0303,#310031
59,62,5,83,6,#270027,0x5202,#290029
59,62,6,84,7,#1f001f,0x0202,#210021
59,63,1,84,7,#1f001f,0x0202,#210021
59,63,2,85,8,#170017,0x5101,#190019
59,63,3,86,9,#0f000f,0x0101,#100010
59,63,4,87,10,#000032,0x0003,#000031
59,63,5,90,13,#000065,0x0006,#000063
59,63,6,91,14,#000076,0x0007,#000073
59,64,1,84,7,#1f001f,0x0202,#210021
59,64,2,85,8,#170017,0x5101,#190019
59,64,3,86,9,#0f000f,0x0101,#100010
59,64,4,87,10,#000032,0x0003,#000031
59,64,5,88,11,#000043,0x0004,#000042
59,64,6,89,12,#000054,0x0005,#000052
59,65,1,90,13,#000065,0x0006,#000063
59,65,2,91,14,#000076,0x0007,#000073
59,65,3,92,15,#000087,0x0008,#000084
59,65,4,93,16,#000098,0x0009,#000094
59,65,5,94,17,#0000a9,0x100a,#0000ad
59,65,6,95,18,#0000ba,0x100b,#0000bd
59,66,1,79,2,#470047,0x5404,#4a004a
59,66,2,80,3,#3f003f,0x0404,#420042
59,66,3,81,4,#370037,0x5303,#3a003a
59,66,4,82,5,#2f002f,0x0303,#310031
59,66,5,83,6,#270027,0x5202,#290029
59,66,6,84,7,#1f001f,0x0202,#210021
59,68,1,79,2,#470047,0x5404,#4a004a
59,68,2,80,3,#3f003f,0x0404,#420042
59,68,3,84,7,#1f001f,0x0202,#210021
59,69,1,90,13,#000065,0x0006,#000063
59,70,1,85,8,#170017,0x5101,#190019
59,70,2,86,9,#0f000f,0x0101,#100010
59,70,3,87,10,#000032,0x0003,#000031
59,70,4,88,11,#000043,0x0004,#000042
59,70,5,89,12,#000054,0x0005,#000052
59,70,6,95,18,#0000ba,0x100b,#0000bd
59,70,7,96,19,#0000cb,0x100c,#0000ce
59,74,1,84,7,#1f001f,0x0202,#210021
59,74,2,85,8,#170017,0x5101,#190019
59,74,3,86,9,#0f000f,0x0101,#100010
59,74,4,87,10,#000032,0x0003,#000031
59,74,5,88,11,#000043,0x0004,#000042
59,74,6,89,12,#000054,0x0005,#000052
59,76,1,77,0,#560056,0x0505,#520052
59,76,2,78,1,#4f004f,0x0505,#520052
59,76,3,79,2,#470047,0x5404,#4a004a
59,79,1,84,7,#1f001f,0x0202,#210021
59,79,2,85,8,#170017,0x5101,#190019
59,79,3,86,9,#0f000f,0x0101,#100010
59,79,4,87,10,#000032,0x0003,#000031
60,34,1,77,0,#4f004f,0x0505,#520052
60,34,2,78,1,#470047,0x5404,#4a004a
60,34,3,79,2,#3f003f,0x0404,#420042
60,35,1,78,1,#470047,0x5404,#4a004a
60,35,2,79,2,#3f003f,0x0404,#420042
60,36,1,84,7,#170017,0x5101,#190019
60,36,2,85,8,#0f000f,0x0101,#100010
60,36,3,86,9,#000032,0x0003,#000031
60,36,4,87,10,#000043,0x0004,#000042
60,37,1,84,7,#170017,0x5101,#190019
60,37,2,85,8,#0f000f,0x0101,#100010
60,37,3,86,9,#000032,0x0003,#000031
60,37,4,87,10,#000043,0x0004,#000042
60,37,5,88,11,#000054,0x0005,#000052
60,38,1,79,2,#3f003f,0x0404,#420042
60,38,2,80,3,#370037,0x5303,#3a003a
60,38,3,81,4,#2f002f,0x0303,#310031
60,38,4,82,5,#270027,0x5202,#290029
60,38,5,83,6,#1f001f,0x0202,#210021
60,38,6,84,7,#170017,0x5101,#190019
60,49,1,79,2,#3f003f,0x0404,#420042
60,49,2,80,3,#370037,0x5303,#3a003a
60,49,3,81,4,#2f002f,0x0303,#310031
60,49,4,82,5,#270027,0x5202,#290029
60,49,5,83,6,#1f001f,0x0202,#210021
60,49,6,84,7,#170017,0x5101,#190019
60,50,1,90,13,#000076,0x0007,#000073
60,50,2,94,17,#0000ba,0x100b,#0000bd
60,50,3,95,18,#0000cb,0x100c,#0000ce
60,56,1,77,0,#4f004f,0x0505,#520052
60,56,2,78,1,#470047,0x5404,#4a004a
60,56,3,79,2,#3f003f,0x0404,#420042
60,59,1,77,0,#4f004f,0x0505,#520052
60,59,2,78,1,#470047,0x5404,#4a004a
60,59,3,79,2,#3f003f,0x0404,#420042
60,60,1,83,6,#1f001f,0x0202,#210021
60,60,2,84,7,#170017,0x5101,#190019
60,62,1,79,2,#3f003f,0x0404,#420042
60,62,2,80,3,#370037,0x5303,#3a003a
60,62,3,81,4,#2f002f,0x0303,#310031
60,62,4,82,5,#270027,0x5202,#290029
60,62,5,83,6,#1f001f,0x0202,#210021
60,62,6,84,7,#170017,0x5101,#190019
60,63,1,84,7,#170017,0x5101,#190019
60,63,2,85,8,#0f000f,0x0101,#100010
60,63,3,86,9,#000032,0x0003,#000031
60,63,4,87,10,#000043,0x0004,#000042
60,63,5,90,13,#000076,0x0007,#000073
60,63,6,91,14,#000087,0x0008,#000084
60,64,1,84,7,#170017,0x5101,#190019
60,64,2,85,8,#0f000f,0x0101,#100010
60,64,3,86,9,#000032,0x0003,#000031
60,64,4,87,10,#000043,0x0004,#000042
60,64,5,88,11,#000054,0x0005,#000052
60,64,6,89,12,#000065,0x0006,#000063
60,65,1,90,13,#000076,0x0007,#000073
60,65,2,91,14,#000087,0x0008,#000084
60,65,3,92,15,#000098,0x0009,#000094
60,65,4,93,16,#0000a9,0x100a,#0000ad
60,65,5,94,17,#0000ba,0x100b,#0000bd
60,65,6,95,18,#0000cb,0x100c,#0000ce
60,66,1,79,2,#3f003f,0x0404,#420042
60,66,2,80,3,#370037,0x5303,#3a003a
60,66,3,81,4,#2f002f,0x0303,#310031
60,66,4,82,5,#270027,0x5202,#290029
60,66,5,83,6,#1f001f,0x0202,#210021
60,66,6,84,7,#170017,0x5101,#190019
60,68,1,79,2,#3f003f,0x0404,#420042
60,68,2,80,3,#370037,0x5303,#3a003a
60,68,3,84,7,#170017,0x5101,#190019
60,69,1,90,13,#000076,0x0007,#000073
60,70,1,85,8,#0f000f,0x0101,#100010
60,70,2,86,9,#000032,0x0003,#000031
60,70,3,87,10,#000043,0x0004,#000042
60,70,4,88,11,#000054,0x0005,#000052
60,70,5,89,12,#000065,0x0006,#000063
60,70,6,95,18,#0000cb,0x100c,#0000ce
60,70,7,96,19,#0000dc,0x100d,#0000de
60,74,1,84,7,#170017,0x5101,#190019
60,74,2,85,8,#0f000f,0x0101,#100010
60,74,3,86,9,#000032,0x0003,#000031
60,74,4,87,10,#000043,0x0004,#000042
60,74,5,88,11,#000054,0x0005,#000052
60,74,6,89,12,#000065,0x0006,#000063
60,76,1,77,0,#4f004f,0x0505,#520052
60,76,2,78,1,#470047,0x5404,#4a004a
60,76,3,79,2,#3f003f,0x0404,#420042
60,79,1,84,7,#170017,0x5101,#190019
60,79,2,85,8,#0f000f,0x0101,#100010
60,79,3,86,9,#000032,0x0003,#000031
60,79,4,87,10,#000043,0x0004,#000042
61,34,1,77,0,#470047,0x5404,#4a004a
61,34,2,78,1,#3f003f,0x0404,#420042
61,34,3,79,2,#370037,0x5303,#3a003a
61,35,1,78,1,#3f003f,0x0404,#420042
61,35,2,79,2,#370037,0x5303,#3a003a
61,36,1,84,7,#0f000f,0x0101,#100010
61,36,2,85,8,#000032,0x0003,#000031
61,36,3,86,9,#000043,0x0004,#000042
61,36,4,87,10,#000054,0x0005,#000052
61,37,1,84,7,#0f000f,0x0101,#100010
61,37,2,85,8,#000032,0x0003,#000031
61,37,3,86,9,#000043,0x0004,#000042
61,37,4,87,10,#000054,0x0005,#000052
61,37,5,88,11,#000065,0x0006,#000063
61,38,1,79,2,#370037,0x5303,#3a003a
61,38,2,80,3,#2f002f,0x0303,#310031
61,38,3,81,4,#270027,0x5202,#290029
61,38,4,82,5,#1f001f,0x0202,#210021
61,38,5,83,6,#170017,0x5101,#190019
61,38,6,84,7,#0f000f,0x0101,#100010
61,49,1,79,2,#370037,0x5303,#3a003a
61,49,2,80,3,#2f002f,0x0303,#310031
61,49,3,81,4,#270027,0x5202,#290029
61,49,4,82,5,#1f001f,0x0202,#210021
61,49,5,83,6,#170017,0x5101,#190019
61,49,6,84,7,#0f000f,0x0101,#100010
61,50,1,90,13,#000087,0x0008,#000084
61,50,2,94,17,#0000cb,0x100c,#0000ce
61,50,3,95,18,#0000dc,0x100d,#0000de
61,56,1,77,0,#470047,0x5404,#4a004a
61,56,2,78,1,#3f003f,0x0404,#420042
61,56,3,79,2,#370037,0x5303,#3a003a
61,59,1,77,0,#470047,0x5404,#4a004a
61,59,2,78,1,#3f003f,0x0404,#420042
61,59,3,79,2,#370037,0x5303,#3a003a
61,60,1,83,6,#170017,0x5101,#190019
61,60,2,84,7,#0f000f,0x0101,#100010
61,62,1,79,2,#370037,0x5303,#3a003a
61,62,2,80,3,#2f002f,0x0303,#310031
61,62,3,81,4,#270027,0x5202,#290029
61,62,4,82,5,#1f001f,0x0202,#210021
61,62,5,83,6,#170017,0x5101,#190019
61,62,6,84,7,#0f000f,0x0101,#100010
61,63,1,84,7,#0f000f,0x0101,#100010
61,63,2,85,8,#000032,0x0003,#000031
61,63,3,86,9,#000043,0x0004,#000042
61,63,4,87,10,#000054,0x0005,#000052
61,63,5,90,13,#000087,0x0008,#000084
61,63,6,91,14,#000098,0x0009,#000094
61,64,1,84,7,#0f000f,0x0101,#100010
61,64,2,85,8,#000032,0x0003,#000031
61,64,3,86,9,#000043,0x0004,#000042
61,64,4,87,10,#000054,0x0005,#000052
61,64,5,88,11,#000065,0x0006,#000063
61,64,6,89,12,#000076,0x0007,#000073
61,65,1,90,13,#000087,0x0008,#000084
61,65,2,91,14,#000098,0x0009,#000094
61,65,3,92,15,#0000a9,0x100a,#0000ad
61,65,4,93,16,#0000ba,0x100b,#0000bd
61,65,5,94,17,#0000cb,0x100c,#0000ce
61,65,6,95,18,#0000dc,0x100d,#0000de
61,66,1,79,2,#370037,0x5303,#3a003a
61,66,2,80,3,#2f002f,0x0303,#310031
61,66,3,81,4,#270027,0x5202,#290029
61,66,4,82,5,#1f001f,0x0202,#210021
61,66,5,83,6,#170017,0x5101,#190019
61,66,6,84,7,#0f000f,0x0101,#100010
61,68,1,79,2,#370037,0x5303,#3a003a
61,68,2,80,3,#2f002f,0x0303,#310031
61,68,3,84,7,#0f000f,0x0101,#100010
61,69,1,90,13,#000087,0x0008,#000084
61,70,1,85,8,#000032,0x0003,#000031
61,70,2,86,9,#000043,0x0004,#000042
61,70,3,87,10,#000054,0x0005,#000052
61,70,4,88,11,#000065,0x0006,#000063
61,70,5,89,12,#000076,0x0007,#000073
61,70,6,95,18,#0000dc,0x100d,#0000de
61,70,7,96,19,#0000ed,0x100e,#0000ef
61,74,1,84,7,#0f000f,0x0101,#100010
61,74,2,85,8,#000032,0x0003,#000031
61,74,3,86,9,#000043,0x0004,#000042
61,74,4,87,10,#000054,0x0005,#000052
61,74,5,88,11,#000065,0x0006,#000063
61,74,6,89,12,#000076,0x0007,#000073
61,76,1,77,0,#470047,0x5404,#4a004a
61,76,2,78,1,#3f003f,0x0404,#420042
61,76,3,79,2,#370037,0x5303,#3a003a
61,79,1,84,7,#0f000f,0x0101,#100010
61,79,2,85,8,#000032,0x0003,#000031
61,79,3,86,9,#000043,0x0004,#000042
61,79,4,87,10,#000054,0x0005,#000052
62,34,1,77,0,#3f003f,0x0404,#420042
62,34,2,78,1,#370037,0x5303,#3a003a
62,34,3,79,2,#2f002f,0x0303,#310031
62,35,1,78,1,#370037,0x5303,#3a003a
62,35,2,79,2,#2f002f,0x0303,#310031
62,36,1,84,7,#000032,0x0003,#000031
62,36,2,85,8,#000043,0x0004,#000042
62,36,3,86,9,#000054,0x0005,#000052
62,36,4,87,10,#000065,0x0006,#000063
62,37,1,84,7,#000032,0x0003,#000031
62,37,2,85,8,#000043,0x0004,#000042
62,37,3,86,9,#000054,0x0005,#000052
62,37,4,87,10,#000065,0x0006,#000063
62,37,5,88,11,#000076,0x0007,#000073
62,38,1,79,2,#2f002f,0x0303,#310031
62,38,2,80,3,#270027,0x5202,#290029
62,38,3,81,4,#1f001f,0x0202,#210021
62,38,4,82,5,#170017,0x5101,#190019
62,38,5,83,6,#0f000f,0x0101,#100010
62,38,6,84,7,#000032,0x0003,#000031
62,49,1,79,2,#2f002f,0x0303,#310031
62,49,2,80,3,#270027,0x5202,#290029
62,49,3,81,4,#1f001f,0x0202,#210021
62,49,4,82,5,#170017,0x5101,#190019
62,49,5,83,6,#0f000f,0x0101,#100010
62,49,6,84,7,#000032,0x0003,#000031
62,50,1,90,13,#000098,0x0009,#000094
62,50,2,94,17,#0000dc,0x100d,#0000de
62,50,3,95,18,#0000ed,0x100e,#0000ef
62,56,1,77,0,#3f003f,0x0404,#420042
62,56,2,78,1,#370037,0x5303,#3a003a
62,56,3,79,2,#2f002f,0x0303,#310031
62,59,1,77,0,#3f003f,0x0404,#420042
62,59,2,78,1,#370037,0x5303,#3a003a
62,59,3,79,2,#2f002f,0x0303,#310031
62,60,1,83,6,#0f000f,0x0101,#100010
62,60,2,84,7,#000032,0x0003,#000031
62,62,1,79,2,#2f002f,0x0303,#310031
62,62,2,80,3,#270027,0x5202,#290029
62,62,3,81,4,#1f001f,0x0202,#210021
62,62,4,82,5,#170017,0x5101,#190019
62,62,5,83,6,#0f000f,0x0101,#100010
62,62,6,84,7,#000032,0x0003,#000031
62,63,1,84,7,#000032,0x0003,#000031
62,63,2,85,8,#000043,0x0004,#000042
62,63,3,86,9,#000054,0x0005,#000052
62,63,4,87,10,#000065,0x0006,#000063
62,63,5,90,13,#000098,0x0009,#000094
62,63,6,91,14,#0000a9,0x100a,#0000ad
62,64,1,84,7,#000032,0x0003,#000031
62,64,2,85,8,#000043,0x0004,#000042
62,64,3,86,9,#000054,0x0005,#000052
62,64,4,87,10,#000065,0x0006,#000063
62,64,5,88,11,#000076,0x0007,#000073
62,64,6,89,12,#000087,0x0008,#000084
62,65,1,90,13,#000098,0x0009,#000094
62,65,2,91,14,#0000a9,0x100a,#0000ad
62,65,3,92,15,#0000ba,0x100b,#0000bd
62,65,4,93,16,#0000cb,0x100c,#0000ce
62,65,5,94,17,#0000dc,0x100d,#0000de
62,65,6,95,18,#0000ed,0x100e,#0000ef
62,66,1,79,2,#2f002f,0x0303,#310031
62,66,2,80,3,#270027,0x5202,#290029
62,66,3,81,4,#1f001f,0x0202,#210021
62,66,4,82,5,#170017,0x5101,#190019
62,66,5,83,6,#0f000f,0x0101,#100010
62,66,6,84,7,#000032,0x0003,#000031
62,68,1,79,2,#2f002f,0x0303,#310031
62,68,2,80,3,#270027,0x5202,#290029
62,68,3,84,7,#000032,0x0003,#000031
62,69,1,90,13,#000098,0x0009,#000094
62,70,1,85,8,#000043,0x0004,#000042
62,70,2,86,9,#000054,0x0005,#000052
62,70,3,87,10,#000065,0x0006,#000063
62,70,4,88,11,#000076,0x0007,#000073
62,70,5,89,12,#000087,0x0008,#000084
62,70,6,95,18,#0000ed,0x100e,#0000ef
62,70,7,96,19,#0000fe,0x100f,#0000ff
62,74,1,84,7,#000032,0x0003,#000031
62,74,2,85,8,#000043,0x0004,#000042
62,74,3,86,9,#000054,0x0005,#000052
62,74,4,87,10,#000065,0x0006,#000063
62,74,5,88,11,#000076,0x0007,#000073
62,74,6,89,12,#000087,0x0008,#000084
62,76,1,77,0,#3f003f,0x0404,#420042
62,76,2,78,1,#370037,0x5303,#3a003a
62,76,3,79,2,#2f002f,0x0303,#310031
62,79,1,84,7,#000032,0x0003,#000031
62,79,2,85,8,#000043,0x0004,#000042
62,79,3,86,9,#000054,0x0005,#000052
62,79,4,87,10,#000065,0x0006,#000063
63,34,1,77,0,#370037,0x5303,#3a003a
63,34,2,78,1,#2f002f,0x0303,#310031
63,34,3,79,2,#270027,0x5202,#290029
63,35,1,78,1,#2f002f,0x0303,#310031
63,35,2,79,2,#270027,0x5202,#290029
63,36,1,84,7,#000043,0x0004,#000042
63,36,2,85,8,#000054,0x0005,#000052
63,36,3,86,9,#000065,0x0006,#000063
63,36,4,87,10,#000076,0x0007,#000073
63,37,1,84,7,#000043,0x0004,#000042
63,37,2,85,8,#000054,0x0005,#000052
63,37,3,86,9,#000065,0x0006,#000063
63,37,4,87,10,#000076,0x0007,#000073
63,37,5,88,11,#000087,0x0008,#000084
63,38,1,79,2,#270027,0x5202,#290029
63,38,2,80,3,#1f001f,0x0202,#210021
63,38,3,81,4,#170017,0x5101,#190019
63,38,4,82,5,#0f000f,0x0101,#100010
63,38,5,83,6,#000032,0x0003,#000031
63,38,6,84,7,#000043,0x0004,#000042
63,49,1,79,2,#270027,0x5202,#290029
63,49,2,80,3,#1f001f,0x0202,#210021
63,49,3,81,4,#170017,0x5101,#190019
63,49,4,82,5,#0f000f,0x0101,#100010
63,49,5,83,6,#000032,0x0003,#000031
63,49,6,84,7,#000043,0x0004,#000042
63,50,1,90,13,#0000a9,0x100a,#0000ad
63,50,2,94,17,#0000ed,0x100e,#0000ef
63,50,3,95,18,#0000fe,0x100f,#0000ff
63,56,1,77,0,#370037,0x5303,#3a003a
63,56,2,78,1,#2f002f,0x0303,#310031
63,56,3,79,2,#270027,0x5202,#290029
63,59,1,77,0,#370037,0x5303,#3a003a
63,59,2,78,1,#2f002f,0x0303,#310031
63,59,3,79,2,#270027,0x5202,#290029
63,60,1,83,6,#000032,0x0003,#000031
63,60,2,84,7,#000043,0x0004,#000042
63,62,1,79,2,#270027,0x5202,#290029
63,62,2,80,3,#1f001f,0x0202,#210021
63,62,3,81,4,#170017,0x5101,#190019
63,62,4,82,5,#0f000f,0x0101,#100010
63,62,5,83,6,#000032,0x0003,#000031
63,62,6,84,7,#000043,0x0004,#000042
63,63,1,84,7,#000043,0x0004,#000042
63,63,2,85,8,#000054,0x0005,#000052
63,63,3,86,9,#000065,0x0006,#000063
63,63,4,87,10,#000076,0x0007,#000073
63,63,5,90,13,#0000a9,0x100a,#0000ad
63,63,6,91,14,#0000ba,0x100b,#0000bd
63,64,1,84,7,#000043,0x0004,#000042
63,64,2,85,8,#000054,0x0005,#000052
63,64,3,86,9,#000065,0x0006,#000063
63,64,4,87,10,#000076,0x0007,#000073
63,64,5,88,11,#000087,0x0008,#000084
63,64,6,89,12,#000098,0x0009,#000094
63,65,1,90,13,#0000a9,0x100a,#0000ad
63,65,2,91,14,#0000ba,0x100b,#0000bd
63,65,3,92,15,#0000cb,0x100c,#0000ce
63,65,4,93,16,#0000dc,0x100d,#0000de
63,65,5,94,17,#0000ed,0x100e,#0000ef
63,65,6,95,18,#0000fe,0x100f,#0000ff
63,66,1,79,2,#270027,0x5202,#290029
63,66,2,80,3,#1f001f,0x0202,#210021
63,66,3,81,4,#170017,0x5101,#190019
63,66,4,82,5,#0f000f,0x0101,#100010
63,66,5,83,6,#000032,0x0003,#000031
63,66,6,84,7,#000043,0x0004,#000042
63,68,1,79,2,#270027,0x5202,#290029
63,68,2,80,3,#1f001f,0x0202,#210021
63,68,3,84,7,#000043,0x0004,#000042
63,69,1,90,13,#0000a9,0x100a,#0000ad
63,70,1,85,8,#000054,0x0005,#000052
63,70,2,86,9,#000065,0x0006,#000063
63,70,3,87,10,#000076,0x0007,#000073
63,70,4,88,11,#000087,0x0008,#000084
63,70,5,89,12,#000098,0x0009,#000094
63,70,6,95,18,#0000fe,0x100f,#0000ff
63,70,7,96,19,#0000fe,0x100f,#0000ff
63,74,1,84,7,#000043,0x0004,#000042
63,74,2,85,8,#000054,0x0005,#000052
63,74,3,86,9,#000065,0x0006,#000063
63,74,4,87,10,#000076,0x0007,#000073
63,74,5,88,11,#000087,0x0008,#000084
63,74,6,89,12,#000098,0x0009,#000094
63,76,1,77,0,#370037,0x5303,#3a003a
63,76,2,78,1,#2f002f,0x0303,#310031
63,76,3,79,2,#270027,0x5202,#290029
63,79,1,84,7,#000043,0x0004,#000042
63,79,2,85,8,#000054,0x0005,#000052
63,79,3,86,9,#000065,0x0006,#000063
63,79,4,87,10,#000076,0x0007,#000073
64,34,1,77,0,#2f002f,0x0303,#310031
64,34,2,78,1,#270027,0x5202,#290029
64,34,3,79,2,#1f001f,0x0202,#210021
64,35,1,78,1,#270027,0x5202,#290029
64,35,2,79,2,#1f001f,0x0202,#210021
64,36,1,84,7,#000054,0x0005,#000052
64,36,2,85,8,#000065,0x0006,#000063
64,36,3,86,9,#000076,0x0007,#000073
64,36,4,87,10,#000087,0x0008,#000084
64,37,1,84,7,#000054,0x0005,#000052
64,37,2,85,8,#000065,0x0006,#000063
64,37,3,86,9,#000076,0x0007,#000073
64,37,4,87,10,#000087,0x0008,#000084
64,37,5,88,11,#000098,0x0009,#000094
64,38,1,79,2,#1f001f,0x0202,#210021
64,38,2,80,3,#170017,0x5101,#190019
64,38,3,81,4,#0f000f,0x0101,#100010
64,38,4,82,5,#000032,0x0003,#000031
64,38,5,83,6,#000043,0x0004,#000042
64,38,6,84,7,#000054,0x0005,#000052
64,49,1,79,2,#1f001f,0x0202,#210021
64,49,2,80,3,#170017,0x5101,#190019
64,49,3,81,4,#0f000f,0x0101,#100010
64,49,4,82,5,#000032,0x0003,#000031
64,49,5,83,6,#000043,0x0004,#000042
64,49,6,84,7,#000054,0x0005,#000052
64,50,1,90,13,#0000ba,0x100b,#0000bd
64,50,2,94,17,#0000fe,0x100f,#0000ff
64,50,3,95,18,#0000fe,0x100f,#0000ff
64,56,1,77,0,#2f002f,0x0303,#310031
64,56,2,78,1,#270027,0x5202,#290029
64,56,3,79,2,#1f001f,0x0202,#210021
64,59,1,77,0,#2f002f,0x0303,#310031
64,59,2,78,1,#270027,0x5202,#290029
64,59,3,79,2,#1f001f,0x0202,#210021
64,60,1,83,6,#000043,0x0004,#000042
64,60,2,84,7,#000054,0x0005,#000052
64,62,1,79,2,#1f001f,0x0202,#210021
64,62,2,80,3,#170017,0x5101,#190019
64,62,3,81,4,#0f000f,0x0101,#100010
64,62,4,82,5,#000032,0x0003,#000031
64,62,5,83,6,#000043,0x0004,#000042
64,62,6,84,7,#000054,0x0005,#000052
64,63,1,84,7,#000054,0x0005,#000052
64,63,2,85,8,#000065,0x0006,#000063
64,63,3,86,9,#000076,0x0007,#000073
64,63,4,87,10,#000087,0x0008,#000084
64,63,5,90,13,#0000ba,0x100b,#0000bd
64,63,6,91,14,#0000cb,0x100c,#0000ce
64,64,1,84,7,#000054,0x0005,#000052
64,64,2,85,8,#000065,0x0006,#000063
64,64,3,86,9,#000076,0x0007,#000073
64,64,4,87,10,#000087,0x0008,#000084
64,64,5,88,11,#000098,0x0009,#000094
64,64,6,89,12,#0000a9,0x100a,#0000ad
64,65,1,90,13,#0000ba,0x100b,#0000bd
64,65,2,91,14,#0000cb,0x100c,#0000ce
64,65,3,92,15,#0000dc,0x100d,#0000de
64,65,4,93,16,#0000ed,0x100e,#0000ef
64,65,5,94,17,#0000fe,0x100f,#0000ff
64,65,6,95,18,#0000fe,0x100f,#0000ff
64,66,1,79,2,#1f001f,0x0202,#210021
64,66,2,80,3,#170017,0x5101,#190019
64,66,3,81,4,#0f000f,0x0101,#100010
64,66,4,82,5,#000032,0x0003,#000031
64,66,5,83,6,#000043,0x0004,#000042
64,66,6,84,7,#000054,0x0005,#000052
64,68,1,79,2,#1f001f,0x0202,#210021
64,68,2,80,3,#170017,0x5101,#190019
64,68,3,84,7,#000054,0x0005,#000052
64,69,1,90,13,#0000ba,0x100b,#0000bd
64,70,1,85,8,#000065,0x0006,#000063
64,70,2,86,9,#000076,0x0007,#000073
64,70,3,87,10,#000087,0x0008,#000084
64,70,4,88,11,#000098,0x0009,#000094
64,70,5,89,12,#0000a9,0x100a,#0000ad
64,70,6,95,18,#0000fe,0x100f,#0000ff
64,70,7,96,19,#0000ed,0x100e,#0000ef
64,74,1,84,7,#000054,0x0005,#000052
64,74,2,85,8,#000065,0x0006,#000063
64,74,3,86,9,#000076,0x0007,#000073
64,74,4,87,10,#000087,0x0008,#000084
64,74,5,88,11,#000098,0x0009,#000094
64,74,6,89,12,#0000a9,0x100a,#0000ad
64,76,1,77,0,#2f002f,0x0303,#310031
64,76,2,78,1,#270027,0x5202,#290029
64,76,3,79,2,#1f001f,0x0202,#210021
64,79,1,84,7,#000054,0x0005,#000052
64,79,2,85,8,#000065,0x0006,#000063
64,79,3,86,9,#000076,0x0007,#000073
64,79,4,87,10,#000087,0x0008,#000084
65,34,1,77,0,#270027,0x5202,#290029
65,34,2,78,1,#1f001f,0x0202,#210021
65,34,3,79,2,#170017,0x5101,#190019
65,35,1,78,1,#1f001f,0x0202,#210021
65,35,2,79,2,#170017,0x5101,#190019
65,36,1,84,7,#000065,0x0006,#000063
65,36,2,85,8,#000076,0x0007,#000073
65,36,3,86,9,#000087,0x0008,#000084
65,36,4,87,10,#000098,0x0009,#000094
65,37,1,84,7,#000065,0x0006,#000063
65,37,2,85,8,#000076,0x0007,#000073
65,37,3,86,9,#000087,0x0008,#000084
65,37,4,87,10,#000098,0x0009,#000094
65,37,5,88,11,#0000a9,0x100a,#0000ad
65,38,1,79,2,#170017,0x5101,#190019
65,38,2,80,3,#0f000f,0x0101,#100010
65,38,3,81,4,#000032,0x0003,#000031
65,38,4,82,5,#000043,0x0004,#000042
65,38,5,83,6,#000054,0x0005,#000052
65,38,6,84,7,#000065,0x0006,#000063
65,49,1,79,2,#170017,0x5101,#190019
65,49,2,80,3,#0f000f,0x0101,#100010
65,49,3,81,4,#000032,0x0003,#000031
65,49,4,82,5,#000043,0x0004,#000042
65,49,5,83,6,#000054,0x0005,#000052
65,49,6,84,7,#000065,0x0006,#000063
65,50,1,90,13,#0000cb,0x100c,#0000ce
65,50,2,94,17,#0000fe,0x100f,#0000ff
65,50,3,95,18,#0000ed,0x100e,#0000ef
65,56,1,77,0,#270027,0x5202,#290029
65,56,2,78,1,#1f001f,0x0202,#210021
65,56,3,79,2,#170017,0x5101,#190019
65,59,1,77,0,#270027,0x5202,#290029
65,59,2,78,1,#1f001f,0x0202,#210021
65,59,3,79,2,#170017,0x5101,#190019
65,60,1,83,6,#000054,0x0005,#000052
65,60,2,84,7,#000065,0x0006,#000063
65,62,1,79,2,#170017,0x5101,#190019
65,62,2,80,3,#0f000f,0x0101,#100010
65,62,3,81,4,#000032,0x0003,#000031
65,62,4,82,5,#000043,0x0004,#000042
65,62,5,83,6,#000054,0x0005,#000052
65,62,6,84,7,#000065,0x0006,#000063
65,63,1,84,7,#000065,0x0006,#000063
65,63,2,85,8,#000076,0x0007,#000073
65,63,3,86,9,#000087,0x0008,#000084
65,63,4,87,10,#000098,0x0009,#000094
65,63,5,90,13,#0000cb,0x100c,#0000ce
65,63,6,91,14,#0000dc,0x100d,#0000de
65,64,1,84,7,#000065,0x0006,#000063
65,64,2,85,8,#000076,0x0007,#000073
65,64,3,86,9,#000087,0x0008,#000084
65,64,4,87,10,#000098,0x0009,#000094
65,64,5,88,11,#0000a9,0x100a,#0000ad
65,64,6,89,12,#0000ba,0x100b,#0000bd
65,65,1,90,13,#0000cb,0x100c,#0000ce
65,65,2,91,14,#0000dc,0x100d,#0000de
65,65,3,92,15,#0000ed,0x100e,#0000ef
65,65,4,93,16,#0000fe,0x100f,#0000ff
65,65,5,94,17,#0000fe,0x100f,#0000ff
65,65,6,95,18,#0000ed,0x100e,#0000ef
65,66,1,79,2,#170017,0x5101,#190019
65,66,2,80,3,#0f000f,0x0101,#100010
65,66,3,81,4,#000032,0x0003,#000031
65,66,4,82,5,#000043,0x0004,#000042
65,66,5,83,6,#000054,0x0005,#000052
65,66,6,84,7,#000065,0x0006,#000063
65,68,1,79,2,#170017,0x5101,#190019
65,68,2,80,3,#0f000f,0x0101,#100010
65,68,3,84,7,#000065,0x0006,#000063
65,69,1,90,13,#0000cb,0x100c,#0000ce
65,70,1,85,8,#000076,0x0007,#000073
65,70,2,86,9,#000087,0x0008,#000084
65,70,3,87,10,#000098,0x0009,#000094
65,70,4,88,11,#0000a9,0x100a,#0000ad
65,70,5,89,12,#0000ba,0x100b,#0000bd
65,70,6,95,18,#0000ed,0x100e,#0000ef
65,70,7,96,19,#0000dc,0x100d,#0000de
65,74,1,84,7,#000065,0x0006,#000063
65,74,2,85,8,#000076,0x0007,#000073
65,74,3,86,9,#000087,0x0008,#000084
65,74,4,87,10,#000098,0x0009,#000094
65,74,5,88,11,#0000a9,0x100a,#0000ad
65,74,6,89,12,#0000ba,0x100b,#0000bd
65,76,1,77,0,#270027,0x5202,#290029
65,76,2,78,1,#1f001f,0x0202,#210021
65,76,3,79,2,#170017,0x5101,#190019
65,79,1,84,7,#000065,0x0006,#000063
65,79,2,85,8,#000076,0x0007,#000073
65,79,3,86,9,#000087,0x0008,#000084
65,79,4,87,10,#000098,0x0009,#000094
66,34,1,77,0,#1f001f,0x0202,#210021
66,34,2,78,1,#170017,0x5101,#190019
66,34,3,79,2,#0f000f,0x0101,#100010
66,35,1,78,1,#170017,0x5101,#190019
66,35,2,79,2,#0f000f,0x0101,#100010
66,36,1,84,7,#000076,0x0007,#000073
66,36,2,85,8,#000087,0x0008,#000084
66,36,3,86,9,#000098,0x0009,#000094
66,36,4,87,10,#0000a9,0x100a,#0000ad
66,37,1,84,7,#000076,0x0007,#000073
66,37,2,85,8,#000087,0x0008,#000084
66,37,3,86,9,#000098,0x0009,#000094
66,37,4,87,10,#0000a9,0x100a,#0000ad
66,37,5,88,11,#0000ba,0x100b,#0000bd
66,38,1,79,2,#0f000f,0x0101,#100010
66,38,2,80,3,#000032,0x0003,#000031
66,38,3,81,4,#000043,0x0004,#000042
66,38,4,82,5,#000054,0x0005,#000052
66,38,5,83,6,#000065,0x0006,#000063
66,38,6,84,7,#000076,0x0007,#000073
66,49,1,79,2,#0f000f,0x0101,#100010
66,49,2,80,3,#000032,0x0003,#000031
66,49,3,81,4,#000043,0x0004,#000042
66,49,4,82,5,#000054,0x0005,#000052
66,49,5,83,6,#000065,0x0006,#000063
66,49,6,84,7,#000076,0x0007,#000073
66,50,1,90,13,#0000dc,0x100d,#0000de
66,50,2,94,17,#0000ed,0x100e,#0000ef
66,50,3,95,18,#0000dc,0x100d,#0000de
66,56,1,77,0,#1f001f,0x0202,#210021
66,56,2,78,1,#170017,0x5101,#190019
66,56,3,79,2,#0f000f,0x0101,#100010
66,59,1,77,0,#1f001f,0x0202,#210021
66,59,2,78,1,#170017,0x5101,#190019
66,59,3,79,2,#0f000f,0x0101,#100010
66,60,1,83,6,#000065,0x0006,#000063
66,60,2,84,7,#000076,0x0007,#000073
66,62,1,79,2,#0f000f,0x0101,#100010
66,62,2,80,3,#000032,0x0003,#000031
66,62,3,81,4,#000043,0x0004,#000042
66,62,4,82,5,#000054,0x0005,#000052
66,62,5,83,6,#000065,0x0006,#000063
66,62,6,84,7,#000076,0x0007,#000073
66,63,1,84,7,#000076,0x0007,#000073
66,63,2,85,8,#000087,0x0008,#000084
66,63,3,86,9,#000098,0x0009,#000094
66,63,4,87,10,#0000a9,0x100a,#0000ad
66,63,5,90,13,#0000dc,0x100d,#0000de
66,63,6,91,14,#0000ed,0x100e,#0000ef
66,64,1,84,7,#000076,0x0007,#000073
66,64,2,85,8,#000087,0x0008,#000084
66,64,3,86,9,#000098,0x0009,#000094
66,64,4,87,10,#0000a9,0x100a,#0000ad
66,64,5,88,11,#0000ba,0x100b,#0000bd
66,64,6,89,12,#0000cb,0x100c,#0000ce
66,65,1,90,13,#0000dc,0x100d,#0000de
66,65,2,91,14,#0000ed,0x100e,#0000ef
66,65,3,92,15,#0000fe,0x100f,#0000ff
66,65,4,93,16,#0000fe,0x100f,#0000ff
66,65,5,94,17,#0000ed,0x100e,#0000ef
66,65,6,95,18,#0000dc,0x100d,#0000de
66,66,1,79,2,#0f000f,0x0101,#100010
66,66,2,80,3,#000032,0x0003,#000031
66,66,3,81,4,#000043,0x0004,#000042
66,66,4,82,5,#000054,0x0005,#000052
66,66,5,83,6,#000065,0x0006,#000063
66,66,6,84,7,#000076,0x0007,#000073
66,68,1,79,2,#0f000f,0x0101,#100010
66,68,2,80,3,#000032,0x0003,#000031
66,68,3,84,7,#000076,0x0007,#000073
66,69,1,90,13,#0000dc,0x100d,#0000de
66,70,1,85,8,#000087,0x0008,#000084
66,70,2,86,9,#000098,0x0009,#000094
66,70,3,87,10,#0000a9,0x100a,#0000ad
66,70,4,88,11,#0000ba,0x100b,#0000bd
66,70,5,89,12,#0000cb,0x100c,#0000ce
66,70,6,95,18,#0000dc,0x100d,#0000de
66,70,7,96,19,#0000cb,0x100c,#0000ce
66,74,1,84,7,#000076,0x0007,#000073
66,74,2,85,8,#000087,0x0008,#000084
66,74,3,86,9,#000098,0x0009,#000094
66,74,4,87,10,#0000a9,0x100a,#0000ad
66,74,5,88,11,#0000ba,0x100b,#0000bd
66,74,6,89,12,#0000cb,0x100c,#0000ce
66,76,1,77,0,#1f001f,0x0202,#210021
66,76,2,78,1,#170017,0x5101,#190019
66,76,3,79,2,#0f000f,0x0101,#100010
66,79,1,84,7,#000076,0x0007,#000073
66,79,2,85,8,#000087,0x0008,#000084
66,79,3,86,9,#000098,0x0009,#000094
66,79,4,87,10,#0000a9,0x100a,#0000ad
67,34,1,77,0,#170017,0x5101,#190019
67,34,2,78,1,#0f000f,0x0101,#100010
67,34,3,79,2,#000032,0x0003,#000031
67,35,1,78,1,#0f000f,0x0101,#100010
67,35,2,79,2,#000032,0x0003,#000031
67,36,1,84,7,#000087,0x0008,#000084
67,36,2,85,8,#000098,0x0009,#000094
67,36,3,86,9,#0000a9,0x100a,#0000ad
67,36,4,87,10,#0000ba,0x100b,#0000bd
67,37,1,84,7,#000087,0x0008,#000084
67,37,2,85,8,#000098,0x0009,#000094
67,37,3,86,9,#0000a9,0x100a,#0000ad
67,37,4,87,10,#0000ba,0x100b,#0000bd
67,37,5,88,11,#0000cb,0x100c,#0000ce
67,38,1,79,2,#000032,0x0003,#000031
67,38,2,80,3,#000043,0x0004,#000042
67,38,3,81,4,#000054,0x0005,#000052
67,38,4,82,5,#000065,0x0006,#000063
67,38,5,83,6,#000076,0x0007,#000073
67,38,6,84,7,#000087,0x0008,#000084
67,49,1,79,2,#000032,0x0003,#000031
67,49,2,80,3,#000043,0x0004,#000042
67,49,3,81,4,#000054,0x0005,#000052
67,49,4,82,5,#000065,0x0006,#000063
67,49,5,83,6,#000076,0x0007,#000073
67,49,6,84,7,#000087,0x0008,#000084
67,50,1,90,13,#0000ed,0x100e,#0000ef
67,50,2,94,17,#0000dc,0x100d,#0000de
67,50,3,95,18,#0000cb,0x100c,#0000ce
67,56,1,77,0,#170017,0x5101,#190019
67,56,2,78,1,#0f000f,0x0101,#100010
67,56,3,79,2,#000032,0x0003,#000031
67,59,1,77,0,#170017,0x5101,#190019
67,59,2,78,1,#0f000f,0x0101,#100010
67,59,3,79,2,#000032,0x0003,#000031
67,60,1,83,6,#000076,0x0007,#000073
67,60,2,84,7,#000087,0x0008,#000084
67,62,1,79,2,#000032,0x0003,#000031
67,62,2,80,3,#000043,0x0004,#000042
67,62,3,81,4,#000054,0x0005,#000052
67,62,4,82,5,#000065,0x0006,#000063
67,62,5,83,6,#000076,0x0007,#000073
67,62,6,84,7,#000087,0x0008,#000084
67,63,1,84,7,#000087,0x0008,#000084
67,63,2,85,8,#000098,0x0009,#000094
67,63,3,86,9,#0000a9,0x100a,#0000ad
67,63,4,87,10,#0000ba,0x100b,#0000bd
67,63,5,90,13,#0000ed,0x100e,#0000ef
67,63,6,91,14,#0000fe,0x100f,#0000ff
67,64,1,84,7,#000087,0x0008,#000084
67,64,2,85,8,#000098,0x0009,#000094
67,64,3,86,9,#0000a9,0x100a,#0000ad
67,64,4,87,10,#0000ba,0x100b,#0000bd
67,64,5,88,11,#0000cb,0x100c,#0000ce
67,64,6,89,12,#0000dc,0x100d,#0000de
67,65,1,90,13,#0000ed,0x100e,#0000ef
67,65,2,91,14,#0000fe,0x100f,#0000ff
67,65,3,92,15,#0000fe,0x100f,#0000ff
67,65,4,93,16,#0000ed,0x100e,#0000ef
67,65,5,94,17,#0000dc,0x100d,#0000de
67,65,6,95,18,#0000cb,0x100c,#0000ce
67,66,1,79,2,#000032,0x0003,#000031
67,66,2,80,3,#000043,0x0004,#000042
67,66,3,81,4,#000054,0x0005,#000052
67,66,4,82,5,#000065,0x0006,#000063
67,66,5,83,6,#000076,0x0007,#000073
67,66,6,84,7,#000087,0x0008,#000084
67,68,1,79,2,#000032,0x0003,#000031
67,68,2,80,3,#000043,0x0004,#000042
67,68,3,84,7,#000087,0x0008,#000084
67,69,1,90,13,#0000ed,0x100e,#0000ef
67,70,1,85,8,#000098,0x0009,#000094
67,70,2,86,9,#0000a9,0x100a,#0000ad
67,70,3,87,10,#0000ba,0x100b,#0000bd
67,70,4,88,11,#0000cb,0x100c,#0000ce
67,70,5,89,12,#0000dc,0x100d,#0000de
67,70,6,95,18,#0000cb,0x100c,#0000ce
67,70,7,96,19,#0000ba,0x100b,#0000bd
67,74,1,84,7,#000087,0x0008,#000084
67,74,2,85,8,#000098,0x0009,#000094
67,74,3,86,9,#0000a9,0x100a,#0000ad
67,74,4,87,10,#0000ba,0x100b,#0000bd
67,74,5,88,11,#0000cb,0x100c,#0000ce
67,74,6,89,12,#0000dc,0x100d,#0000de
67,76,1,77,0,#170017,0x5101,#190019
67,76,2,78,1,#0f000f,0x0101,#100010
67,76,3,79,2,#000032,0x0003,#000031
67,79,1,84,7,#000087,0x0008,#000084
67,79,2,85,8,#000098,0x0009,#000094
67,79,3,86,9,#0000a9,0x100a,#0000ad
67,79,4,87,10,#0000ba,0x100b,#0000bd
68,34,1,77,0,#0f000f,0x0101,#100010
68,34,2,78,1,#000032,0x0003,#000031
68,34,3,79,2,#000043,0x0004,#000042
68,35,1,78,1,#000032,0x0003,#000031
68,35,2,79,2,#000043,0x0004,#000042
68,36,1,84,7,#000098,0x0009,#000094
68,36,2,85,8,#0000a9,0x100a,#0000ad
68,36,3,86,9,#0000ba,0x100b,#0000bd
68,36,4,87,10,#0000cb,0x100c,#0000ce
68,37,1,84,7,#000098,0x0009,#000094
68,37,2,85,8,#0000a9,0x100a,#0000ad
68,37,3,86,9,#0000ba,0x100b,#0000bd
68,37,4,87,10,#0000cb,0x100c,#0000ce
68,37,5,88,11,#0000dc,0x100d,#0000de
68,38,1,79,2,#000043,0x0004,#000042
68,38,2,80,3,#000054,0x0005,#000052
68,38,3,81,4,#000065,0x0006,#000063
68,38,4,82,5,#000076,0x0007,#000073
68,38,5,83,6,#000087,0x0008,#000084
68,38,6,84,7,#000098,0x0009,#000094
68,49,1,79,2,#000043,0x0004,#000042
68,49,2,80,3,#000054,0x0005,#000052
68,49,3,81,4,#000065,0x0006,#000063
68,49,4,82,5,#000076,0x0007,#000073
68,49,5,83,6,#000087,0x0008,#000084
68,49,6,84,7,#000098,0x0009,#000094
68,50,1,90,13,#0000fe,0x100f,#0000ff
68,50,2,94,17,#0000cb,0x100c,#0000ce
68,50,3,95,18,#0000ba,0x100b,#0000bd
68,56,1,77,0,#0f000f,0x0101,#100010
68,56,2,78,1,#000032,0x0003,#000031
68,56,3,79,2,#000043,0x0004,#000042
68,59,1,77,0,#0f000f,0x0101,#100010
68,59,2,78,1,#000032,0x0003,#000031
68,59,3,79,2,#000043,0x0004,#000042
68,60,1,83,6,#000087,0x0008,#000084
68,60,2,84,7,#000098,0x0009,#000094
68,62,1,79,2,#000043,0x0004,#000042
68,62,2,80,3,#000054,0x0005,#000052
68,62,3,81,4,#000065,0x0006,#000063
68,62,4,82,5,#000076,0x0007,#000073
68,62,5,83,6,#000087,0x0008,#000084
68,62,6,84,7,#000098,0x0009,#000094
68,63,1,84,7,#000098,0x0009,#000094
68,63,2,85,8,#0000a9,0x100a,#0000ad
68,63,3,86,9,#0000ba,0x100b,#0000bd
68,63,4,87,10,#0000cb,0x100c,#0000ce
68,63,5,90,13,#0000fe,0x100f,#0000ff
68,63,6,91,14,#0000fe,0x100f,#0000ff
68,64,1,84,7,#000098,0x0009,#000094
68,64,2,85,8,#0000a9,0x100a,#0000ad
68,64,3,86,9,#0000ba,0x100b,#0000bd
68,64,4,87,10,#0000cb,0x100c,#0000ce
68,64,5,88,11,#0000dc,0x100d,#0000de
68,64,6,89,12,#0000ed,0x100e,#0000ef
68,65,1,90,13,#0000fe,0x100f,#0000ff
68,65,2,91,14,#0000fe,0x100f,#0000ff
68,65,3,92,15,#0000ed,0x100e,#0000ef
68,65,4,93,16,#0000dc,0x100d,#0000de
68,65,5,94,17,#0000cb,0x100c,#0000ce
68,65,6,95,18,#0000ba,0x100b,#0000bd
68,66,1,79,2,#000043,0x0004,#000042
68,66,2,80,3,#000054,0x0005,#000052
68,66,3,81,4,#000065,0x0006,#000063
68,66,4,82,5,#000076,0x0007,#000073
68,66,5,83,6,#000087,0x0008,#000084
68,66,6,84,7,#000098,0x0009,#000094
68,68,1,79,2,#000043,0x0004,#000042
68,68,2,80,3,#000054,0x0005,#000052
68,68,3,84,7,#000098,0x0009,#000094
68,69,1,90,13,#0000fe,0x100f,#0000ff
68,70,1,85,8,#0000a9,0x100a,#0000ad
68,70,2,86,9,#0000ba,0x100b,#0000bd
68,70,3,87,10,#0000cb,0x100c,#0000ce
68,70,4,88,11,#0000dc,0x100d,#0000de
68,70,5,89,12,#0000ed,0x100e,#0000ef
68,70,6,95,18,#0000ba,0x100b,#0000bd
68,70,7,96,19,#0000a9,0x100a,#0000ad
68,74,1,84,7,#000098,0x0009,#000094
68,74,2,85,8,#0000a9,0x100a,#0000ad
68,74,3,86,9,#0000ba,0x100b,#0000bd
68,74,4,87,10,#0000cb,0x100c,#0000ce
68,74,5,88,11,#0000dc,0x100d,#0000de
68,74,6,89,12,#0000ed,0x100e,#0000ef
68,76,1,77,0,#0f000f,0x0101,#100010
68,76,2,78,1,#000032,0x0003,#000031
68,76,3,79,2,#000043,0x0004,#000042
68,79,1,84,7,#000098,0x0009,#000094
68,79,2,85,8,#0000a9,0x100a,#0000ad
68,79,3,86,9,#0000ba,0x100b,#0000bd
68,79,4,87,10,#0000cb,0x100c,#0000ce
69,34,1,77,0,#000032,0x0003,#000031
69,34,2,78,1,#000043,0x0004,#000042
69,34,3,79,2,#000054,0x0005,#000052
69,35,1,78,1,#000043,0x0004,#000042
69,35,2,79,2,#000054,0x0005,#000052
69,36,1,84,7,#0000a9,0x100a,#0000ad
69,36,2,85,8,#0000ba,0x100b,#0000bd
69,36,3,86,9,#0000cb,0x100c,#0000ce
69,36,4,87,10,#0000dc,0x100d,#0000de
69,37,1,84,7,#0000a9,0x100a,#0000ad
69,37,2,85,8,#0000ba,0x100b,#0000bd
69,37,3,86,9,#0000cb,0x100c,#0000ce
69,37,4,87,10,#0000dc,0x100d,#0000de
69,37,5,88,11,#0000ed,0x100e,#0000ef
69,38,1,79,2,#000054,0x0005,#000052
69,38,2,80,3,#000065,0x0006,#000063
69,38,3,81,4,#000076,0x0007,#000073
69,38,4,82,5,#000087,0x0008,#000084
69,38,5,83,6,#000098,0x0009,#000094
69,38,6,84,7,#0000a9,0x100a,#0000ad
69,49,1,79,2,#000054,0x0005,#000052
69,49,2,80,3,#000065,0x0006,#000063
69,49,3,81,4,#000076,0x0007,#000073
69,49,4,82,5,#000087,0x0008,#000084
69,49,5,83,6,#000098,0x0009,#000094
69,49,6,84,7,#0000a9,0x100a,#0000ad
69,50,1,90,13,#0000fe,0x100f,#0000ff
69,50,2,94,17,#0000ba,0x100b,#0000bd
69,50,3,95,18,#0000a9,0x100a,#0000ad
69,56,1,77,0,#000032,0x0003,#000031
69,56,2,78,1,#000043,0x0004,#000042
69,56,3,79,2,#000054,0x0005,#000052
69,59,1,77,0,#000032,0x0003,#000031
69,59,2,78,1,#000043,0x0004,#000042
69,59,3,79,2,#000054,0x0005,#000052
69,60,1,83,6,#000098,0x0009,#000094
69,60,2,84,7,#0000a9,0x100a,#0000ad
69,62,1,79,2,#000054,0x0005,#000052
69,62,2,80,3,#000065,0x0006,#000063
69,62,3,81,4,#000076,0x0007,#000073
69,62,4,82,5,#000087,0x0008,#000084
69,62,5,83,6,#000098,0x0009,#000094
69,62,6,84,7,#0000a9,0x100a,#0000ad
69,63,1,84,7,#0000a9,0x100a,#0000ad
69,63,2,85,8,#0000ba,0x100b,#0000bd
69,63,3,86,9,#0000cb,0x100c,#0000ce
69,63,4,87,10,#0000dc,0x100d,#0000de
69,63,5,90,13,#0000fe,0x100f,#0000ff
69,63,6,91,14,#0000ed,0x100e,#0000ef
69,64,1,84,7,#0000a9,0x100a,#0000ad
69,64,2,85,8,#0000ba,0x100b,#0000bd
69,64,3,86,9,#0000cb,0x100c,#0000ce
69,64,4,87,10,#0000dc,0x100d,#0000de
69,64,5,88,11,#0000ed,0x100e,#0000ef
69,64,6,89,12,#0000fe,0x100f,#0000ff
69,65,1,90,13,#0000fe,0x100f,#0000ff
69,65,2,91,14,#0000ed,0x100e,#0000ef
69,65,3,92,15,#0000dc,0x100d,#0000de
69,65,4,93,16,#0000cb,0x100c,#0000ce
69,65,5,94,17,#0000ba,0x100b,#0000bd
69,65,6,95,18,#0000a9,0x100a,#0000ad
69,66,1,79,2,#000054,0x0005,#000052
69,66,2,80,3,#000065,0x0006,#000063
69,66,3,81,4,#000076,0x0007,#000073
69,66,4,82,5,#000087,0x0008,#000084
69,66,5,83,6,#000098,0x0009,#000094
69,66,6,84,7,#0000a9,0x100a,#0000ad
69,68,1,79,2,#000054,0x0005,#000052
69,68,2,80,3,#000065,0x0006,#000063
69,68,3,84,7,#0000a9,0x100a,#0000ad
69,69,1,90,13,#0000fe,0x100f,#0000ff
69,70,1,85,8,#0000ba,0x100b,#0000bd
69,70,2,86,9,#0000cb,0x100c,#0000ce
69,70,3,87,10,#0000dc,0x100d,#0000de
69,70,4,88,11,#0000ed,0x100e,#0000ef
69,70,5,89,12,#0000fe,0x100f,#0000ff
69,70,6,95,18,#0000a9,0x100a,#0000ad
69,70,7,96,19,#000098,0x0009,#000094
69,74,1,84,7,#0000a9,0x100a,#0000ad
69,74,2,85,8,#0000ba,0x100b,#0000bd
69,74,3,86,9,#0000cb,0x100c,#0000ce
69,74,4,87,10,#0000dc,0x100d,#0000de
69,74,5,88,11,#0000ed,0x100e,#0000ef
69,74,6,89,12,#0000fe,0x100f,#0000ff
69,76,1,77,0,#000032,0x0003,#000031
69,76,2,78,1,#000043,0x0004,#000042
69,76,3,79,2,#000054,0x0005,#000052
69,79,1,84,7,#0000a9,0x100a,#0000ad
69,79,2,85,8,#0000ba,0x100b,#0000bd
69,79,3,86,9,#0000cb,0x100c,#0000ce
69,79,4,87,10,#0000dc,0x100d,#0000de
70,34,1,77,0,#000043,0x0004,#000042
70,34,2,78,1,#000054,0x0005,#000052
70,34,3,79,2,#000065,0x0006,#000063
70,35,1,78,1,#000054,0x0005,#000052
70,35,2,79,2,#000065,0x0006,#000063
70,36,1,84,7,#0000ba,0x100b,#0000bd
70,36,2,85,8,#0000cb,0x100c,#0000ce
70,36,3,86,9,#0000dc,0x100d,#0000de
70,36,4,87,10,#0000ed,0x100e,#0000ef
70,37,1,84,7,#0000ba,0x100b,#0000bd
70,37,2,85,8,#0000cb,0x100c,#0000ce
70,37,3,86,9,#0000dc,0x100d,#0000de
70,37,4,87,10,#0000ed,0x100e,#0000ef
70,37,5,88,11,#0000fe,0x100f,#0000ff
70,38,1,79,2,#000065,0x0006,#000063
70,38,2,80,3,#000076,0x0007,#000073
70,38,3,81,4,#000087,0x0008,#000084
70,38,4,82,5,#000098,0x0009,#000094
70,38,5,83,6,#0000a9,0x100a,#0000ad
70,38,6,84,7,#0000ba,0x100b,#0000bd
70,49,1,79,2,#000065,0x0006,#000063
70,49,2,80,3,#000076,0x0007,#000073
70,49,3,81,4,#000087,0x0008,#000084
70,49,4,82,5,#000098,0x0009,#000094
70,49,5,83,6,#0000a9,0x100a,#0000ad
70,49,6,84,7,#0000ba,0x100b,#0000bd
70,50,1,90,13,#0000ed,0x100e,#0000ef
70,50,2,94,17,#0000a9,0x100a,#0000ad
70,50,3,95,18,#000098,0x0009,#000094
70,56,1,77,0,#000043,0x0004,#000042
70,56,2,78,1,#000054,0x0005,#000052
70,56,3,79,2,#000065,0x0006,#000063
70,59,1,77,0,#000043,0x0004,#000042
70,59,2,78,1,#000054,0x0005,#000052
70,59,3,79,2,#000065,0x0006,#000063
70,60,1,83,6,#0000a9,0x100a,#0000ad
70,60,2,84,7,#0000ba,0x100b,#0000bd
70,62,1,79,2,#000065,0x0006,#000063
70,62,2,80,3,#000076,0x0007,#000073
70,62,3,81,4,#000087,0x0008,#000084
70,62,4,82,5,#000098,0x0009,#000094
70,62,5,83,6,#0000a9,0x100a,#0000ad
70,62,6,84,7,#0000ba,0x100b,#0000bd
70,63,1,84,7,#0000ba,0x100b,#0000bd
70,63,2,85,8,#0000cb,0x100c,#0000ce
70,63,3,86,9,#0000dc,0x100d,#0000de
70,63,4,87,10,#0000ed,0x100e,#0000ef
70,63,5,90,13,#0000ed,0x100e,#0000ef
70,63,6,91,14,#0000dc,0x100d,#0000de
70,64,1,84,7,#0000ba,0x100b,#0000bd
70,64,2,85,8,#0000cb,0x100c,#0000ce
70,64,3,86,9,#0000dc,0x100d,#0000de
70,64,4,87,10,#0000ed,0x100e,#0000ef
70,64,5,88,11,#0000fe,0x100f,#0000ff
70,64,6,89,12,#0000fe,0x100f,#0000ff
70,65,1,90,13,#0000ed,0x100e,#0000ef
70,65,2,91,14,#0000dc,0x100d,#0000de
70,65,3,92,15,#0000cb,0x100c,#0000ce
70,65,4,93,16,#0000ba,0x100b,#0000bd
70,65,5,94,17,#0000a9,0x100a,#0000ad
70,65,6,95,18,#000098,0x0009,#000094
70,66,1,79,2,#000065,0x0006,#000063
70,66,2,80,3,#000076,0x0007,#000073
70,66,3,81,4,#000087,0x0008,#000084
70,66,4,82,5,#000098,0x0009,#000094
70,66,5,83,6,#0000a9,0x100a,#0000ad
70,66,6,84,7,#0000ba,0x100b,#0000bd
70,68,1,79,2,#000065,0x0006,#000063
70,68,2,80,3,#000076,0x0007,#000073
70,68,3,84,7,#0000ba,0x100b,#0000bd
70,69,1,90,13,#0000ed,0x100e,#0000ef
70,70,1,85,8,#0000cb,0x100c,#0000ce
70,70,2,86,9,#0000dc,0x100d,#0000de
70,70,3,87,10,#0000ed,0x100e,#0000ef
70,70,4,88,11,#0000fe,0x100f,#0000ff
70,70,5,89,12,#0000fe,0x100f,#0000ff
70,70,6,95,18,#000098,0x0009,#000094
70,70,7,96,19,#000087,0x0008,#000084
70,74,1,84,7,#0000ba,0x100b,#0000bd
70,74,2,85,8,#0000cb,0x100c,#0000ce
70,74,3,86,9,#0000dc,0x100d,#0000de
70,74,4,87,10,#0000ed,0x100e,#0000ef
70,74,5,88,11,#0000fe,0x100f,#0000ff
70,74,6,89,12,#0000fe,0x100f,#0000ff
70,76,1,77,0,#000043,0x0004,#000042
70,76,2,78,1,#000054,0x0005,#000052
70,76,3,79,2,#000065,0x0006,#000063
70,79,1,84,7,#0000ba,0x100b,#0000bd
70,79,2,85,8,#0000cb,0x100c,#0000ce
70,79,3,86,9,#0000dc,0x100d,#0000de
70,79,4,87,10,#0000ed,0x100e,#0000ef
71,34,1,77,0,#000054,0x0005,#000052
71,34,2,78,1,#000065,0x0006,#000063
71,34,3,79,2,#000076,0x0007,#000073
71,35,1,78,1,#000065,0x0006,#000063
71,35,2,79,2,#000076,0x0007,#000073
71,36,1,84,7,#0000cb,0x100c,#0000ce
71,36,2,85,8,#0000dc,0x100d,#0000de
71,36,3,86,9,#0000ed,0x100e,#0000ef
71,36,4,87,10,#0000fe,0x100f,#0000ff
71,37,1,84,7,#0000cb,0x100c,#0000ce
71,37,2,85,8,#0000dc,0x100d,#0000de
71,37,3,86,9,#0000ed,0x100e,#0000ef
71,37,4,87,10,#0000fe,0x100f,#0000ff
71,37,5,88,11,#0000fe,0x100f,#0000ff
71,38,1,79,2,#000076,0x0007,#000073
71,38,2,80,3,#000087,0x0008,#000084
71,38,3,81,4,#000098,0x0009,#000094
71,38,4,82,5,#0000a9,0x100a,#0000ad
71,38,5,83,6,#0000ba,0x100b,#0000bd
71,38,6,84,7,#0000cb,0x100c,#0000ce
71,49,1,79,2,#000076,0x0007,#000073
71,49,2,80,3,#000087,0x0008,#000084
71,49,3,81,4,#000098,0x0009,#000094
71,49,4,82,5,#0000a9,0x100a,#0000ad
71,49,5,83,6,#0000ba,0x100b,#0000bd
71,49,6,84,7,#0000cb,0x100c,#0000ce
71,50,1,90,13,#0000dc,0x100d,#0000de
71,50,2,94,17,#000098,0x0009,#000094
71,50,3,95,18,#000087,0x0008,#000084
71,56,1,77,0,#000054,0x0005,#000052
71,56,2,78,1,#000065,0x0006,#000063
71,56,3,79,2,#000076,0x0007,#000073
71,59,1,77,0,#000054,0x0005,#000052
71,59,2,78,1,#000065,0x0006,#000063
71,59,3,79,2,#000076,0x0007,#000073
71,60,1,83,6,#0000ba,0x100b,#0000bd
71,60,2,84,7,#0000cb,0x100c,#0000ce
71,62,1,79,2,#000076,0x0007,#000073
71,62,2,80,3,#000087,0x0008,#000084
71,62,3,81,4,#000098,0x0009,#000094
71,62,4,82,5,#0000a9,0x100a,#0000ad
71,62,5,83,6,#0000ba,0x100b,#0000bd
71,62,6,84,7,#0000cb,0x100c,#0000ce
71,63,1,84,7,#0000cb,0x100c,#0000ce
71,63,2,85,8,#0000dc,0x100d,#0000de
71,63,3,86,9,#0000ed,0x100e,#0000ef
71,63,4,87,10,#0000fe,0x100f,#0000ff
71,63,5,90,13,#0000dc,0x100d,#0000de
71,63,6,91,14,#0000cb,0x100c,#0000ce
71,64,1,84,7,#0000cb,0x100c,#0000ce
71,64,2,85,8,#0000dc,0x100d,#0000de
71,64,3,86,9,#0000ed,0x100e,#0000ef
71,64,4,87,10,#0000fe,0x100f,#0000ff
71,64,5,88,11,#0000fe,0x100f,#0000ff
71,64,6,89,12,#0000ed,0x100e,#0000ef
71,65,1,90,13,#0000dc,0x100d,#0000de
71,65,2,91,14,#0000cb,0x100c,#0000ce
71,65,3,92,15,#0000ba,0x100b,#0000bd
71,65,4,93,16,#0000a9,0x100a,#0000ad
71,65,5,94,17,#000098,0x0009,#000094
71,65,6,95,18,#000087,0x0008,#000084
71,66,1,79,2,#000076,0x0007,#000073
71,66,2,80,3,#000087,0x0008,#000084
71,66,3,81,4,#000098,0x0009,#000094
71,66,4,82,5,#0000a9,0x100a,#0000ad
71,66,5,83,6,#0000ba,0x100b,#0000bd
71,66,6,84,7,#0000cb,0x100c,#0000ce
71,68,1,79,2,#000076,0x0007,#000073
71,68,2,80,3,#000087,0x0008,#000084
71,68,3,84,7,#0000cb,0x100c,#0000ce
71,69,1,90,13,#0000dc,0x100d,#0000de
71,70,1,85,8,#0000dc,0x100d,#0000de
71,70,2,86,9,#0000ed,0x100e,#0000ef
71,70,3,87,10,#0000fe,0x100f,#0000ff
71,70,4,88,11,#0000fe,0x100f,#0000ff
71,70,5,89,12,#0000ed,0x100e,#0000ef
71,70,6,95,18,#000087,0x0008,#000084
71,70,7,96,19,#000076,0x0007,#000073
71,74,1,84,7,#0000cb,0x100c,#0000ce
71,74,2,85,8,#0000dc,0x100d,#0000de
71,74,3,86,9,#0000ed,0x100e,#0000ef
71,74,4,87,10,#0000fe,0x100f,#0000ff
71,74,5,88,11,#0000fe,0x100f,#0000ff
71,74,6,89,12,#0000ed,0x100e,#0000ef
71,76,1,77,0,#000054,0x0005,#000052
71,76,2,78,1,#000065,0x0006,#000063
71,76,3,79,2,#000076,0x0007,#000073
71,79,1,84,7,#0000cb,0x100c,#0000ce
71,79,2,85,8,#0000dc,0x100d,#0000de
71,79,3,86,9,#0000ed,0x100e,#0000ef
71,79,4,87,10,#0000fe,0x100f,#0000ff
72,34,1,77,0,#000065,0x0006,#000063
72,34,2,78,1,#000076,0x0007,#000073
72,34,3,79,2,#000087,0x0008,#000084
72,35,1,78,1,#000076,0x0007,#000073
72,35,2,79,2,#000087,0x0008,#000084
72,36,1,84,7,#0000dc,0x100d,#0000de
72,36,2,85,8,#0000ed,0x100e,#0000ef
72,36,3,86,9,#0000fe,0x100f,#0000ff
72,36,4,87,10,#0000fe,0x100f,#0000ff
72,37,1,84,7,#0000dc,0x100d,#0000de
72,37,2,85,8,#0000ed,0x100e,#0000ef
72,37,3,86,9,#0000fe,0x100f,#0000ff
72,37,4,87,10,#0000fe,0x100f,#0000ff
72,37,5,88,11,#0000ed,0x100e,#0000ef
72,38,1,79,2,#000087,0x0008,#000084
72,38,2,80,3,#000098,0x0009,#000094
72,38,3,81,4,#0000a9,0x100a,#0000ad
72,38,4,82,5,#0000ba,0x100b,#0000bd
72,38,5,83,6,#0000cb,0x100c,#0000ce
72,38,6,84,7,#0000dc,0x100d,#0000de
72,49,1,79,2,#000087,0x0008,#000084
72,49,2,80,3,#000098,0x0009,#000094
72,49,3,81,4,#0000a9,0x100a,#0000ad
72,49,4,82,5,#0000ba,0x100b,#0000bd
72,49,5,83,6,#0000cb,0x100c,#0000ce
72,49,6,84,7,#0000dc,0x100d,#0000de
72,50,1,90,13,#0000cb,0x100c,#0000ce
72,50,2,94,17,#000087,0x0008,#000084
72,50,3,95,18,#000076,0x0007,#000073
72,56,1,77,0,#000065,0x0006,#000063
72,56,2,78,1,#000076,0x0007,#000073
72,56,3,79,2,#000087,0x0008,#000084
72,59,1,77,0,#000065,0x0006,#000063
72,59,2,78,1,#000076,0x0007,#000073
72,59,3,79,2,#000087,0x0008,#000084
72,60,1,83,6,#0000cb,0x100c,#0000ce
72,60,2,84,7,#0000dc,0x100d,#0000de
72,62,1,79,2,#000087,0x0008,#000084
72,62,2,80,3,#000098,0x0009,#000094
72,62,3,81,4,#0000a9,0x100a,#0000ad
72,62,4,82,5,#0000ba,0x100b,#0000bd
72,62,5,83,6,#0000cb,0x100c,#0000ce
72,62,6,84,7,#0000dc,0x100d,#0000de
72,63,1,84,7,#0000dc,0x100d,#0000de
72,63,2,85,8,#0000ed,0x100e,#0000ef
72,63,3,86,9,#0000fe,0x100f,#0000ff
72,63,4,87,10,#0000fe,0x100f,#0000ff
72,63,5,90,13,#0000cb,0x100c,#0000ce
72,63,6,91,14,#0000ba,0x100b,#0000bd
72,64,1,84,7,#0000dc,0x100d,#0000de
72,64,2,85,8,#0000ed,0x100e,#0000ef
72,64,3,86,9,#0000fe,0x100f,#0000ff
72,64,4,87,10,#0000fe,0x100f,#0000ff
72,64,5,88,11,#0000ed,0x100e,#0000ef
72,64,6,89,12,#0000dc,0x100d,#0000de
72,65,1,90,13,#0000cb,0x100c,#0000ce
72,65,2,91,14,#0000ba,0x100b,#0000bd
72,65,3,92,15,#0000a9,0x100a,#0000ad
72,65,4,93,16,#000098,0x0009,#000094
72,65,5,94,17,#000087,0x0008,#000084
72,65,6,95,18,#000076,0x0007,#000073
72,66,1,79,2,#000087,0x0008,#000084
72,66,2,80,3,#000098,0x0009,#000094
72,66,3,81,4,#0000a9,0x100a,#0000ad
72,66,4,82,5,#0000ba,0x100b,#0000bd
72,66,5,83,6,#0000cb,0x100c,#0000ce
72,66,6,84,7,#0000dc,0x100d,#0000de
72,68,1,79,2,#000087,0x0008,#000084
72,68,2,80,3,#000098,0x0009,#000094
72,68,3,84,7,#0000dc,0x100d,#0000de
72,69,1,90,13,#0000cb,0x100c,#0000ce
72,70,1,85,8,#0000ed,0x100e,#0000ef
72,70,2,86,9,#0000fe,0x100f,#0000ff
72,70,3,87,10,#0000fe,0x100f,#0000ff
72,70,4,88,11,#0000ed,0x100e,#0000ef
72,70,5,89,12,#0000dc,0x100d,#0000de
72,70,6,95,18,#000076,0x0007,#000073
72,70,7,96,19,#000065,0x0006,#000063
72,74,1,84,7,#0000dc,0x100d,#0000de
72,74,2,85,8,#0000ed,0x100e,#0000ef
72,74,3,86,9,#0000fe,0x100f,#0000ff
72,74,4,87,10,#0000fe,0x100f,#0000ff
72,74,5,88,11,#0000ed,0x100e,#0000ef
72,74,6,89,12,#0000dc,0x100d,#0000de
72,76,1,77,0,#000065,0x0006,#000063
72,76,2,78,1,#000076,0x0007,#000073
72,76,3,79,2,#000087,0x0008,#000084
72,79,1,84,7,#0000dc,0x100d,#0000de
72,79,2,85,8,#0000ed,0x100e,#0000ef
72,79,3,86,9,#0000fe,0x100f,#0000ff
72,79,4,87,10,#0000fe,0x100f,#0000ff
73,34,1,77,0,#000076,0x0007,#000073
73,34,2,78,1,#000087,0x0008,#000084
73,34,3,79,2,#000098,0x0009,#000094
73,35,1,78,1,#000087,0x0008,#000084
73,35,2,79,2,#000098,0x0009,#000094
73,36,1,84,7,#0000ed,0x100e,#0000ef
73,36,2,85,8,#0000fe,0x100f,#0000ff
73,36,3,86,9,#0000fe,0x100f,#0000ff
73,36,4,87,10,#0000ed,0x100e,#0000ef
73,37,1,84,7,#0000ed,0x100e,#0000ef
73,37,2,85,8,#0000fe,0x100f,#0000ff
73,37,3,86,9,#0000fe,0x100f,#0000ff
73,37,4,87,10,#0000ed,0x100e,#0000ef
73,37,5,88,11,#0000dc,0x100d,#0000de
73,38,1,79,2,#000098,0x0009,#000094
73,38,2,80,3,#0000a9,0x100a,#0000ad
73,38,3,81,4,#0000ba,0x100b,#0000bd
73,38,4,82,5,#0000cb,0x100c,#0000ce
73,38,5,83,6,#0000dc,0x100d,#0000de
73,38,6,84,7,#0000ed,0x100e,#0000ef
73,49,1,79,2,#000098,0x0009,#000094
73,49,2,80,3,#0000a9,0x100a,#0000ad
73,49,3,81,4,#0000ba,0x100b,#0000bd
73,49,4,82,5,#0000cb,0x100c,#0000ce
73,49,5,83,6,#0000dc,0x100d,#0000de
73,49,6,84,7,#0000ed,0x100e,#0000ef
73,50,1,90,13,#0000ba,0x100b,#0000bd
73,50,2,94,17,#000076,0x0007,#000073
73,50,3,95,18,#000065,0x0006,#000063
73,56,1,77,0,#000076,0x0007,#000073
73,56,2,78,1,#000087,0x0008,#000084
73,56,3,79,2,#000098,0x0009,#000094
73,59,1,77,0,#000076,0x0007,#000073
73,59,2,78,1,#000087,0x0008,#000084
73,59,3,79,2,#000098,0x0009,#000094
73,60,1,83,6,#0000dc,0x100d,#0000de
73,60,2,84,7,#0000ed,0x100e,#0000ef
73,62,1,79,2,#000098,0x0009,#000094
73,62,2,80,3,#0000a9,0x100a,#0000ad
73,62,3,81,4,#0000ba,0x100b,#0000bd
73,62,4,82,5,#0000cb,0x100c,#0000ce
73,62,5,83,6,#0000dc,0x100d,#0000de
73,62,6,84,7,#0000ed,0x100e,#0000ef
73,63,1,84,7,#0000ed,0x100e,#0000ef
73,63,2,85,8,#0000fe,0x100f,#0000ff
73,63,3,86,9,#0000fe,0x100f,#0000ff
73,63,4,87,10,#0000ed,0x100e,#0000ef
73,63,5,90,13,#0000ba,0x100b,#0000bd
73,63,6,91,14,#0000a9,0x100a,#0000ad
73,64,1,84,7,#0000ed,0x100e,#0000ef
73,64,2,85,8,#0000fe,0x100f,#0000ff
73,64,3,86,9,#0000fe,0x100f,#0000ff
73,64,4,87,10,#0000ed,0x100e,#0000ef
73,64,5,88,11,#0000dc,0x100d,#0000de
73,64,6,89,12,#0000cb,0x100c,#0000ce
73,65,1,90,13,#0000ba,0x100b,#0000bd
73,65,2,91,14,#0000a9,0x100a,#0000ad
73,65,3,92,15,#000098,0x0009,#000094
73,65,4,93,16,#000087,0x0008,#000084
73,65,5,94,17,#000076,0x0007,#000073
73,65,6,95,18,#000065,0x0006,#000063
73,66,1,79,2,#000098,0x0009,#000094
73,66,2,80,3,#0000a9,0x100a,#0000ad
73,66,3,81,4,#0000ba,0x100b,#0000bd
73,66,4,82,5,#0000cb,0x100c,#0000ce
73,66,5,83,6,#0000dc,0x100d,#0000de
73,66,6,84,7,#0000ed,0x100e,#0000ef
73,68,1,79,2,#000098,0x0009,#000094
73,68,2,80,3,#0000a9,0x100a,#0000ad
73,68,3,84,7,#0000ed,0x100e,#0000ef
73,69,1,90,13,#0000ba,0x100b,#0000bd
73,70,1,85,8,#0000fe,0x100f,#0000ff
73,70,2,86,9,#0000fe,0x100f,#0000ff
73,70,3,87,10,#0000ed,0x100e,#0000ef
73,70,4,88,11,#0000dc,0x100d,#0000de
73,70,5,89,12,#0000cb,0x100c,#0000ce
73,70,6,95,18,#000065,0x0006,#000063
73,70,7,96,19,#000054,0x0005,#000052
73,74,1,84,7,#0000ed,0x100e,#0000ef
73,74,2,85,8,#0000fe,0x100f,#0000ff
73,74,3,86,9,#0000fe,0x100f,#0000ff
73,74,4,87,10,#0000ed,0x100e,#0000ef
73,74,5,88,11,#0000dc,0x100d,#0000de
73,74,6,89,12,#0000cb,0x100c,#0000ce
73,76,1,77,0,#000076,0x0007,#000073
73,76,2,78,1,#000087,0x0008,#000084
73,76,3,79,2,#000098,0x0009,#000094
73,79,1,84,7,#0000ed,0x100e,#0000ef
73,79,2,85,8,#0000fe,0x100f,#0000ff
73,79,3,86,9,#0000fe,0x100f,#0000ff
73,79,4,87,10,#0000ed,0x100e,#0000ef
74,34,1,77,0,#000087,0x0008,#000084
74,34,2,78,1,#000098,0x0009,#000094
74,34,3,79,2,#0000a9,0x100a,#0000ad
74,35,1,78,1,#000098,0x0009,#000094
74,35,2,79,2,#0000a9,0x100a,#0000ad
74,36,1,84,7,#0000fe,0x100f,#0000ff
74,36,2,85,8,#0000fe,0x100f,#0000ff
74,36,3,86,9,#0000ed,0x100e,#0000ef
74,36,4,87,10,#0000dc,0x100d,#0000de
74,37,1,84,7,#0000fe,0x100f,#0000ff
74,37,2,85,8,#0000fe,0x100f,#0000ff
74,37,3,86,9,#0000ed,0x100e,#0000ef
74,37,4,87,10,#0000dc,0x100d,#0000de
74,37,5,88,11,#0000cb,0x100c,#0000ce
74,38,1,79,2,#0000a9,0x100a,#0000ad
74,38,2,80,3,#0000ba,0x100b,#0000bd
74,38,3,81,4,#0000cb,0x100c,#0000ce
74,38,4,82,5,#0000dc,0x100d,#0000de
74,38,5,83,6,#0000ed,0x100e,#0000ef
74,38,6,84,7,#0000fe,0x100f,#0000ff
74,49,1,79,2,#0000a9,0x100a,#0000ad
74,49,2,80,3,#0000ba,0x100b,#0000bd
74,49,3,81,4,#0000cb,0x100c,#0000ce
74,49,4,82,5,#0000dc,0x100d,#0000de
74,49,5,83,6,#0000ed,0x100e,#0000ef
74,49,6,84,7,#0000fe,0x100f,#0000ff
74,50,1,90,13,#0000a9,0x100a,#0000ad
74,50,2,94,17,#000065,0x0006,#000063
74,50,3,95,18,#000054,0x0005,#000052
74,56,1,77,0,#000087,0x0008,#000084
74,56,2,78,1,#000098,0x0009,#000094
74,56,3,79,2,#0000a9,0x100a,#0000ad
74,59,1,77,0,#000087,0x0008,#000084
74,59,2,78,1,#000098,0x0009,#000094
74,59,3,79,2,#0000a9,0x100a,#0000ad
74,60,1,83,6,#0000ed,0x100e,#0000ef
74,60,2,84,7,#0000fe,0x100f,#0000ff
74,62,1,79,2,#0000a9,0x100a,#0000ad
74,62,2,80,3,#0000ba,0x100b,#0000bd
74,62,3,81,4,#0000cb,0x100c,#0000ce
74,62,4,82,5,#0000dc,0x100d,#0000de
74,62,5,83,6,#0000ed,0x100e,#0000ef
74,62,6,84,7,#0000fe,0x100f,#0000ff
74,63,1,84,7,#0000fe,0x100f,#0000ff
74,63,2,85,8,#0000fe,0x100f,#0000ff
74,63,3,86,9,#0000ed,0x100e,#0000ef
74,63,4,87,10,#0000dc,0x100d,#0000de
74,63,5,90,13,#0000a9,0x100a,#0000ad
74,63,6,91,14,#000098,0x0009,#000094
74,64,1,84,7,#0000fe,0x100f,#0000ff
74,64,2,85,8,#0000fe,0x100f,#0000ff
74,64,3,86,9,#0000ed,0x100e,#0000ef
74,64,4,87,10,#0000dc,0x100d,#0000de
74,64,5,88,11,#0000cb,0x100c,#0000ce
74,64,6,89,12,#0000ba,0x100b,#0000bd
74,65,1,90,13,#0000a9,0x100a,#0000ad
74,65,2,91,14,#000098,0x0009,#000094
74,65,3,92,15,#000087,0x0008,#000084
74,65,4,93,16,#000076,0x0007,#000073
74,65,5,94,17,#000065,0x0006,#000063
74,65,6,95,18,#000054,0x0005,#000052
74,66,1,79,2,#0000a9,0x100a,#0000ad
74,66,2,80,3,#0000ba,0x100b,#0000bd
74,66,3,81,4,#0000cb,0x100c,#0000ce
74,66,4,82,5,#0000dc,0x100d,#0000de
74,66,5,83,6,#0000ed,0x100e,#0000ef
74,66,6,84,7,#0000fe,0x100f,#0000ff
74,68,1,79,2,#0000a9,0x100a,#0000ad
74,68,2,80,3,#0000ba,0x100b,#0000bd
74,68,3,84,7,#0000fe,0x100f,#0000ff
74,69,1,90,13,#0000a9,0x100a,#0000ad
74,70,1,85,8,#0000fe,0x100f,#0000ff
74,70,2,86,9,#0000ed,0x100e,#0000ef
74,70,3,87,10,#0000dc,0x100d,#0000de
74,70,4,88,11,#0000cb,0x100c,#0000ce
74,70,5,89,12,#0000ba,0x100b,#0000bd
74,70,6,95,18,#000054,0x0005,#000052
74,70,7,96,19,#000043,0x0004,#000042
74,74,1,84,7,#0000fe,0x100f,#0000ff
74,74,2,85,8,#0000fe,0x100f,#0000ff
74,74,3,86,9,#0000ed,0x100e,#0000ef
74,74,4,87,10,#0000dc,0x100d,#0000de
74,74,5,88,11,#0000cb,0x100c,#0000ce
74,74,6,89,12,#0000ba,0x100b,#0000bd
74,76,1,77,0,#000087,0x0008,#000084
74,76,2,78,1,#000098,0x0009,#000094
74,76,3,79,2,#0000a9,0x100a,#0000ad
74,79,1,84,7,#0000fe,0x100f,#0000ff
74,79,2,85,8,#0000fe,0x100f,#0000ff
74,79,3,86,9,#0000ed,0x100e,#0000ef
74,79,4,87,10,#0000dc,0x100d,#0000de
75,34,1,77,0,#000098,0x0009,#000094
75,34,2,78,1,#0000a9,0x100a,#0000ad
75,34,3,79,2,#0000ba,0x100b,#0000bd
75,35,1,78,1,#0000a9,0x100a,#0000ad
75,35,2,79,2,#0000ba,0x100b,#0000bd
75,36,1,84,7,#0000fe,0x100f,#0000ff
75,36,2,85,8,#0000ed,0x100e,#0000ef
75,36,3,86,9,#0000dc,0x100d,#0000de
75,36,4,87,10,#0000cb,0x100c,#0000ce
75,37,1,84,7,#0000fe,0x100f,#0000ff
75,37,2,85,8,#0000ed,0x100e,#0000ef
75,37,3,86,9,#0000dc,0x100d,#0000de
75,37,4,87,10,#0000cb,0x100c,#0000ce
75,37,5,88,11,#0000ba,0x100b,#0000bd
75,38,1,79,2,#0000ba,0x100b,#0000bd
75,38,2,80,3,#0000cb,0x100c,#0000ce
75,38,3,81,4,#0000dc,0x100d,#0000de
75,38,4,82,5,#0000ed,0x100e,#0000ef
75,38,5,83,6,#0000fe,0x100f,#0000ff
75,38,6,84,7,#0000fe,0x100f,#0000ff
75,49,1,79,2,#0000ba,0x100b,#0000bd
75,49,2,80,3,#0000cb,0x100c,#0000ce
75,49,3,81,4,#0000dc,0x100d,#0000de
75,49,4,82,5,#0000ed,0x100e,#0000ef
75,49,5,83,6,#0000fe,0x100f,#0000ff
75,49,6,84,7,#0000fe,0x100f,#0000ff
75,50,1,90,13,#000098,0x0009,#000094
75,50,2,94,17,#000054,0x0005,#000052
75,50,3,95,18,#000043,0x0004,#000042
75,56,1,77,0,#000098,0x0009,#000094
75,56,2,78,1,#0000a9,0x100a,#0000ad
75,56,3,79,2,#0000ba,0x100b,#0000bd
75,59,1,77,0,#000098,0x0009,#000094
75,59,2,78,1,#0000a9,0x100a,#0000ad
75,59,3,79,2,#0000ba,0x100b,#0000bd
75,60,1,83,6,#0000fe,0x100f,#0000ff
75,60,2,84,7,#0000fe,0x100f,#0000ff
75,62,1,79,2,#0000ba,0x100b,#0000bd
75,62,2,80,3,#0000cb,0x100c,#0000ce
75,62,3,81,4,#0000dc,0x100d,#0000de
75,62,4,82,5,#0000ed,0x100e,#0000ef
75,62,5,83,6,#0000fe,0x100f,#0000ff
75,62,6,84,7,#0000fe,0x100f,#0000ff
75,63,1,84,7,#0000fe,0x100f,#0000ff
75,63,2,85,8,#0000ed,0x100e,#0000ef
75,63,3,86,9,#0000dc,0x100d,#0000de
75,63,4,87,10,#0000cb,0x100c,#0000ce
75,63,5,90,13,#000098,0x0009,#000094
75,63,6,91,14,#000087,0x0008,#000084
75,64,1,84,7,#0000fe,0x100f,#0000ff
75,64,2,85,8,#0000ed,0x100e,#0000ef
75,64,3,86,9,#0000dc,0x100d,#0000de
75,64,4,87,10,#0000cb,0x100c,#0000ce
75,64,5,88,11,#0000ba,0x100b,#0000bd
75,64,6,89,12,#0000a9,0x100a,#0000ad
75,65,1,90,13,#000098,0x0009,#000094
75,65,2,91,14,#000087,0x0008,#000084
75,65,3,92,15,#000076,0x0007,#000073
75,65,4,93,16,#000065,0x0006,#000063
75,65,5,94,17,#000054,0x0005,#000052
75,65,6,95,18,#000043,0x0004,#000042
75,66,1,79,2,#0000ba,0x100b,#0000bd
75,66,2,80,3,#0000cb,0x100c,#0000ce
75,66,3,81,4,#0000dc,0x100d,#0000de
75,66,4,82,5,#0000ed,0x100e,#0000ef
75,66,5,83,6,#0000fe,0x100f,#0000ff
75,66,6,84,7,#0000fe,0x100f,#0000ff
75,68,1,79,2,#0000ba,0x100b,#0000bd
75,68,2,80,3,#0000cb,0x100c,#0000ce
75,68,3,84,7,#0000fe,0x100f,#0000ff
75,69,1,90,13,#000098,0x0009,#000094
75,70,1,85,8,#0000ed,0x100e,#0000ef
75,70,2,86,9,#0000dc,0x100d,#0000de
75,70,3,87,10,#0000cb,0x100c,#0000ce
75,70,4,88,11,#0000ba,0x100b,#0000bd
75,70,5,89,12,#0000a9,0x100a,#0000ad
75,70,6,95,18,#000043,0x0004,#000042
75,70,7,96,19,#000032,0x0003,#000031
75,74,1,84,7,#0000fe,0x100f,#0000ff
75,74,2,85,8,#0000ed,0x100e,#0000ef
75,74,3,86,9,#0000dc,0x100d,#0000de
75,74,4,87,10,#0000cb,0x100c,#0000ce
75,74,5,88,11,#0000ba,0x100b,#0000bd
75,74,6,89,12,#0000a9,0x100a,#0000ad
75,76,1,77,0,#000098,0x0009,#000094
75,76,2,78,1,#0000a9,0x100a,#0000ad
75,76,3,79,2,#0000ba,0x100b,#0000bd
75,79,1,84,7,#0000fe,0x100f,#0000ff
75,79,2,85,8,#0000ed,0x100e,#0000ef
75,79,3,86,9,#0000dc,0x100d,#0000de
75,79,4,87,10,#0000cb,0x100c,#0000ce
76,34,1,77,0,#0000a9,0x100a,#0000ad
76,34,2,78,1,#0000ba,0x100b,#0000bd
76,34,3,79,2,#0000cb,0x100c,#0000ce
76,35,1,78,1,#0000ba,0x100b,#0000bd
76,35,2,79,2,#0000cb,0x100c,#0000ce
76,36,1,84,7,#0000ed,0x100e,#0000ef
76,36,2,85,8,#0000dc,0x100d,#0000de
76,36,3,86,9,#0000cb,0x100c,#0000ce
76,36,4,87,10,#0000ba,0x100b,#0000bd
76,37,1,84,7,#0000ed,0x100e,#0000ef
76,37,2,85,8,#0000dc,0x100d,#0000de
76,37,3,86,9,#0000cb,0x100c,#0000ce
76,37,4,87,10,#0000ba,0x100b,#0000bd
76,37,5,88,11,#0000a9,0x100a,#0000ad
76,38,1,79,2,#0000cb,0x100c,#0000ce
76,38,2,80,3,#0000dc,0x100d,#0000de
76,38,3,81,4,#0000ed,0x100e,#0000ef
76,38,4,82,5,#0000fe,0x100f,#0000ff
76,38,5,83,6,#0000fe,0x100f,#0000ff
76,38,6,84,7,#0000ed,0x100e,#0000ef
76,49,1,79,2,#0000cb,0x100c,#0000ce
76,49,2,80,3,#0000dc,0x100d,#0000de
76,49,3,81,4,#0000ed,0x100e,#0000ef
76,49,4,82,5,#0000fe,0x100f,#0000ff
76,49,5,83,6,#0000fe,0x100f,#0000ff
76,49,6,84,7,#0000ed,0x100e,#0000ef
76,50,1,90,13,#000087,0x0008,#000084
76,50,2,94,17,#000043,0x0004,#000042
76,50,3,95,18,#000032,0x0003,#000031
76,56,1,77,0,#0000a9,0x100a,#0000ad
76,56,2,78,1,#0000ba,0x100b,#0000bd
76,56,3,79,2,#0000cb,0x100c,#0000ce
76,59,1,77,0,#0000a9,0x100a,#0000ad
76,59,2,78,1,#0000ba,0x100b,#0000bd
76,59,3,79,2,#0000cb,0x100c,#0000ce
76,60,1,83,6,#0000fe,0x100f,#0000ff
76,60,2,84,7,#0000ed,0x100e,#0000ef
76,62,1,79,2,#0000cb,0x100c,#0000ce
76,62,2,80,3,#0000dc,0x100d,#0000de
76,62,3,81,4,#0000ed,0x100e,#0000ef
76,62,4,82,5,#0000fe,0x100f,#0000ff
76,62,5,83,6,#0000fe,0x100f,#0000ff
76,62,6,84,7,#0000ed,0x100e,#0000ef
76,63,1,84,7,#0000ed,0x100e,#0000ef
76,63,2,85,8,#0000dc,0x100d,#0000de
76,63,3,86,9,#0000cb,0x100c,#0000ce
76,63,4,87,10,#0000ba,0x100b,#0000bd
76,63,5,90,13,#000087,0x0008,#000084
76,63,6,91,14,#000076,0x0007,#000073
76,64,1,84,7,#0000ed,0x100e,#0000ef
76,64,2,85,8,#0000dc,0x100d,#0000de
76,64,3,86,9,#0000cb,0x100c,#0000ce
76,64,4,87,10,#0000ba,0x100b,#0000bd
76,64,5,88,11,#0000a9,0x100a,#0000ad
76,64,6,89,12,#000098,0x0009,#000094
76,65,1,90,13,#000087,0x0008,#000084
76,65,2,91,14,#000076,0x0007,#000073
76,65,3,92,15,#000065,0x0006,#000063
76,65,4,93,16,#000054,0x0005,#000052
76,65,5,94,17,#000043,0x0004,#000042
76,65,6,95,18,#000032,0x0003,#000031
76,66,1,79,2,#0000cb,0x100c,#0000ce
76,66,2,80,3,#0000dc,0x100d,#0000de
76,66,3,81,4,#0000ed,0x100e,#0000ef
76,66,4,82,5,#0000fe,0x100f,#0000ff
76,66,5,83,6,#0000fe,0x100f,#0000ff
76,66,6,84,7,#0000ed,0x100e,#0000ef
76,68,1,79,2,#0000cb,0x100c,#0000ce
76,68,2,80,3,#0000dc,0x100d,#0000de
76,68,3,84,7,#0000ed,0x100e,#0000ef
76,69,1,90,13,#000087,0x0008,#000084
76,70,1,85,8,#0000dc,0x100d,#0000de
76,70,2,86,9,#0000cb,0x100c,#0000ce
76,70,3,87,10,#0000ba,0x100b,#0000bd
76,70,4,88,11,#0000a9,0x100a,#0000ad
76,70,5,89,12,#000098,0x0009,#000094
76,70,6,95,18,#000032,0x0003,#000031
76,70,7,96,19,#000021,0x0002,#000021
76,74,1,84,7,#0000ed,0x100e,#0000ef
76,74,2,85,8,#0000dc,0x100d,#0000de
76,74,3,86,9,#0000cb,0x100c,#0000ce
76,74,4,87,10,#0000ba,0x100b,#0000bd
76,74,5,88,11,#0000a9,0x100a,#0000ad
76,74,6,89,12,#000098,0x0009,#000094
76,76,1,77,0,#0000a9,0x100a,#0000ad
76,76,2,78,1,#0000ba,0x100b,#0000bd
76,76,3,79,2,#0000cb,0x100c,#0000ce
76,79,1,84,7,#0000ed,0x100e,#0000ef
76,79,2,85,8,#0000dc,0x100d,#0000de
76,79,3,86,9,#0000cb,0x100c,#0000ce
76,79,4,87,10,#0000ba,0x100b,#0000bd
77,34,1,77,0,#0000ba,0x100b,#0000bd
77,34,2,78,1,#0000cb,0x100c,#0000ce
77,34,3,79,2,#0000dc,0x100d,#0000de
77,35,1,78,1,#0000cb,0x100c,#0000ce
77,35,2,79,2,#0000dc,0x100d,#0000de
77,36,1,84,7,#0000dc,0x100d,#0000de
77,36,2,85,8,#0000cb,0x100c,#0000ce
77,36,3,86,9,#0000ba,0x100b,#0000bd
77,36,4,87,10,#0000a9,0x100a,#0000ad
77,37,1,84,7,#0000dc,0x100d,#0000de
77,37,2,85,8,#0000cb,0x100c,#0000ce
77,37,3,86,9,#0000ba,0x100b,#0000bd
77,37,4,87,10,#0000a9,0x100a,#0000ad
77,37,5,88,11,#000098,0x0009,#000094
77,38,1,79,2,#0000dc,0x100d,#0000de
77,38,2,80,3,#0000ed,0x100e,#0000ef
77,38,3,81,4,#0000fe,0x100f,#0000ff
77,38,4,82,5,#0000fe,0x100f,#0000ff
77,38,5,83,6,#0000ed,0x100e,#0000ef
77,38,6,84,7,#0000dc,0x100d,#0000de
77,49,1,79,2,#0000dc,0x100d,#0000de
77,49,2,80,3,#0000ed,0x100e,#0000ef
77,49,3,81,4,#0000fe,0x100f,#0000ff
77,49,4,82,5,#0000fe,0x100f,#0000ff
77,49,5,83,6,#0000ed,0x100e,#0000ef
77,49,6,84,7,#0000dc,0x100d,#0000de
77,50,1,90,13,#000076,0x0007,#000073
77,50,2,94,17,#000032,0x0003,#000031
77,50,3,95,18,#000021,0x0002,#000021
77,56,1,77,0,#0000ba,0x100b,#0000bd
77,56,2,78,1,#0000cb,0x100c,#0000ce
77,56,3,79,2,#0000dc,0x100d,#0000de
77,59,1,77,0,#0000ba,0x100b,#0000bd
77,59,2,78,1,#0000cb,0x100c,#0000ce
77,59,3,79,2,#0000dc,0x100d,#0000de
77,60,1,83,6,#0000ed,0x100e,#0000ef
77,60,2,84,7,#0000dc,0x100d,#0000de
77,62,1,79,2,#0000dc,0x100d,#0000de
77,62,2,80,3,#0000ed,0x100e,#0000ef
77,62,3,81,4,#0000fe,0x100f,#0000ff
77,62,4,82,5,#0000fe,0x100f,#0000ff
77,62,5,83,6,#0000ed,0x100e,#0000ef
77,62,6,84,7,#0000dc,0x100d,#0000de
77,63,1,84,7,#0000dc,0x100d,#0000de
77,63,2,85,8,#0000cb,0x100c,#0000ce
77,63,3,86,9,#0000ba,0x100b,#0000bd
77,63,4,87,10,#0000a9,0x100a,#0000ad
77,63,5,90,13,#000076,0x0007,#000073
77,63,6,91,14,#000065,0x0006,#000063
77,64,1,84,7,#0000dc,0x100d,#0000de
77,64,2,85,8,#0000cb,0x100c,#0000ce
77,64,3,86,9,#0000ba,0x100b,#0000bd
77,64,4,87,10,#0000a9,0x100a,#0000ad
77,64,5,88,11,#000098,0x0009,#000094
77,64,6,89,12,#000087,0x0008,#000084
77,65,1,90,13,#000076,0x0007,#000073
77,65,2,91,14,#000065,0x0006,#000063
77,65,3,92,15,#000054,0x0005,#000052
77,65,4,93,16,#000043,0x0004,#000042
77,65,5,94,17,#000032,0x0003,#000031
77,65,6,95,18,#000021,0x0002,#000021
77,66,1,79,2,#0000dc,0x100d,#0000de
77,66,2,80,3,#0000ed,0x100e,#0000ef
77,66,3,81,4,#0000fe,0x100f,#0000ff
77,66,4,82,5,#0000fe,0x100f,#0000ff
77,66,5,83,6,#0000ed,0x100e,#0000ef
77,66,6,84,7,#0000dc,0x100d,#0000de
77,68,1,79,2,#0000dc,0x100d,#0000de
77,68,2,80,3,#0000ed,0x100e,#0000ef
77,68,3,84,7,#0000dc,0x100d,#0000de
77,69,1,90,13,#000076,0x0007,#000073
77,70,1,85,8,#0000cb,0x100c,#0000ce
77,70,2,86,9,#0000ba,0x100b,#0000bd
77,70,3,87,10,#0000a9,0x100a,#0000ad
77,70,4,88,11,#000098,0x0009,#000094
77,70,5,89,12,#000087,0x0008,#000084
77,70,6,95,18,#000021,0x0002,#000021
77,70,7,96,19,#001717,0x3011,#001919
77,74,1,84,7,#0000dc,0x100d,#0000de
77,74,2,85,8,#0000cb,0x100c,#0000ce
77,74,3,86,9,#0000ba,0x100b,#0000bd
77,74,4,87,10,#0000a9,0x100a,#0000ad
77,74,5,88,11,#000098,0x0009,#000094
77,74,6,89,12,#000087,0x0008,#000084
77,76,1,77,0,#0000ba,0x100b,#0000bd
77,76,2,78,1,#0000cb,0x100c,#0000ce
77,76,3,79,2,#0000dc,0x100d,#0000de
77,79,1,84,7,#0000dc,0x100d,#0000de
77,79,2,85,8,#0000cb,0x100c,#0000ce
77,79,3,86,9,#0000ba,0x100b,#0000bd
77,79,4,87,10,#0000a9,0x100a,#0000ad
78,34,1,77,0,#0000cb,0x100c,#0000ce
78,34,2,78,1,#0000dc,0x100d,#0000de
78,34,3,79,2,#0000ed,0x100e,#0000ef
78,35,1,78,1,#0000dc,0x100d,#0000de
78,35,2,79,2,#0000ed,0x100e,#0000ef
78,36,1,84,7,#0000cb,0x100c,#0000ce
78,36,2,85,8,#0000ba,0x100b,#0000bd
78,36,3,86,9,#0000a9,0x100a,#0000ad
78,36,4,87,10,#000098,0x0009,#000094
78,37,1,84,7,#0000cb,0x100c,#0000ce
78,37,2,85,8,#0000ba,0x100b,#0000bd
78,37,3,86,9,#0000a9,0x100a,#0000ad
78,37,4,87,10,#000098,0x0009,#000094
78,37,5,88,11,#000087,0x0008,#000084
78,38,1,79,2,#0000ed,0x100e,#0000ef
78,38,2,80,3,#0000fe,0x100f,#0000ff
78,38,3,81,4,#0000fe,0x100f,#0000ff
78,38,4,82,5,#0000ed,0x100e,#0000ef
78,38,5,83,6,#0000dc,0x100d,#0000de
78,38,6,84,7,#0000cb,0x100c,#0000ce
78,49,1,79,2,#0000ed,0x100e,#0000ef
78,49,2,80,3,#0000fe,0x100f,#0000ff
78,49,3,81,4,#0000fe,0x100f,#0000ff
78,49,4,82,5,#0000ed,0x100e,#0000ef
78,49,5,83,6,#0000dc,0x100d,#0000de
78,49,6,84,7,#0000cb,0x100c,#0000ce
78,50,1,90,13,#000065,0x0006,#000063
78,50,2,94,17,#000021,0x0002,#000021
78,50,3,95,18,#001717,0x3011,#001919
78,56,1,77,0,#0000cb,0x100c,#0000ce
78,56,2,78,1,#0000dc,0x100d,#0000de
78,56,3,79,2,#0000ed,0x100e,#0000ef
78,59,1,77,0,#0000cb,0x100c,#0000ce
78,59,2,78,1,#0000dc,0x100d,#0000de
78,59,3,79,2,#0000ed,0x100e,#0000ef
78,60,1,83,6,#0000dc,0x100d,#0000de
78,60,2,84,7,#0000cb,0x100c,#0000ce
78,62,1,79,2,#0000ed,0x100e,#0000ef
78,62,2,80,3,#0000fe,0x100f,#0000ff
78,62,3,81,4,#0000fe,0x100f,#0000ff
78,62,4,82,5,#0000ed,0x100e,#0000ef
78,62,5,83,6,#0000dc,0x100d,#0000de
78,62,6,84,7,#0000cb,0x100c,#0000ce
78,63,1,84,7,#0000cb,0x100c,#0000ce
78,63,2,85,8,#0000ba,0x100b,#0000bd
78,63,3,86,9,#0000a9,0x100a,#0000ad
78,63,4,87,10,#000098,0x0009,#000094
78,63,5,90,13,#000065,0x0006,#000063
78,63,6,91,14,#000054,0x0005,#000052
78,64,1,84,7,#0000cb,0x100c,#0000ce
78,64,2,85,8,#0000ba,0x100b,#0000bd
78,64,3,86,9,#0000a9,0x100a,#0000ad
78,64,4,87,10,#000098,0x0009,#000094
78,64,5,88,11,#000087,0x0008,#000084
78,64,6,89,12,#000076,0x0007,#000073
78,65,1,90,13,#000065,0x0006,#000063
78,65,2,91,14,#000054,0x0005,#000052
78,65,3,92,15,#000043,0x0004,#000042
78,65,4,93,16,#000032,0x0003,#000031
78,65,5,94,17,#000021,0x0002,#000021
78,65,6,95,18,#001717,0x3011,#001919
78,66,1,79,2,#0000ed,0x100e,#0000ef
78,66,2,80,3,#0000fe,0x100f,#0000ff
78,66,3,81,4,#0000fe,0x100f,#0000ff
78,66,4,82,5,#0000ed,0x100e,#0000ef
78,66,5,83,6,#0000dc,0x100d,#0000de
78,66,6,84,7,#0000cb,0x100c,#0000ce
78,68,1,79,2,#0000ed,0x100e,#0000ef
78,68,2,80,3,#0000fe,0x100f,#0000ff
78,68,3,84,7,#0000cb,0x100c,#0000ce
78,69,1,90,13,#000065,0x0006,#000063
78,70,1,85,8,#0000ba,0x100b,#0000bd
78,70,2,86,9,#0000a9,0x100a,#0000ad
78,70,3,87,10,#000098,0x0009,#000094
78,70,4,88,11,#000087,0x0008,#000084
78,70,5,89,12,#000076,0x0007,#000073
78,70,6,95,18,#001717,0x3011,#001919
78,70,7,96,19,#001f1f,0x0022,#002121
78,74,1,84,7,#0000cb,0x100c,#0000ce
78,74,2,85,8,#0000ba,0x100b,#0000bd
78,74,3,86,9,#0000a9,0x100a,#0000ad
78,74,4,87,10,#000098,0x0009,#000094
78,74,5,88,11,#000087,0x0008,#000084
78,74,6,89,12,#000076,0x0007,#000073
78,76,1,77,0,#0000cb,0x100c,#0000ce
78,76,2,78,1,#0000dc,0x100d,#0000de
78,76,3,79,2,#0000ed,0x100e,#0000ef
78,79,1,84,7,#0000cb,0x100c,#0000ce
78,79,2,85,8,#0000ba,0x100b,#0000bd
78,79,3,86,9,#0000a9,0x100a,#0000ad
78,79,4,87,10,#000098,0x0009,#000094
79,34,1,77,0,#0000dc,0x100d,#0000de
79,34,2,78,1,#0000ed,0x100e,#0000ef
79,34,3,79,2,#0000fe,0x100f,#0000ff
79,35,1,78,1,#0000ed,0x100e,#0000ef
79,35,2,79,2,#0000fe,0x100f,#0000ff
79,36,1,84,7,#0000ba,0x100b,#0000bd
79,36,2,85,8,#0000a9,0x100a,#0000ad
79,36,3,86,9,#000098,0x0009,#000094
79,36,4,87,10,#000087,0x0008,#000084
79,37,1,84,7,#0000ba,0x100b,#0000bd
79,37,2,85,8,#0000a9,0x100a,#0000ad
79,37,3,86,9,#000098,0x0009,#000094
79,37,4,87,10,#000087,0x0008,#000084
79,37,5,88,11,#000076,0x0007,#000073
79,38,1,79,2,#0000fe,0x100f,#0000ff
79,38,2,80,3,#0000fe,0x100f,#0000ff
79,38,3,81,4,#0000ed,0x100e,#0000ef
79,38,4,82,5,#0000dc,0x100d,#0000de
79,38,5,83,6,#0000cb,0x100c,#0000ce
79,38,6,84,7,#0000ba,0x100b,#0000bd
79,49,1,79,2,#0000fe,0x100f,#0000ff
79,49,2,80,3,#0000fe,0x100f,#0000ff
79,49,3,81,4,#0000ed,0x100e,#0000ef
79,49,4,82,5,#0000dc,0x100d,#0000de
79,49,5,83,6,#0000cb,0x100c,#0000ce
79,49,6,84,7,#0000ba,0x100b,#0000bd
79,50,1,90,13,#000054,0x0005,#000052
79,50,2,94,17,#001717,0x3011,#001919
79,50,3,95,18,#001f1f,0x0022,#002121
79,56,1,77,0,#0000dc,0x100d,#0000de
79,56,2,78,1,#0000ed,0x100e,#0000ef
79,56,3,79,2,#0000fe,0x100f,#0000ff
79,59,1,77,0,#0000dc,0x100d,#0000de
79,59,2,78,1,#0000ed,0x100e,#0000ef
79,59,3,79,2,#0000fe,0x100f,#0000ff
79,60,1,83,6,#0000cb,0x100c,#0000ce
79,60,2,84,7,#0000ba,0x100b,#0000bd
79,62,1,79,2,#0000fe,0x100f,#0000ff
79,62,2,80,3,#0000fe,0x100f,#0000ff
79,62,3,81,4,#0000ed,0x100e,#0000ef
79,62,4,82,5,#0000dc,0x100d,#0000de
79,62,5,83,6,#0000cb,0x100c,#0000ce
79,62,6,84,7,#0000ba,0x100b,#0000bd
79,63,1,84,7,#0000ba,0x100b,#0000bd
79,63,2,85,8,#0000a9,0x100a,#0000ad
79,63,3,86,9,#000098,0x0009,#000094
79,63,4,87,10,#000087,0x0008,#000084
79,63,5,90,13,#000054,0x0005,#000052
79,63,6,91,14,#000043,0x0004,#000042
79,64,1,84,7,#0000ba,0x100b,#0000bd
79,64,2,85,8,#0000a9,0x100a,#0000ad
79,64,3,86,9,#000098,0x0009,#000094
79,64,4,87,10,#000087,0x0008,#000084
79,64,5,88,11,#000076,0x0007,#000073
79,64,6,89,12,#000065,0x0006,#000063
79,65,1,90,13,#000054,0x0005,#000052
79,65,2,91,14,#000043,0x0004,#000042
79,65,3,92,15,#000032,0x0003,#000031
79,65,4,93,16,#000021,0x0002,#000021
79,65,5,94,17,#001717,0x3011,#001919
79,65,6,95,18,#001f1f,0x0022,#002121
79,66,1,79,2,#0000fe,0x100f,#0000ff
79,66,2,80,3,#0000fe,0x100f,#0000ff
79,66,3,81,4,#0000ed,0x100e,#0000ef
79,66,4,82,5,#0000dc,0x100d,#0000de
79,66,5,83,6,#0000cb,0x100c,#0000ce
79,66,6,84,7,#0000ba,0x100b,#0000bd
79,68,1,79,2,#0000fe,0x100f,#0000ff
79,68,2,80,3,#0000fe,0x100f,#0000ff
79,68,3,84,7,#0000ba,0x100b,#0000bd
79,69,1,90,13,#000054,0x0005,#000052
79,70,1,85,8,#0000a9,0x100a,#0000ad
79,70,2,86,9,#000098,0x0009,#000094
79,70,3,87,10,#000087,0x0008,#000084
79,70,4,88,11,#000076,0x0007,#000073
79,70,5,89,12,#000065,0x0006,#000063
79,70,6,95,18,#001f1f,0x0022,#002121
79,70,7,96,19,#002727,0x3022,#002929
79,74,1,84,7,#0000ba,0x100b,#0000bd
79,74,2,85,8,#0000a9,0x100a,#0000ad
79,74,3,86,9,#000098,0x0009,#000094
79,74,4,87,10,#000087,0x0008,#000084
79,74,5,88,11,#000076,0x0007,#000073
79,74,6,89,12,#000065,0x0006,#000063
79,76,1,77,0,#0000dc,0x100d,#0000de
79,76,2,78,1,#0000ed,0x100e,#0000ef
79,76,3,79,2,#0000fe,0x100f,#0000ff
79,79,1,84,7,#0000ba,0x100b,#0000bd
79,79,2,85,8,#0000a9,0x100a,#0000ad
79,79,3,86,9,#000098,0x0009,#000094
79,79,4,87,10,#000087,0x0008,#000084
80,34,1,77,0,#0000ed,0x100e,#0000ef
80,34,2,78,1,#0000fe,0x100f,#0000ff
80,34,3,79,2,#0000fe,0x100f,#0000ff
80,35,1,78,1,#0000fe,0x100f,#0000ff
80,35,2,79,2,#0000fe,0x100f,#0000ff
80,36,1,84,7,#0000a9,0x100a,#0000ad
80,36,2,85,8,#000098,0x0009,#000094
80,36,3,86,9,#000087,0x0008,#000084
80,36,4,87,10,#000076,0x0007,#000073
80,37,1,84,7,#0000a9,0x100a,#0000ad
80,37,2,85,8,#000098,0x0009,#000094
80,37,3,86,9,#000087,0x0008,#000084
80,37,4,87,10,#000076,0x0007,#000073
80,37,5,88,11,#000065,0x0006,#000063
80,38,1,79,2,#0000fe,0x100f,#0000ff
80,38,2,80,3,#0000ed,0x100e,#0000ef
80,38,3,81,4,#0000dc,0x100d,#0000de
80,38,4,82,5,#0000cb,0x100c,#0000ce
80,38,5,83,6,#0000ba,0x100b,#0000bd
80,38,6,84,7,#0000a9,0x100a,#0000ad
80,49,1,79,2,#0000fe,0x100f,#0000ff
80,49,2,80,3,#0000ed,0x100e,#0000ef
80,49,3,81,4,#0000dc,0x100d,#0000de
80,49,4,82,5,#0000cb,0x100c,#0000ce
80,49,5,83,6,#0000ba,0x100b,#0000bd
80,49,6,84,7,#0000a9,0x100a,#0000ad
80,50,1,90,13,#000043,0x0004,#000042
80,50,2,94,17,#001f1f,0x0022,#002121
80,50,3,95,18,#002727,0x3022,#002929
80,56,1,77,0,#0000ed,0x100e,#0000ef
80,56,2,78,1,#0000fe,0x100f,#0000ff
80,56,3,79,2,#0000fe,0x100f,#0000ff
80,59,1,77,0,#0000ed,0x100e,#0000ef
80,59,2,78,1,#0000fe,0x100f,#0000ff
80,59,3,79,2,#0000fe,0x100f,#0000ff
80,60,1,83,6,#0000ba,0x100b,#0000bd
80,60,2,84,7,#0000a9,0x100a,#0000ad
80,62,1,79,2,#0000fe,0x100f,#0000ff
80,62,2,80,3,#0000ed,0x100e,#0000ef
80,62,3,81,4,#0000dc,0x100d,#0000de
80,62,4,82,5,#0000cb,0x100c,#0000ce
80,62,5,83,6,#0000ba,0x100b,#0000bd
80,62,6,84,7,#0000a9,0x100a,#0000ad
80,63,1,84,7,#0000a9,0x100a,#0000ad
80,63,2,85,8,#000098,0x0009,#000094
80,63,3,86,9,#000087,0x0008,#000084
80,63,4,87,10,#000076,0x0007,#000073
80,63,5,90,13,#000043,0x0004,#000042
80,63,6,91,14,#000032,0x0003,#000031
80,64,1,84,7,#0000a9,0x100a,#0000ad
80,64,2,85,8,#000098,0x0009,#000094
80,64,3,86,9,#000087,0x0008,#000084
80,64,4,87,10,#000076,0x0007,#000073
80,64,5,88,11,#000065,0x0006,#000063
80,64,6,89,12,#000054,0x0005,#000052
80,65,1,90,13,#000043,0x0004,#000042
80,65,2,91,14,#000032,0x0003,#000031
80,65,3,92,15,#000021,0x0002,#000021
80,65,4,93,16,#001717,0x3011,#001919
80,65,5,94,17,#001f1f,0x0022,#002121
80,65,6,95,18,#002727,0x3022,#002929
80,66,1,79,2,#0000fe,0x100f,#0000ff
80,66,2,80,3,#0000ed,0x100e,#0000ef
80,66,3,81,4,#0000dc,0x100d,#0000de
80,66,4,82,5,#0000cb,0x100c,#0000ce
80,66,5,83,6,#0000ba,0x100b,#0000bd
80,66,6,84,7,#0000a9,0x100a,#0000ad
80,68,1,79,2,#0000fe,0x100f,#0000ff
80,68,2,80,3,#0000ed,0x100e,#0000ef
80,68,3,84,7,#0000a9,0x100a,#0000ad
80,69,1,90,13,#000043,0x0004,#000042
80,70,1,85,8,#000098,0x0009,#000094
80,70,2,86,9,#000087,0x0008,#000084
80,70,3,87,10,#000076,0x0007,#000073
80,70,4,88,11,#000065,0x0006,#000063
80,70,5,89,12,#000054,0x0005,#000052
80,70,6,95,18,#002727,0x3022,#002929
80,70,7,96,19,#002f2f,0x0033,#003131
80,74,1,84,7,#0000a9,0x100a,#0000ad
80,74,2,85,8,#000098,0x0009,#000094
80,74,3,86,9,#000087,0x0008,#000084
80,74,4,87,10,#000076,0x0007,#000073
80,74,5,88,11,#000065,0x0006,#000063
80,74,6,89,12,#000054,0x0005,#000052
80,76,1,77,0,#0000ed,0x100e,#0000ef
80,76,2,78,1,#0000fe,0x100f,#0000ff
80,76,3,79,2,#0000fe,0x100f,#0000ff
80,79,1,84,7,#0000a9,0x100a,#0000ad
80,79,2,85,8,#000098,0x0009,#000094
80,79,3,86,9,#000087,0x0008,#000084
80,79,4,87,10,#000076,0x0007,#000073
81,34,1,77,0,#0000fe,0x100f,#0000ff
81,34,2,78,1,#0000fe,0x100f,#0000ff
81,34,3,79,2,#0000ed,0x100e,#0000ef
81,35,1,78,1,#0000fe,0x100f,#0000ff
81,35,2,79,2,#0000ed,0x100e,#0000ef
81,36,1,84,7,#000098,0x0009,#000094
81,36,2,85,8,#000087,0x0008,#000084
81,36,3,86,9,#000076,0x0007,#000073
81,36,4,87,10,#000065,0x0006,#000063
81,37,1,84,7,#000098,0x0009,#000094
81,37,2,85,8,#000087,0x0008,#000084
81,37,3,86,9,#000076,0x0007,#000073
81,37,4,87,10,#000065,0x0006,#000063
81,37,5,88,11,#000054,0x0005,#000052
81,38,1,79,2,#0000ed,0x100e,#0000ef
81,38,2,80,3,#0000dc,0x100d,#0000de
81,38,3,81,4,#0000cb,0x100c,#0000ce
81,38,4,82,5,#0000ba,0x100b,#0000bd
81,38,5,83,6,#0000a9,0x100a,#0000ad
81,38,6,84,7,#000098,0x0009,#000094
81,49,1,79,2,#0000ed,0x100e,#0000ef
81,49,2,80,3,#0000dc,0x100d,#0000de
81,49,3,81,4,#0000cb,0x100c,#0000ce
81,49,4,82,5,#0000ba,0x100b,#0000bd
81,49,5,83,6,#0000a9,0x100a,#0000ad
81,49,6,84,7,#000098,0x0009,#000094
81,50,1,90,13,#000032,0x0003,#000031
81,50,2,94,17,#002727,0x3022,#002929
81,50,3,95,18,#002f2f,0x0033,#003131
81,56,1,77,0,#0000fe,0x100f,#0000ff
81,56,2,78,1,#0000fe,0x100f,#0000ff
81,56,3,79,2,#0000ed,0x100e,#0000ef
81,59,1,77,0,#0000fe,0x100f,#0000ff
81,59,2,78,1,#0000fe,0x100f,#0000ff
81,59,3,79,2,#0000ed,0x100e,#0000ef
81,60,1,83,6,#0000a9,0x100a,#0000ad
81,60,2,84,7,#000098,0x0009,#000094
81,62,1,79,2,#0000ed,0x100e,#0000ef
81,62,2,80,3,#0000dc,0x100d,#0000de
81,62,3,81,4,#0000cb,0x100c,#0000ce
81,62,4,82,5,#0000ba,0x100b,#0000bd
81,62,5,83,6,#0000a9,0x100a,#0000ad
81,62,6,84,7,#000098,0x0009,#000094
81,63,1,84,7,#000098,0x0009,#000094
81,63,2,85,8,#000087,0x0008,#000084
81,63,3,86,9,#000076,0x0007,#000073
81,63,4,87,10,#000065,0x0006,#000063
81,63,5,90,13,#000032,0x0003,#000031
81,63,6,91,14,#000021,0x0002,#000021
81,64,1,84,7,#000098,0x0009,#000094
81,64,2,85,8,#000087,0x0008,#000084
81,64,3,86,9,#000076,0x0007,#000073
81,64,4,87,10,#000065,0x0006,#000063
81,64,5,88,11,#000054,0x0005,#000052
81,64,6,89,12,#000043,0x0004,#000042
81,65,1,90,13,#000032,0x0003,#000031
81,65,2,91,14,#000021,0x0002,#000021
81,65,3,92,15,#001717,0x3011,#001919
81,65,4,93,16,#001f1f,0x0022,#002121
81,65,5,94,17,#002727,0x3022,#002929
81,65,6,95,18,#002f2f,0x0033,#003131
81,66,1,79,2,#0000ed,0x100e,#0000ef
81,66,2,80,3,#0000dc,0x100d,#0000de
81,66,3,81,4,#0000cb,0x100c,#0000ce
81,66,4,82,5,#0000ba,0x100b,#0000bd
81,66,5,83,6,#0000a9,0x100a,#0000ad
81,66,6,84,7,#000098,0x0009,#000094
81,68,1,79,2,#0000ed,0x100e,#0000ef
81,68,2,80,3,#0000dc,0x100d,#0000de
81,68,3,84,7,#000098,0x0009,#000094
81,69,1,90,13,#000032,0x0003,#000031
81,70,1,85,8,#000087,0x0008,#000084
81,70,2,86,9,#000076,0x0007,#000073
81,70,3,87,10,#000065,0x0006,#000063
81,70,4,88,11,#000054,0x0005,#000052
81,70,5,89,12,#000043,0x0004,#000042
81,70,6,95,18,#002f2f,0x0033,#003131
81,70,7,96,19,#003737,0x3033,#003a3a
81,74,1,84,7,#000098,0x0009,#000094
81,74,2,85,8,#000087,0x0008,#000084
81,74,3,86,9,#000076,0x0007,#000073
81,74,4,87,10,#000065,0x0006,#000063
81,74,5,88,11,#000054,0x0005,#000052
81,74,6,89,12,#000043,0x0004,#000042
81,76,1,77,0,#0000fe,0x100f,#0000ff
81,76,2,78,1,#0000fe,0x100f,#0000ff
81,76,3,79,2,#0000ed,0x100e,#0000ef
81,79,1,84,7,#000098,0x0009,#000094
81,79,2,85,8,#000087,0x0008,#000084
81,79,3,86,9,#000076,0x0007,#000073
81,79,4,87,10,#000065,0x0006,#000063
82,34,1,77,0,#0000fe,0x100f,#0000ff
82,34,2,78,1,#0000ed,0x100e,#0000ef
82,34,3,79,2,#0000dc,0x100d,#0000de
82,35,1,78,1,#0000ed,0x100e,#0000ef
82,35,2,79,2,#0000dc,0x100d,#0000de
82,36,1,84,7,#000087,0x0008,#000084
82,36,2,85,8,#000076,0x0007,#000073
82,36,3,86,9,#000065,0x0006,#000063
82,36,4,87,10,#000054,0x0005,#000052
82,37,1,84,7,#000087,0x0008,#000084
82,37,2,85,8,#000076,0x0007,#000073
82,37,3,86,9,#000065,0x0006,#000063
82,37,4,87,10,#000054,0x0005,#000052
82,37,5,88,11,#000043,0x0004,#000042
82,38,1,79,2,#0000dc,0x100d,#0000de
82,38,2,80,3,#0000cb,0x100c,#0000ce
82,38,3,81,4,#0000ba,0x100b,#0000bd
82,38,4,82,5,#0000a9,0x100a,#0000ad
82,38,5,83,6,#000098,0x0009,#000094
82,38,6,84,7,#000087,0x0008,#000084
82,49,1,79,2,#0000dc,0x100d,#0000de
82,49,2,80,3,#0000cb,0x100c,#0000ce
82,49,3,81,4,#0000ba,0x100b,#0000bd
82,49,4,82,5,#0000a9,0x100a,#0000ad
82,49,5,83,6,#000098,0x0009,#000094
82,49,6,84,7,#000087,0x0008,#000084
82,50,1,90,13,#000021,0x0002,#000021
82,50,2,94,17,#002f2f,0x0033,#003131
82,50,3,95,18,#003737,0x3033,#003a3a
82,56,1,77,0,#0000fe,0x100f,#0000ff
82,56,2,78,1,#0000ed,0x100e,#0000ef
82,56,3,79,2,#0000dc,0x100d,#0000de
82,59,1,77,0,#0000fe,0x100f,#0000ff
82,59,2,78,1,#0000ed,0x100e,#0000ef
82,59,3,79,2,#0000dc,0x100d,#0000de
82,60,1,83,6,#000098,0x0009,#000094
82,60,2,84,7,#000087,0x0008,#000084
82,62,1,79,2,#0000dc,0x100d,#0000de
82,62,2,80,3,#0000cb,0x100c,#0000ce
82,62,3,81,4,#0000ba,0x100b,#0000bd
82,62,4,82,5,#0000a9,0x100a,#0000ad
82,62,5,83,6,#000098,0x0009,#000094
82,62,6,84,7,#000087,0x0008,#000084
82,63,1,84,7,#000087,0x0008,#000084
82,63,2,85,8,#000076,0x0007,#000073
82,63,3,86,9,#000065,0x0006,#000063
82,63,4,87,10,#000054,0x0005,#000052
82,63,5,90,13,#000021,0x0002,#000021
82,63,6,91,14,#001717,0x3011,#001919
82,64,1,84,7,#000087,0x0008,#000084
82,64,2,85,8,#000076,0x0007,#000073
82,64,3,86,9,#000065,0x0006,#000063
82,64,4,87,10,#000054,0x0005,#000052
82,64,5,88,11,#000043,0x0004,#000042
82,64,6,89,12,#000032,0x0003,#000031
82,65,1,90,13,#000021,0x0002,#000021
82,65,2,91,14,#001717,0x3011,#001919
82,65,3,92,15,#001f1f,0x0022,#002121
82,65,4,93,16,#002727,0x3022,#002929
82,65,5,94,17,#002f2f,0x0033,#003131
82,65,6,95,18,#003737,0x3033,#003a3a
82,66,1,79,2,#0000dc,0x100d,#0000de
82,66,2,80,3,#0000cb,0x100c,#0000ce
82,66,3,81,4,#0000ba,0x100b,#0000bd
82,66,4,82,5,#0000a9,0x100a,#0000ad
82,66,5,83,6,#000098,0x0009,#000094
82,66,6,84,7,#000087,0x0008,#000084
82,68,1,79,2,#0000dc,0x100d,#0000de
82,68,2,80,3,#0000cb,0x100c,#0000ce
82,68,3,84,7,#000087,0x0008,#000084
82,69,1,90,13,#000021,0x0002,#000021
82,70,1,85,8,#000076,0x0007,#000073
82,70,2,86,9,#000065,0x0006,#000063
82,70,3,87,10,#000054,0x0005,#000052
82,70,4,88,11,#000043,0x0004,#000042
82,70,5,89,12,#000032,0x0003,#000031
82,70,6,95,18,#003737,0x3033,#003a3a
82,70,7,96,19,#003f3f,0x0044,#004242
82,74,1,84,7,#000087,0x0008,#000084
82,74,2,85,8,#000076,0x0007,#000073
82,74,3,86,9,#000065,0x0006,#000063
82,74,4,87,10,#000054,0x0005,#000052
82,74,5,88,11,#000043,0x0004,#000042
82,74,6,89,12,#000032,0x0003,#000031
82,76,1,77,0,#0000fe,0x100f,#0000ff
82,76,2,78,1,#0000ed,0x100e,#0000ef
82,76,3,79,2,#0000dc,0x100d,#0000de
82,79,1,84,7,#000087,0x0008,#000084
82,79,2,85,8,#000076,0x0007,#000073
82,79,3,86,9,#000065,0x0006,#000063
82,79,4,87,10,#000054,0x0005,#000052
83,34,1,77,0,#0000ed,0x100e,#0000ef
83,34,2,78,1,#0000dc,0x100d,#0000de
83,34,3,79,2,#0000cb,0x100c,#0000ce
83,35,1,78,1,#0000dc,0x100d,#0000de
83,35,2,79,2,#0000cb,0x100c,#0000ce
83,36,1,84,7,#000076,0x0007,#000073
83,36,2,85,8,#000065,0x0006,#000063
83,36,3,86,9,#000054,0x0005,#000052
83,36,4,87,10,#000043,0x0004,#000042
83,37,1,84,7,#000076,0x0007,#000073
83,37,2,85,8,#000065,0x0006,#000063
83,37,3,86,9,#000054,0x0005,#000052
83,37,4,87,10,#000043,0x0004,#000042
83,37,5,88,11,#000032,0x0003,#000031
83,38,1,79,2,#0000cb,0x100c,#0000ce
83,38,2,80,3,#0000ba,0x100b,#0000bd
83,38,3,81,4,#0000a9,0x100a,#0000ad
83,38,4,82,5,#000098,0x0009,#000094
83,38,5,83,6,#000087,0x0008,#000084
83,38,6,84,7,#000076,0x0007,#000073
83,49,1,79,2,#0000cb,0x100c,#0000ce
83,49,2,80,3,#0000ba,0x100b,#0000bd
83,49,3,81,4,#0000a9,0x100a,#0000ad
83,49,4,82,5,#000098,0x0009,#000094
83,49,5,83,6,#000087,0x0008,#000084
83,49,6,84,7,#000076,0x0007,#000073
83,50,1,90,13,#001717,0x3011,#001919
83,50,2,94,17,#003737,0x3033,#003a3a
83,50,3,95,18,#003f3f,0x0044,#004242
83,56,1,77,0,#0000ed,0x100e,#0000ef
83,56,2,78,1,#0000dc,0x100d,#0000de
83,56,3,79,2,#0000cb,0x100c,#0000ce
83,59,1,77,0,#0000ed,0x100e,#0000ef
83,59,2,78,1,#0000dc,0x100d,#0000de
83,59,3,79,2,#0000cb,0x100c,#0000ce
83,60,1,83,6,#000087,0x0008,#000084
83,60,2,84,7,#000076,0x0007,#000073
83,62,1,79,2,#0000cb,0x100c,#0000ce
83,62,2,80,3,#0000ba,0x100b,#0000bd
83,62,3,81,4,#0000a9,0x100a,#0000ad
83,62,4,82,5,#000098,0x0009,#000094
83,62,5,83,6,#000087,0x0008,#000084
83,62,6,84,7,#000076,0x0007,#000073
83,63,1,84,7,#000076,0x0007,#000073
83,63,2,85,8,#000065,0x0006,#000063
83,63,3,86,9,#000054,0x0005,#000052
83,63,4,87,10,#000043,0x0004,#000042
83,63,5,90,13,#001717,0x3011,#001919
83,63,6,91,14,#001f1f,0x0022,#002121
83,64,1,84,7,#000076,0x0007,#000073
83,64,2,85,8,#000065,0x0006,#000063
83,64,3,86,9,#000054,0x0005,#000052
83,64,4,87,10,#000043,0x0004,#000042
83,64,5,88,11,#000032,0x0003,#000031
83,64,6,89,12,#000021,0x0002,#000021
83,65,1,90,13,#001717,0x3011,#001919
83,65,2,91,14,#001f1f,0x0022,#002121
83,65,3,92,15,#002727,0x3022,#002929
83,65,4,93,16,#002f2f,0x0033,#003131
83,65,5,94,17,#003737,0x3033,#003a3a
83,65,6,95,18,#003f3f,0x0044,#004242
83,66,1,79,2,#0000cb,0x100c,#0000ce
83,66,2,80,3,#0000ba,0x100b,#0000bd
83,66,3,81,4,#0000a9,0x100a,#0000ad
83,66,4,82,5,#000098,0x0009,#000094
83,66,5,83,6,#000087,0x0008,#000084
83,66,6,84,7,#000076,0x0007,#000073
83,68,1,79,2,#0000cb,0x100c,#0000ce
83,68,2,80,3,#0000ba,0x100b,#0000bd
83,68,3,84,7,#000076,0x0007,#000073
83,69,1,90,13,#001717,0x3011,#001919
83,70,1,85,8,#000065,0x0006,#000063
83,70,2,86,9,#000054,0x0005,#000052
83,70,3,87,10,#000043,0x0004,#000042
83,70,4,88,11,#000032,0x0003,#000031
83,70,5,89,12,#000021,0x0002,#000021
83,70,6,95,18,#003f3f,0x0044,#004242
83,70,7,96,19,#004747,0x3044,#004a4a
83,74,1,84,7,#000076,0x0007,#000073
83,74,2,85,8,#000065,0x0006,#000063
83,74,3,86,9,#000054,0x0005,#000052
83,74,4,87,10,#000043,0x0004,#000042
83,74,5,88,11,#000032,0x0003,#000031
83,74,6,89,12,#000021,0x0002,#000021
83,76,1,77,0,#0000ed,0x100e,#0000ef
83,76,2,78,1,#0000dc,0x100d,#0000de
83,76,3,79,2,#0000cb,0x100c,#0000ce
83,79,1,84,7,#000076,0x0007,#000073
83,79,2,85,8,#000065,0x0006,#000063
83,79,3,86,9,#000054,0x0005,#000052
83,79,4,87,10,#000043,0x0004,#000042
84,34,1,77,0,#0000dc,0x100d,#0000de
84,34,2,78,1,#0000cb,0x100c,#0000ce
84,34,3,79,2,#0000ba,0x100b,#0000bd
84,35,1,78,1,#0000cb,0x100c,#0000ce
84,35,2,79,2,#0000ba,0x100b,#0000bd
84,36,1,84,7,#000065,0x0006,#000063
84,36,2,85,8,#000054,0x0005,#000052
84,36,3,86,9,#000043,0x0004,#000042
84,36,4,87,10,#000032,0x0003,#000031
84,37,1,84,7,#000065,0x0006,#000063
84,37,2,85,8,#000054,0x0005,#000052
84,37,3,86,9,#000043,0x0004,#000042
84,37,4,87,10,#000032,0x0003,#000031
84,37,5,88,11,#000021,0x0002,#000021
84,38,1,79,2,#0000ba,0x100b,#0000bd
84,38,2,80,3,#0000a9,0x100a,#0000ad
84,38,3,81,4,#000098,0x0009,#000094
84,38,4,82,5,#000087,0x0008,#000084
84,38,5,83,6,#000076,0x0007,#000073
84,38,6,84,7,#000065,0x0006,#000063
84,49,1,79,2,#0000ba,0x100b,#0000bd
84,49,2,80,3,#0000a9,0x100a,#0000ad
84,49,3,81,4,#000098,0x0009,#000094
84,49,4,82,5,#000087,0x0008,#000084
84,49,5,83,6,#000076,0x0007,#000073
84,49,6,84,7,#000065,0x0006,#000063
84,50,1,90,13,#001f1f,0x0022,#002121
84,50,2,94,17,#003f3f,0x0044,#004242
84,50,3,95,18,#004747,0x3044,#004a4a
84,56,1,77,0,#0000dc,0x100d,#0000de
84,56,2,78,1,#0000cb,0x100c,#0000ce
84,56,3,79,2,#0000ba,0x100b,#0000bd
84,59,1,77,0,#0000dc,0x100d,#0000de
84,59,2,78,1,#0000cb,0x100c,#0000ce
84,59,3,79,2,#0000ba,0x100b,#0000bd
84,60,1,83,6,#000076,0x0007,#000073
84,60,2,84,7,#000065,0x0006,#000063
84,62,1,79,2,#0000ba,0x100b,#0000bd
84,62,2,80,3,#0000a9,0x100a,#0000ad
84,62,3,81,4,#000098,0x0009,#000094
84,62,4,82,5,#000087,0x0008,#000084
84,62,5,83,6,#000076,0x0007,#000073
84,62,6,84,7,#000065,0x0006,#000063
84,63,1,84,7,#000065,0x0006,#000063
84,63,2,85,8,#000054,0x0005,#000052
84,63,3,86,9,#000043,0x0004,#000042
84,63,4,87,10,#000032,0x0003,#000031
84,63,5,90,13,#001f1f,0x0022,#002121
84,63,6,91,14,#002727,0x3022,#002929
84,64,1,84,7,#000065,0x0006,#000063
84,64,2,85,8,#000054,0x0005,#000052
84,64,3,86,9,#000043,0x0004,#000042
84,64,4,87,10,#000032,0x0003,#000031
84,64,5,88,11,#000021,0x0002,#000021
84,64,6,89,12,#001717,0x3011,#001919
84,65,1,90,13,#001f1f,0x0022,#002121
84,65,2,91,14,#002727,0x3022,#002929
84,65,3,92,15,#002f2f,0x0033,#003131
84,65,4,93,16,#003737,0x3033,#003a3a
84,65,5,94,17,#003f3f,0x0044,#004242
84,65,6,95,18,#004747,0x3044,#004a4a
84,66,1,79,2,#0000ba,0x100b,#0000bd
84,66,2,80,3,#0000a9,0x100a,#0000ad
84,66,3,81,4,#000098,0x0009,#000094
84,66,4,82,5,#000087,0x0008,#000084
84,66,5,83,6,#000076,0x0007,#000073
84,66,6,84,7,#000065,0x0006,#000063
84,68,1,79,2,#0000ba,0x100b,#0000bd
84,68,2,80,3,#0000a9,0x100a,#0000ad
84,68,3,84,7,#000065,0x0006,#000063
84,69,1,90,13,#001f1f,0x0022,#002121
84,70,1,85,8,#000054,0x0005,#000052
84,70,2,86,9,#000043,0x0004,#000042
84,70,3,87,10,#000032,0x0003,#000031
84,70,4,88,11,#000021,0x0002,#000021
84,70,5,89,12,#001717,0x3011,#001919
84,70,6,95,18,#004747,0x3044,#004a4a
84,70,7,96,19,#004f4f,0x0055,#005252
84,74,1,84,7,#000065,0x0006,#000063
84,74,2,85,8,#000054,0x0005,#000052
84,74,3,86,9,#000043,0x0004,#000042
84,74,4,87,10,#000032,0x0003,#000031
84,74,5,88,11,#000021,0x0002,#000021
84,74,6,89,12,#001717,0x3011,#001919
84,76,1,77,0,#0000dc,0x100d,#0000de
84,76,2,78,1,#0000cb,0x100c,#0000ce
84,76,3,79,2,#0000ba,0x100b,#0000bd
84,79,1,84,7,#000065,0x0006,#000063
84,79,2,85,8,#000054,0x0005,#000052
84,79,3,86,9,#000043,0x0004,#000042
84,79,4,87,10,#000032,0x0003,#000031
85,34,1,77,0,#0000cb,0x100c,#0000ce
85,34,2,78,1,#0000ba,0x100b,#0000bd
85,34,3,79,2,#0000a9,0x100a,#0000ad
85,35,1,78,1,#0000ba,0x100b,#0000bd
85,35,2,79,2,#0000a9,0x100a,#0000ad
85,36,1,84,7,#000054,0x0005,#000052
85,36,2,85,8,#000043,0x0004,#000042
85,36,3,86,9,#000032,0x0003,#000031
85,36,4,87,10,#000021,0x0002,#000021
85,37,1,84,7,#000054,0x0005,#000052
85,37,2,85,8,#000043,0x0004,#000042
85,37,3,86,9,#000032,0x0003,#000031
85,37,4,87,10,#000021,0x0002,#000021
85,37,5,88,11,#001717,0x3011,#001919
85,38,1,79,2,#0000a9,0x100a,#0000ad
85,38,2,80,3,#000098,0x0009,#000094
85,38,3,81,4,#000087,0x0008,#000084
85,38,4,82,5,#000076,0x0007,#000073
85,38,5,83,6,#000065,0x0006,#000063
85,38,6,84,7,#000054,0x0005,#000052
85,49,1,79,2,#0000a9,0x100a,#0000ad
85,49,2,80,3,#000098,0x0009,#000094
85,49,3,81,4,#000087,0x0008,#000084
85,49,4,82,5,#000076,0x0007,#000073
85,49,5,83,6,#000065,0x0006,#000063
85,49,6,84,7,#000054,0x0005,#000052
85,50,1,90,13,#002727,0x3022,#002929
85,50,2,94,17,#004747,0x3044,#004a4a
85,50,3,95,18,#004f4f,0x0055,#005252
85,56,1,77,0,#0000cb,0x100c,#0000ce
85,56,2,78,1,#0000ba,0x100b,#0000bd
85,56,3,79,2,#0000a9,0x100a,#0000ad
85,59,1,77,0,#0000cb,0x100c,#0000ce
85,59,2,78,1,#0000ba,0x100b,#0000bd
85,59,3,79,2,#0000a9,0x100a,#0000ad
85,60,1,83,6,#000065,0x0006,#000063
85,60,2,84,7,#000054,0x0005,#000052
85,62,1,79,2,#0000a9,0x100a,#0000ad
85,62,2,80,3,#000098,0x0009,#000094
85,62,3,81,4,#000087,0x0008,#000084
85,62,4,82,5,#000076,0x0007,#000073
85,62,5,83,6,#000065,0x0006,#000063
85,62,6,84,7,#000054,0x0005,#000052
85,63,1,84,7,#000054,0x0005,#000052
85,63,2,85,8,#000043,0x0004,#000042
85,63,3,86,9,#000032,0x0003,#000031
85,63,4,87,10,#000021,0x0002,#000021
85,63,5,90,13,#002727,0x3022,#002929
85,63,6,91,14,#002f2f,0x0033,#003131
85,64,1,84,7,#000054,0x0005,#000052
85,64,2,85,8,#000043,0x0004,#000042
85,64,3,86,9,#000032,0x0003,#000031
85,64,4,87,10,#000021,0x0002,#000021
85,64,5,88,11,#001717,0x3011,#001919
85,64,6,89,12,#001f1f,0x0022,#002121
85,65,1,90,13,#002727,0x3022,#002929
85,65,2,91,14,#002f2f,0x0033,#003131
85,65,3,92,15,#003737,0x3033,#003a3a
85,65,4,93,16,#003f3f,0x0044,#004242
85,65,5,94,17,#004747,0x3044,#004a4a
85,65,6,95,18,#004f4f,0x0055,#005252
85,66,1,79,2,#0000a9,0x100a,#0000ad
85,66,2,80,3,#000098,0x0009,#000094
85,66,3,81,4,#000087,0x0008,#000084
85,66,4,82,5,#000076,0x0007,#000073
85,66,5,83,6,#000065,0x0006,#000063
85,66,6,84,7,#000054,0x0005,#000052
85,68,1,79,2,#0000a9,0x100a,#0000ad
85,68,2,80,3,#000098,0x0009,#000094
85,68,3,84,7,#000054,0x0005,#000052
85,69,1,90,13,#002727,0x3022,#002929
85,70,1,85,8,#000043,0x0004,#000042
85,70,2,86,9,#000032,0x0003,#000031
85,70,3,87,10,#000021,0x0002,#000021
85,70,4,88,11,#001717,0x3011,#001919
85,70,5,89,12,#001f1f,0x0022,#002121
85,70,6,95,18,#004f4f,0x0055,#005252
85,70,7,96,19,#005656,0x0055,#005252
85,74,1,84,7,#000054,0x0005,#000052
85,74,2,85,8,#000043,0x0004,#000042
85,74,3,86,9,#000032,0x0003,#000031
85,74,4,87,10,#000021,0x0002,#000021
85,74,5,88,11,#001717,0x3011,#001919
85,74,6,89,12,#001f1f,0x0022,#002121
85,76,1,77,0,#0000cb,0x100c,#0000ce
85,76,2,78,1,#0000ba,0x100b,#0000bd
85,76,3,79,2,#0000a9,0x100a,#0000ad
85,79,1,84,7,#000054,0x0005,#000052
85,79,2,85,8,#000043,0x0004,#000042
85,79,3,86,9,#000032,0x0003,#000031
85,79,4,87,10,#000021,0x0002,#000021
86,34,1,77,0,#0000ba,0x100b,#0000bd
86,34,2,78,1,#0000a9,0x100a,#0000ad
86,34,3,79,2,#000098,0x0009,#000094
86,35,1,78,1,#0000a9,0x100a,#0000ad
86,35,2,79,2,#000098,0x0009,#000094
86,36,1,84,7,#000043,0x0004,#000042
86,36,2,85,8,#000032,0x0003,#000031
86,36,3,86,9,#000021,0x0002,#000021
86,36,4,87,10,#001717,0x3011,#001919
86,37,1,84,7,#000043,0x0004,#000042
86,37,2,85,8,#000032,0x0003,#000031
86,37,3,86,9,#000021,0x0002,#000021
86,37,4,87,10,#001717,0x3011,#001919
86,37,5,88,11,#001f1f,0x0022,#002121
86,38,1,79,2,#000098,0x0009,#000094
86,38,2,80,3,#000087,0x0008,#000084
86,38,3,81,4,#000076,0x0007,#000073
86,38,4,82,5,#000065,0x0006,#000063
86,38,5,83,6,#000054,0x0005,#000052
86,38,6,84,7,#000043,0x0004,#000042
86,49,1,79,2,#000098,0x0009,#000094
86,49,2,80,3,#000087,0x0008,#000084
86,49,3,81,4,#000076,0x0007,#000073
86,49,4,82,5,#000065,0x0006,#000063
86,49,5,83,6,#000054,0x0005,#000052
86,49,6,84,7,#000043,0x0004,#000042
86,50,1,90,13,#002f2f,0x0033,#003131
86,50,2,94,17,#004f4f,0x0055,#005252
86,50,3,95,18,#005656,0x0055,#005252
86,56,1,77,0,#0000ba,0x100b,#0000bd
86,56,2,78,1,#0000a9,0x100a,#0000ad
86,56,3,79,2,#000098,0x0009,#000094
86,59,1,77,0,#0000ba,0x100b,#0000bd
86,59,2,78,1,#0000a9,0x100a,#0000ad
86,59,3,79,2,#000098,0x0009,#000094
86,60,1,83,6,#000054,0x0005,#000052
86,60,2,84,7,#000043,0x0004,#000042
86,62,1,79,2,#000098,0x0009,#000094
86,62,2,80,3,#000087,0x0008,#000084
86,62,3,81,4,#000076,0x0007,#000073
86,62,4,82,5,#000065,0x0006,#000063
86,62,5,83,6,#000054,0x0005,#000052
86,62,6,84,7,#000043,0x0004,#000042
86,63,1,84,7,#000043,0x0004,#000042
86,63,2,85,8,#000032,0x0003,#000031
86,63,3,86,9,#000021,0x0002,#000021
86,63,4,87,10,#001717,0x3011,#001919
86,63,5,90,13,#002f2f,0x0033,#003131
86,63,6,91,14,#003737,0x3033,#003a3a
86,64,1,84,7,#000043,0x0004,#000042
86,64,2,85,8,#000032,0x0003,#000031
86,64,3,86,9,#000021,0x0002,#000021
86,64,4,87,10,#001717,0x3011,#001919
86,64,5,88,11,#001f1f,0x0022,#002121
86,64,6,89,12,#002727,0x3022,#002929
86,65,1,90,13,#002f2f,0x0033,#003131
86,65,2,91,14,#003737,0x3033,#003a3a
86,65,3,92,15,#003f3f,0x0044,#004242
86,65,4,93,16,#004747,0x3044,#004a4a
86,65,5,94,17,#004f4f,0x0055,#005252
86,65,6,95,18,#005656,0x0055,#005252
86,66,1,79,2,#000098,0x0009,#000094
86,66,2,80,3,#000087,0x0008,#000084
86,66,3,81,4,#000076,0x0007,#000073
86,66,4,82,5,#000065,0x0006,#000063
86,66,5,83,6,#000054,0x0005,#000052
86,66,6,84,7,#000043,0x0004,#000042
86,68,1,79,2,#000098,0x0009,#000094
86,68,2,80,3,#000087,0x0008,#000084
86,68,3,84,7,#000043,0x0004,#000042
86,69,1,90,13,#002f2f,0x0033,#003131
86,70,1,85,8,#000032,0x0003,#000031
86,70,2,86,9,#000021,0x0002,#000021
86,70,3,87,10,#001717,0x3011,#001919
86,70,4,88,11,#001f1f,0x0022,#002121
86,70,5,89,12,#002727,0x3022,#002929
86,70,6,95,18,#005656,0x0055,#005252
86,70,7,96,19,#005e5e,0x3055,#005a5a
86,74,1,84,7,#000043,0x0004,#000042
86,74,2,85,8,#000032,0x0003,#000031
86,74,3,86,9,#000021,0x0002,#000021
86,74,4,87,10,#001717,0x3011,#001919
86,74,5,88,11,#001f1f,0x0022,#002121
86,74,6,89,12,#002727,0x3022,#002929
86,76,1,77,0,#0000ba,0x100b,#0000bd
86,76,2,78,1,#0000a9,0x100a,#0000ad
86,76,3,79,2,#000098,0x0009,#000094
86,79,1,84,7,#000043,0x0004,#000042
86,79,2,85,8,#000032,0x0003,#000031
86,79,3,86,9,#000021,0x0002,#000021
86,79,4,87,10,#001717,0x3011,#001919
87,34,1,77,0,#0000a9,0x100a,#0000ad
87,34,2,78,1,#000098,0x0009,#000094
87,34,3,79,2,#000087,0x0008,#000084
87,35,1,78,1,#000098,0x0009,#000094
87,35,2,79,2,#000087,0x0008,#000084
87,36,1,84,7,#000032,0x0003,#000031
87,36,2,85,8,#000021,0x0002,#000021
87,36,3,86,9,#001717,0x3011,#001919
87,36,4,87,10,#001f1f,0x0022,#002121
87,37,1,84,7,#000032,0x0003,#000031
87,37,2,85,8,#000021,0x0002,#000021
87,37,3,86,9,#001717,0x3011,#001919
87,37,4,87,10,#001f1f,0x0022,#002121
87,37,5,88,11,#002727,0x3022,#002929
87,38,1,79,2,#000087,0x0008,#000084
87,38,2,80,3,#000076,0x0007,#000073
87,38,3,81,4,#000065,0x0006,#000063
87,38,4,82,5,#000054,0x0005,#000052
87,38,5,83,6,#000043,0x0004,#000042
87,38,6,84,7,#000032,0x0003,#000031
87,49,1,79,2,#000087,0x0008,#000084
87,49,2,80,3,#000076,0x0007,#000073
87,49,3,81,4,#000065,0x0006,#000063
87,49,4,82,5,#000054,0x0005,#000052
87,49,5,83,6,#000043,0x0004,#000042
87,49,6,84,7,#000032,0x0003,#000031
87,50,1,90,13,#003737,0x3033,#003a3a
87,50,2,94,17,#005656,0x0055,#005252
87,50,3,95,18,#005e5e,0x3055,#005a5a
87,56,1,77,0,#0000a9,0x100a,#0000ad
87,56,2,78,1,#000098,0x0009,#000094
87,56,3,79,2,#000087,0x0008,#000084
87,59,1,77,0,#0000a9,0x100a,#0000ad
87,59,2,78,1,#000098,0x0009,#000094
87,59,3,79,2,#000087,0x0008,#000084
87,60,1,83,6,#000043,0x0004,#000042
87,60,2,84,7,#000032,0x0003,#000031
87,62,1,79,2,#000087,0x0008,#000084
87,62,2,80,3,#000076,0x0007,#000073
87,62,3,81,4,#000065,0x0006,#000063
87,62,4,82,5,#000054,0x0005,#000052
87,62,5,83,6,#000043,0x0004,#000042
87,62,6,84,7,#000032,0x0003,#000031
87,63,1,84,7,#000032,0x0003,#000031
87,63,2,85,8,#000021,0x0002,#000021
87,63,3,86,9,#001717,0x3011,#001919
87,63,4,87,10,#001f1f,0x0022,#002121
87,63,5,90,13,#003737,0x3033,#003a3a
87,63,6,91,14,#003f3f,0x0044,#004242
87,64,1,84,7,#000032,0x0003,#000031
87,64,2,85,8,#000021,0x0002,#000021
87,64,3,86,9,#001717,0x3011,#001919
87,64,4,87,10,#001f1f,0x0022,#002121
87,64,5,88,11,#002727,0x3022,#002929
87,64,6,89,12,#002f2f,0x0033,#003131
87,65,1,90,13,#003737,0x3033,#003a3a
87,65,2,91,14,#003f3f,0x0044,#004242
87,65,3,92,15,#004747,0x3044,#004a4a
87,65,4,93,16,#004f4f,0x0055,#005252
87,65,5,94,17,#005656,0x0055,#005252
87,65,6,95,18,#005e5e,0x3055,#005a5a
87,66,1,79,2,#000087,0x0008,#000084
87,66,2,80,3,#000076,0x0007,#000073
87,66,3,81,4,#000065,0x0006,#000063
87,66,4,82,5,#000054,0x0005,#000052
87,66,5,83,6,#000043,0x0004,#000042
87,66,6,84,7,#000032,0x0003,#000031
87,68,1,79,2,#000087,0x0008,#000084
87,68,2,80,3,#000076,0x0007,#000073
87,68,3,84,7,#000032,0x0003,#000031
87,69,1,90,13,#003737,0x3033,#003a3a
87,70,1,85,8,#000021,0x0002,#000021
87,70,2,86,9,#001717,0x3011,#001919
87,70,3,87,10,#001f1f,0x0022,#002121
87,70,4,88,11,#002727,0x3022,#002929
87,70,5,89,12,#002f2f,0x0033,#003131
87,70,6,95,18,#005e5e,0x3055,#005a5a
87,70,7,96,19,#006666,0x0066,#006363
87,74,1,84,7,#000032,0x0003,#000031
87,74,2,85,8,#000021,0x0002,#000021
87,74,3,86,9,#001717,0x3011,#001919
87,74,4,87,10,#001f1f,0x0022,#002121
87,74,5,88,11,#002727,0x3022,#002929
87,74,6,89,12,#002f2f,0x0033,#003131
87,76,1,77,0,#0000a9,0x100a,#0000ad
87,76,2,78,1,#000098,0x0009,#000094
87,76,3,79,2,#000087,0x0008,#000084
87,79,1,84,7,#000032,0x0003,#000031
87,79,2,85,8,#000021,0x0002,#000021
87,79,3,86,9,#001717,0x3011,#001919
87,79,4,87,10,#001f1f,0x0022,#002121
88,34,1,77,0,#000098,0x0009,#000094
88,34,2,78,1,#000087,0x0008,#000084
88,34,3,79,2,#000076,0x0007,#000073
88,35,1,78,1,#000087,0x0008,#000084
88,35,2,79,2,#000076,0x0007,#000073
88,36,1,84,7,#000021,0x0002,#000021
88,36,2,85,8,#001717,0x3011,#001919
88,36,3,86,9,#001f1f,0x0022,#002121
88,36,4,87,10,#002727,0x3022,#002929
88,37,1,84,7,#000021,0x0002,#000021
88,37,2,85,8,#001717,0x3011,#001919
88,37,3,86,9,#001f1f,0x0022,#002121
88,37,4,87,10,#002727,0x3022,#002929
88,37,5,88,11,#002f2f,0x0033,#003131
88,38,1,79,2,#000076,0x0007,#000073
88,38,2,80,3,#000065,0x0006,#000063
88,38,3,81,4,#000054,0x0005,#000052
88,38,4,82,5,#000043,0x0004,#000042
88,38,5,83,6,#000032,0x0003,#000031
88,38,6,84,7,#000021,0x0002,#000021
88,49,1,79,2,#000076,0x0007,#000073
88,49,2,80,3,#000065,0x0006,#000063
88,49,3,81,4,#000054,0x0005,#000052
88,49,4,82,5,#000043,0x0004,#000042
88,49,5,83,6,#000032,0x0003,#000031
88,49,6,84,7,#000021,0x0002,#000021
88,50,1,90,13,#003f3f,0x0044,#004242
88,50,2,94,17,#005e5e,0x3055,#005a5a
88,50,3,95,18,#006666,0x0066,#006363
88,56,1,77,0,#000098,0x0009,#000094
88,56,2,78,1,#000087,0x0008,#000084
88,56,3,79,2,#000076,0x0007,#000073
88,59,1,77,0,#000098,0x0009,#000094
88,59,2,78,1,#000087,0x0008,#000084
88,59,3,79,2,#000076,0x0007,#000073
88,60,1,83,6,#000032,0x0003,#000031
88,60,2,84,7,#000021,0x0002,#000021
88,62,1,79,2,#000076,0x0007,#000073
88,62,2,80,3,#000065,0x0006,#000063
88,62,3,81,4,#000054,0x0005,#000052
88,62,4,82,5,#000043,0x0004,#000042
88,62,5,83,6,#000032,0x0003,#000031
88,62,6,84,7,#000021,0x0002,#000021
88,63,1,84,7,#000021,0x0002,#000021
88,63,2,85,8,#001717,0x3011,#001919
88,63,3,86,9,#001f1f,0x0022,#002121
88,63,4,87,10,#002727,0x3022,#002929
88,63,5,90,13,#003f3f,0x0044,#004242
88,63,6,91,14,#004747,0x3044,#004a4a
88,64,1,84,7,#000021,0x0002,#000021
88,64,2,85,8,#001717,0x3011,#001919
88,64,3,86,9,#001f1f,0x0022,#002121
88,64,4,87,10,#002727,0x3022,#002929
88,64,5,88,11,#002f2f,0x0033,#003131
88,64,6,89,12,#003737,0x3033,#003a3a
88,65,1,90,13,#003f3f,0x0044,#004242
88,65,2,91,14,#004747,0x3044,#004a4a
88,65,3,92,15,#004f4f,0x0055,#005252
88,65,4,93,16,#005656,0x0055,#005252
88,65,5,94,17,#005e5e,0x3055,#005a5a
88,65,6,95,18,#006666,0x0066,#006363
88,66,1,79,2,#000076,0x0007,#000073
88,66,2,80,3,#000065,0x0006,#000063
88,66,3,81,4,#000054,0x0005,#000052
88,66,4,82,5,#000043,0x0004,#000042
88,66,5,83,6,#000032,0x0003,#000031
88,66,6,84,7,#000021,0x0002,#000021
88,68,1,79,2,#000076,0x0007,#000073
88,68,2,80,3,#000065,0x0006,#000063
88,68,3,84,7,#000021,0x0002,#000021
88,69,1,90,13,#003f3f,0x0044,#004242
88,70,1,85,8,#001717,0x3011,#001919
88,70,2,86,9,#001f1f,0x0022,#002121
88,70,3,87,10,#002727,0x3022,#002929
88,70,4,88,11,#002f2f,0x0033,#003131
88,70,5,89,12,#003737,0x3033,#003a3a
88,70,6,95,18,#006666,0x0066,#006363
88,70,7,96,19,#006e6e,0x3066,#006b6b
88,74,1,84,7,#000021,0x0002,#000021
88,74,2,85,8,#001717,0x3011,#001919
88,74,3,86,9,#001f1f,0x0022,#002121
88,74,4,87,10,#002727,0x3022,#002929
88,74,5,88,11,#002f2f,0x0033,#003131
88,74,6,89,12,#003737,0x3033,#003a3a
88,76,1,77,0,#000098,0x0009,#000094
88,76,2,78,1,#000087,0x0008,#000084
88,76,3,79,2,#000076,0x0007,#000073
88,79,1,84,7,#000021,0x0002,#000021
88,79,2,85,8,#001717,0x3011,#001919
88,79,3,86,9,#001f1f,0x0022,#002121
88,79,4,87,10,#002727,0x3022,#002929
89,34,1,77,0,#000087,0x0008,#000084
89,34,2,78,1,#000076,0x0007,#000073
89,34,3,79,2,#000065,0x0006,#000063
89,35,1,78,1,#000076,0x0007,#000073
89,35,2,79,2,#000065,0x0006,#000063
89,36,1,84,7,#001717,0x3011,#001919
89,36,2,85,8,#001f1f,0x0022,#002121
89,36,3,86,9,#002727,0x3022,#002929
89,36,4,87,10,#002f2f,0x0033,#003131
89,37,1,84,7,#001717,0x3011,#001919
89,37,2,85,8,#001f1f,0x0022,#002121
89,37,3,86,9,#002727,0x3022,#002929
89,37,4,87,10,#002f2f,0x0033,#003131
89,37,5,88,11,#003737,0x3033,#003a3a
89,38,1,79,2,#000065,0x0006,#000063
89,38,2,80,3,#000054,0x0005,#000052
89,38,3,81,4,#000043,0x0004,#000042
89,38,4,82,5,#000032,0x0003,#000031
89,38,5,83,6,#000021,0x0002,#000021
89,38,6,84,7,#001717,0x3011,#001919
89,49,1,79,2,#000065,0x0006,#000063
89,49,2,80,3,#000054,0x0005,#000052
89,49,3,81,4,#000043,0x0004,#000042
89,49,4,82,5,#000032,0x0003,#000031
89,49,5,83,6,#000021,0x0002,#000021
89,49,6,84,7,#001717,0x3011,#001919
89,50,1,90,13,#004747,0x3044,#004a4a
89,50,2,94,17,#006666,0x0066,#006363
89,50,3,95,18,#006e6e,0x3066,#006b6b
89,56,1,77,0,#000087,0x0008,#000084
89,56,2,78,1,#000076,0x0007,#000073
89,56,3,79,2,#000065,0x0006,#000063
89,59,1,77,0,#000087,0x0008,#000084
89,59,2,78,1,#000076,0x0007,#000073
89,59,3,79,2,#000065,0x0006,#000063
89,60,1,83,6,#000021,0x0002,#000021
89,60,2,84,7,#001717,0x3011,#001919
89,62,1,79,2,#000065,0x0006,#000063
89,62,2,80,3,#000054,0x0005,#000052
89,62,3,81,4,#000043,0x0004,#000042
89,62,4,82,5,#000032,0x0003,#000031
89,62,5,83,6,#000021,0x0002,#000021
89,62,6,84,7,#001717,0x3011,#001919
89,63,1,84,7,#001717,0x3011,#001919
89,63,2,85,8,#001f1f,0x0022,#002121
89,63,3,86,9,#002727,0x3022,#002929
89,63,4,87,10,#002f2f,0x0033,#003131
89,63,5,90,13,#004747,0x3044,#004a4a
89,63,6,91,14,#004f4f,0x0055,#005252
89,64,1,84,7,#001717,0x3011,#001919
89,64,2,85,8,#001f1f,0x0022,#002121
89,64,3,86,9,#002727,0x3022,#002929
89,64,4,87,10,#002f2f,0x0033,#003131
89,64,5,88,11,#003737,0x3033,#003a3a
89,64,6,89,12,#003f3f,0x0044,#004242
89,65,1,90,13,#004747,0x3044,#004a4a
89,65,2,91,14,#004f4f,0x0055,#005252
89,65,3,92,15,#005656,0x0055,#005252
89,65,4,93,16,#005e5e,0x3055,#005a5a
89,65,5,94,17,#006666,0x0066,#006363
89,65,6,95,18,#006e6e,0x3066,#006b6b
89,66,1,79,2,#000065,0x0006,#000063
89,66,2,80,3,#000054,0x0005,#000052
89,66,3,81,4,#000043,0x0004,#000042
89,66,4,82,5,#000032,0x0003,#000031
89,66,5,83,6,#000021,0x0002,#000021
89,66,6,84,7,#001717,0x3011,#001919
89,68,1,79,2,#000065,0x0006,#000063
89,68,2,80,3,#000054,0x0005,#000052
89,68,3,84,7,#001717,0x3011,#001919
89,69,1,90,13,#004747,0x3044,#004a4a
89,70,1,85,8,#001f1f,0x0022,#002121
89,70,2,86,9,#002727,0x3022,#002929
89,70,3,87,10,#002f2f,0x0033,#003131
89,70,4,88,11,#003737,0x3033,#003a3a
89,70,5,89,12,#003f3f,0x0044,#004242
89,70,6,95,18,#006e6e,0x3066,#006b6b
89,70,7,96,19,#007676,0x0077,#007373
89,74,1,84,7,#001717,0x3011,#001919
89,74,2,85,8,#001f1f,0x0022,#002121
89,74,3,86,9,#002727,0x3022,#002929
89,74,4,87,10,#002f2f,0x0033,#003131
89,74,5,88,11,#003737,0x3033,#003a3a
89,74,6,89,12,#003f3f,0x0044,#004242
89,76,1,77,0,#000087,0x0008,#000084
89,76,2,78,1,#000076,0x0007,#000073
89,76,3,79,2,#000065,0x0006,#000063
89,79,1,84,7,#001717,0x3011,#001919
89,79,2,85,8,#001f1f,0x0022,#002121
89,79,3,86,9,#002727,0x3022,#002929
89,79,4,87,10,#002f2f,0x0033,#003131
90,34,1,77,0,#000076,0x0007,#000073
90,34,2,78,1,#000065,0x0006,#000063
90,34,3,79,2,#000054,0x0005,#000052
90,35,1,78,1,#000065,0x0006,#000063
90,35,2,79,2,#000054,0x0005,#000052
90,36,1,84,7,#001f1f,0x0022,#002121
90,36,2,85,8,#002727,0x3022,#002929
90,36,3,86,9,#002f2f,0x0033,#003131
90,36,4,87,10,#003737,0x3033,#003a3a
90,37,1,84,7,#001f1f,0x0022,#002121
90,37,2,85,8,#002727,0x3022,#002929
90,37,3,86,9,#002f2f,0x0033,#003131
90,37,4,87,10,#003737,0x3033,#003a3a
90,37,5,88,11,#003f3f,0x0044,#004242
90,38,1,79,2,#000054,0x0005,#000052
90,38,2,80,3,#000043,0x0004,#000042
90,38,3,81,4,#000032,0x0003,#000031
90,38,4,82,5,#000021,0x0002,#000021
90,38,5,83,6,#001717,0x3011,#001919
90,38,6,84,7,#001f1f,0x0022,#002121
90,49,1,79,2,#000054,0x0005,#000052
90,49,2,80,3,#000043,0x0004,#000042
90,49,3,81,4,#000032,0x0003,#000031
90,49,4,82,5,#000021,0x0002,#000021
90,49,5,83,6,#001717,0x3011,#001919
90,49,6,84,7,#001f1f,0x0022,#002121
90,50,1,90,13,#004f4f,0x0055,#005252
90,50,2,94,17,#006e6e,0x3066,#006b6b
90,50,3,95,18,#007676,0x0077,#007373
90,56,1,77,0,#000076,0x0007,#000073
90,56,2,78,1,#000065,0x0006,#000063
90,56,3,79,2,#000054,0x0005,#000052
90,59,1,77,0,#000076,0x0007,#000073
90,59,2,78,1,#000065,0x0006,#000063
90,59,3,79,2,#000054,0x0005,#000052
90,60,1,83,6,#001717,0x3011,#001919
90,60,2,84,7,#001f1f,0x0022,#002121
90,62,1,79,2,#000054,0x0005,#000052
90,62,2,80,3,#000043,0x0004,#000042
90,62,3,81,4,#000032,0x0003,#000031
90,62,4,82,5,#000021,0x0002,#000021
90,62,5,83,6,#001717,0x3011,#001919
90,62,6,84,7,#001f1f,0x0022,#002121
90,63,1,84,7,#001f1f,0x0022,#002121
90,63,2,85,8,#002727,0x3022,#002929
90,63,3,86,9,#002f2f,0x0033,#003131
90,63,4,87,10,#003737,0x3033,#003a3a
90,63,5,90,13,#004f4f,0x0055,#005252
90,63,6,91,14,#005656,0x0055,#005252
90,64,1,84,7,#001f1f,0x0022,#002121
90,64,2,85,8,#002727,0x3022,#002929
90,64,3,86,9,#002f2f,0x0033,#003131
90,64,4,87,10,#003737,0x3033,#003a3a
90,64,5,88,11,#003f3f,0x0044,#004242
90,64,6,89,12,#004747,0x3044,#004a4a
90,65,1,90,13,#004f4f,0x0055,#005252
90,65,2,91,14,#005656,0x0055,#005252
90,65,3,92,15,#005e5e,0x3055,#005a5a
90,65,4,93,16,#006666,0x0066,#006363
90,65,5,94,17,#006e6e,0x3066,#006b6b
90,65,6,95,18,#007676,0x0077,#007373
90,66,1,79,2,#000054,0x0005,#000052
90,66,2,80,3,#000043,0x0004,#000042
90,66,3,81,4,#000032,0x0003,#000031
90,66,4,82,5,#000021,0x0002,#000021
90,66,5,83,6,#001717,0x3011,#001919
90,66,6,84,7,#001f1f,0x0022,#002121
90,68,1,79,2,#000054,0x0005,#000052
90,68,2,80,3,#000043,0x0004,#000042
90,68,3,84,7,#001f1f,0x0022,#002121
90,69,1,90,13,#004f4f,0x0055,#005252
90,70,1,85,8,#002727,0x3022,#002929
90,70,2,86,9,#002f2f,0x0033,#003131
90,70,3,87,10,#003737,0x3033,#003a3a
90,70,4,88,11,#003f3f,0x0044,#004242
90,70,5,89,12,#004747,0x3044,#004a4a
90,70,6,95,18,#007676,0x0077,#007373
90,70,7,96,19,#007676,0x0077,#007373
90,74,1,84,7,#001f1f,0x0022,#002121
90,74,2,85,8,#002727,0x3022,#002929
90,74,3,86,9,#002f2f,0x0033,#003131
90,74,4,87,10,#003737,0x3033,#003a3a
90,74,5,88,11,#003f3f,0x0044,#004242
90,74,6,89,12,#004747,0x3044,#004a4a
90,76,1,77,0,#000076,0x0007,#000073
90,76,2,78,1,#000065,0x0006,#000063
90,76,3,79,2,#000054,0x0005,#000052
90,79,1,84,7,#001f1f,0x0022,#002121
90,79,2,85,8,#002727,0x3022,#002929
90,79,3,86,9,#002f2f,0x0033,#003131
90,79,4,87,10,#003737,0x3033,#003a3a
91,34,1,77,0,#000065,0x0006,#000063
91,34,2,78,1,#000054,0x0005,#000052
91,34,3,79,2,#000043,0x0004,#000042
91,35,1,78,1,#000054,0x0005,#000052
91,35,2,79,2,#000043,0x0004,#000042
91,36,1,84,7,#002727,0x3022,#002929
91,36,2,85,8,#002f2f,0x0033,#003131
91,36,3,86,9,#003737,0x3033,#003a3a
91,36,4,87,10,#003f3f,0x0044,#004242
91,37,1,84,7,#002727,0x3022,#002929
91,37,2,85,8,#002f2f,0x0033,#003131
91,37,3,86,9,#003737,0x3033,#003a3a
91,37,4,87,10,#003f3f,0x0044,#004242
91,37,5,88,11,#004747,0x3044,#004a4a
91,38,1,79,2,#000043,0x0004,#000042
91,38,2,80,3,#000032,0x0003,#000031
91,38,3,81,4,#000021,0x0002,#000021
91,38,4,82,5,#001717,0x3011,#001919
91,38,5,83,6,#001f1f,0x0022,#002121
91,38,6,84,7,#002727,0x3022,#002929
91,49,1,79,2,#000043,0x0004,#000042
91,49,2,80,3,#000032,0x0003,#000031
91,49,3,81,4,#000021,0x0002,#000021
91,49,4,82,5,#001717,0x3011,#001919
91,49,5,83,6,#001f1f,0x0022,#002121
91,49,6,84,7,#002727,0x3022,#002929
91,50,1,90,13,#005656,0x0055,#005252
91,50,2,94,17,#007676,0x0077,#007373
91,50,3,95,18,#007676,0x0077,#007373
91,56,1,77,0,#000065,0x0006,#000063
91,56,2,78,1,#000054,0x0005,#000052
91,56,3,79,2,#000043,0x0004,#000042
91,59,1,77,0,#000065,0x0006,#000063
91,59,2,78,1,#000054,0x0005,#000052
91,59,3,79,2,#000043,0x0004,#000042
91,60,1,83,6,#001f1f,0x0022,#002121
91,60,2,84,7,#002727,0x3022,#002929
91,62,1,79,2,#000043,0x0004,#000042
91,62,2,80,3,#000032,0x0003,#000031
91,62,3,81,4,#000021,0x0002,#000021
91,62,4,82,5,#001717,0x3011,#001919
91,62,5,83,6,#001f1f,0x0022,#002121
91,62,6,84,7,#002727,0x3022,#002929
91,63,1,84,7,#002727,0x3022,#002929
91,63,2,85,8,#002f2f,0x0033,#003131
91,63,3,86,9,#003737,0x3033,#003a3a
91,63,4,87,10,#003f3f,0x0044,#004242
91,63,5,90,13,#005656,0x0055,#005252
91,63,6,91,14,#005e5e,0x3055,#005a5a
91,64,1,84,7,#002727,0x3022,#002929
91,64,2,85,8,#002f2f,0x0033,#003131
91,64,3,86,9,#003737,0x3033,#003a3a
91,64,4,87,10,#003f3f,0x0044,#004242
91,64,5,88,11,#004747,0x3044,#004a4a
91,64,6,89,12,#004f4f,0x0055,#005252
91,65,1,90,13,#005656,0x0055,#005252
91,65,2,91,14,#005e5e,0x3055,#005a5a
91,65,3,92,15,#006666,0x0066,#006363
91,65,4,93,16,#006e6e,0x3066,#006b6b
91,65,5,94,17,#007676,0x0077,#007373
91,65,6,95,18,#007676,0x0077,#007373
91,66,1,79,2,#000043,0x0004,#000042
91,66,2,80,3,#000032,0x0003,#000031
91,66,3,81,4,#000021,0x0002,#000021
91,66,4,82,5,#001717,0x3011,#001919
91,66,5,83,6,#001f1f,0x0022,#002121
91,66,6,84,7,#002727,0x3022,#002929
91,68,1,79,2,#000043,0x0004,#000042
91,68,2,80,3,#000032,0x0003,#000031
91,68,3,84,7,#002727,0x3022,#002929
91,69,1,90,13,#005656,0x0055,#005252
91,70,1,85,8,#002f2f,0x0033,#003131
91,70,2,86,9,#003737,0x3033,#003a3a
91,70,3,87,10,#003f3f,0x0044,#004242
91,70,4,88,11,#004747,0x3044,#004a4a
91,70,5,89,12,#004f4f,0x0055,#005252
91,70,6,95,18,#007676,0x0077,#007373
91,70,7,96,19,#006e6e,0x3066,#006b6b
91,74,1,84,7,#002727,0x3022,#002929
91,74,2,85,8,#002f2f,0x0033,#003131
91,74,3,86,9,#003737,0x3033,#003a3a
91,74,4,87,10,#003f3f,0x0044,#004242
91,74,5,88,11,#004747,0x3044,#004a4a
91,74,6,89,12,#004f4f,0x0055,#005252
91,76,1,77,0,#000065,0x0006,#000063
91,76,2,78,1,#000054,0x0005,#000052
91,76,3,79,2,#000043,0x0004,#000042
91,79,1,84,7,#002727,0x3022,#002929
91,79,2,85,8,#002f2f,0x0033,#003131
91,79,3,86,9,#003737,0x3033,#003a3a
91,79,4,87,10,#003f3f,0x0044,#004242
92,34,1,77,0,#000054,0x0005,#000052
92,34,2,78,1,#000043,0x0004,#000042
92,34,3,79,2,#000032,0x0003,#000031
92,35,1,78,1,#000043,0x0004,#000042
92,35,2,79,2,#000032,0x0003,#000031
92,36,1,84,7,#002f2f,0x0033,#003131
92,36,2,85,8,#003737,0x3033,#003a3a
92,36,3,86,9,#003f3f,0x0044,#004242
92,36,4,87,10,#004747,0x3044,#004a4a
92,37,1,84,7,#002f2f,0x0033,#003131
92,37,2,85,8,#003737,0x3033,#003a3a
92,37,3,86,9,#003f3f,0x0044,#004242
92,37,4,87,10,#004747,0x3044,#004a4a
92,37,5,88,11,#004f4f,0x0055,#005252
92,38,1,79,2,#000032,0x0003,#000031
92,38,2,80,3,#000021,0x0002,#000021
92,38,3,81,4,#001717,0x3011,#001919
92,38,4,82,5,#001f1f,0x0022,#002121
92,38,5,83,6,#002727,0x3022,#002929
92,38,6,84,7,#002f2f,0x0033,#003131
92,49,1,79,2,#000032,0x0003,#000031
92,49,2,80,3,#000021,0x0002,#000021
92,49,3,81,4,#001717,0x3011,#001919
92,49,4,82,5,#001f1f,0x0022,#002121
92,49,5,83,6,#002727,0x3022,#002929
92,49,6,84,7,#002f2f,0x0033,#003131
92,50,1,90,13,#005e5e,0x3055,#005a5a
92,50,2,94,17,#007676,0x0077,#007373
92,50,3,95,18,#006e6e,0x3066,#006b6b
92,56,1,77,0,#000054,0x0005,#000052
92,56,2,78,1,#000043,0x0004,#000042
92,56,3,79,2,#000032,0x0003,#000031
92,59,1,77,0,#000054,0x0005,#000052
92,59,2,78,1,#000043,0x0004,#000042
92,59,3,79,2,#000032,0x0003,#000031
92,60,1,83,6,#002727,0x3022,#002929
92,60,2,84,7,#002f2f,0x0033,#003131
92,62,1,79,2,#000032,0x0003,#000031
92,62,2,80,3,#000021,0x0002,#000021
92,62,3,81,4,#001717,0x3011,#001919
92,62,4,82,5,#001f1f,0x0022,#002121
92,62,5,83,6,#002727,0x3022,#002929
92,62,6,84,7,#002f2f,0x0033,#003131
92,63,1,84,7,#002f2f,0x0033,#003131
92,63,2,85,8,#003737,0x3033,#003a3a
92,63,3,86,9,#003f3f,0x0044,#004242
92,63,4,87,10,#004747,0x3044,#004a4a
92,63,5,90,13,#005e5e,0x3055,#005a5a
92,63,6,91,14,#006666,0x0066,#006363
92,64,1,84,7,#002f2f,0x0033,#003131
92,64,2,85,8,#003737,0x3033,#003a3a
92,64,3,86,9,#003f3f,0x0044,#004242
92,64,4,87,10,#004747,0x3044,#004a4a
92,64,5,88,11,#004f4f,0x0055,#005252
92,64,6,89,12,#005656,0x0055,#005252
92,65,1,90,13,#005e5e,0x3055,#005a5a
92,65,2,91,14,#006666,0x0066,#006363
92,65,3,92,15,#006e6e,0x3066,#006b6b
92,65,4,93,16,#007676,0x0077,#007373
92,65,5,94,17,#007676,0x0077,#007373
92,65,6,95,18,#006e6e,0x3066,#006b6b
92,66,1,79,2,#000032,0x0003,#000031
92,66,2,80,3,#000021,0x0002,#000021
92,66,3,81,4,#001717,0x3011,#001919
92,66,4,82,5,#001f1f,0x0022,#002121
92,66,5,83,6,#002727,0x3022,#002929
92,66,6,84,7,#002f2f,0x0033,#003131
92,68,1,79,2,#000032,0x0003,#000031
92,68,2,80,3,#000021,0x0002,#000021
92,68,3,84,7,#002f2f,0x0033,#003131
92,69,1,90,13,#005e5e,0x3055,#005a5a
92,70,1,85,8,#003737,0x3033,#003a3a
92,70,2,86,9,#003f3f,0x0044,#004242
92,70,3,87,10,#004747,0x3044,#004a4a
92,70,4,88,11,#004f4f,0x0055,#005252
92,70,5,89,12,#005656,0x0055,#005252
92,70,6,95,18,#006e6e,0x3066,#006b6b
92,70,7,96,19,#006666,0x0066,#006363
92,74,1,84,7,#002f2f,0x0033,#003131
92,74,2,85,8,#003737,0x3033,#003a3a
92,74,3,86,9,#003f3f,0x0044,#004242
92,74,4,87,10,#004747,0x3044,#004a4a
92,74,5,88,11,#004f4f,0x0055,#005252
92,74,6,89,12,#005656,0x0055,#005252
92,76,1,77,0,#000054,0x0005,#000052
92,76,2,78,1,#000043,0x0004,#000042
92,76,3,79,2,#000032,0x0003,#000031
92,79,1,84,7,#002f2f,0x0033,#003131
92,79,2,85,8,#003737,0x3033,#003a3a
92,79,3,86,9,#003f3f,0x0044,#004242
92,79,4,87,10,#004747,0x3044,#004a4a
93,34,1,77,0,#000043,0x0004,#000042
93,34,2,78,1,#000032,0x0003,#000031
93,34,3,79,2,#000021,0x0002,#000021
93,35,1,78,1,#000032,0x0003,#000031
93,35,2,79,2,#000021,0x0002,#000021
93,36,1,84,7,#003737,0x3033,#003a3a
93,36,2,85,8,#003f3f,0x0044,#004242
93,36,3,86,9,#004747,0x3044,#004a4a
93,36,4,87,10,#004f4f,0x0055,#005252
93,37,1,84,7,#003737,0x3033,#003a3a
93,37,2,85,8,#003f3f,0x0044,#004242
93,37,3,86,9,#004747,0x3044,#004a4a
93,37,4,87,10,#004f4f,0x0055,#005252
93,37,5,88,11,#005656,0x0055,#005252
93,38,1,79,2,#000021,0x0002,#000021
93,38,2,80,3,#001717,0x3011,#001919
93,38,3,81,4,#001f1f,0x0022,#002121
93,38,4,82,5,#002727,0x3022,#002929
93,38,5,83,6,#002f2f,0x0033,#003131
93,38,6,84,7,#003737,0x3033,#003a3a
93,49,1,79,2,#000021,0x0002,#000021
93,49,2,80,3,#001717,0x3011,#001919
93,49,3,81,4,#001f1f,0x0022,#002121
93,49,4,82,5,#002727,0x3022,#002929
93,49,5,83,6,#002f2f,0x0033,#003131
93,49,6,84,7,#003737,0x3033,#003a3a
93,50,1,90,13,#006666,0x0066,#006363
93,50,2,94,17,#006e6e,0x3066,#006b6b
93,50,3,95,18,#006666,0x0066,#006363
93,56,1,77,0,#000043,0x0004,#000042
93,56,2,78,1,#000032,0x0003,#000031
93,56,3,79,2,#000021,0x0002,#000021
93,59,1,77,0,#000043,0x0004,#000042
93,59,2,78,1,#000032,0x0003,#000031
93,59,3,79,2,#000021,0x0002,#000021
93,60,1,83,6,#002f2f,0x0033,#003131
93,60,2,84,7,#003737,0x3033,#003a3a
93,62,1,79,2,#000021,0x0002,#000021
93,62,2,80,3,#001717,0x3011,#001919
93,62,3,81,4,#001f1f,0x0022,#002121
93,62,4,82,5,#002727,0x3022,#002929
93,62,5,83,6,#002f2f,0x0033,#003131
93,62,6,84,7,#003737,0x3033,#003a3a
93,63,1,84,7,#003737,0x3033,#003a3a
93,63,2,85,8,#003f3f,0x0044,#004242
93,63,3,86,9,#004747,0x3044,#004a4a
93,63,4,87,10,#004f4f,0x0055,#005252
93,63,5,90,13,#006666,0x0066,#006363
93,63,6,91,14,#006e6e,0x3066,#006b6b
93,64,1,84,7,#003737,0x3033,#003a3a
93,64,2,85,8,#003f3f,0x0044,#004242
93,64,3,86,9,#004747,0x3044,#004a4a
93,64,4,87,10,#004f4f,0x0055,#005252
93,64,5,88,11,#005656,0x0055,#005252
93,64,6,89,12,#005e5e,0x3055,#005a5a
93,65,1,90,13,#006666,0x0066,#006363
93,65,2,91,14,#006e6e,0x3066,#006b6b
93,65,3,92,15,#007676,0x0077,#007373
93,65,4,93,16,#007676,0x0077,#007373
93,65,5,94,17,#006e6e,0x3066,#006b6b
93,65,6,95,18,#006666,0x0066,#006363
93,66,1,79,2,#000021,0x0002,#000021
93,66,2,80,3,#001717,0x3011,#001919
93,66,3,81,4,#001f1f,0x0022,#002121
93,66,4,82,5,#002727,0x3022,#002929
93,66,5,83,6,#002f2f,0x0033,#003131
93,66,6,84,7,#003737,0x3033,#003a3a
93,68,1,79,2,#000021,0x0002,#000021
93,68,2,80,3,#001717,0x3011,#001919
93,68,3,84,7,#003737,0x3033,#003a3a
93,69,1,90,13,#006666,0x0066,#006363
93,70,1,85,8,#003f3f,0x0044,#004242
93,70,2,86,9,#004747,0x3044,#004a4a
93,70,3,87,10,#004f4f,0x0055,#005252
93,70,4,88,11,#005656,0x0055,#005252
93,70,5,89,12,#005e5e,0x3055,#005a5a
93,70,6,95,18,#006666,0x0066,#006363
93,70,7,96,19,#005e5e,0x3055,#005a5a
93,74,1,84,7,#003737,0x3033,#003a3a
93,74,2,85,8,#003f3f,0x0044,#004242
93,74,3,86,9,#004747,0x3044,#004a4a
93,74,4,87,10,#004f4f,0x0055,#005252
93,74,5,88,11,#005656,0x0055,#005252
93,74,6,89,12,#005e5e,0x3055,#005a5a
93,76,1,77,0,#000043,0x0004,#000042
93,76,2,78,1,#000032,0x0003,#000031
93,76,3,79,2,#000021,0x0002,#000021
93,79,1,84,7,#003737,0x3033,#003a3a
93,79,2,85,8,#003f3f,0x0044,#004242
93,79,3,86,9,#004747,0x3044,#004a4a
93,79,4,87,10,#004f4f,0x0055,#005252
94,34,1,77,0,#000032,0x0003,#000031
94,34,2,78,1,#000021,0x0002,#000021
94,34,3,79,2,#001717,0x3011,#001919
94,35,1,78,1,#000021,0x0002,#000021
94,35,2,79,2,#001717,0x3011,#001919
94,36,1,84,7,#003f3f,0x0044,#004242
94,36,2,85,8,#004747,0x3044,#004a4a
94,36,3,86,9,#004f4f,0x0055,#005252
94,36,4,87,10,#005656,0x0055,#005252
94,37,1,84,7,#003f3f,0x0044,#004242
94,37,2,85,8,#004747,0x3044,#004a4a
94,37,3,86,9,#004f4f,0x0055,#005252
94,37,4,87,10,#005656,0x0055,#005252
94,37,5,88,11,#005e5e,0x3055,#005a5a
94,38,1,79,2,#001717,0x3011,#001919
94,38,2,80,3,#001f1f,0x0022,#002121
94,38,3,81,4,#002727,0x3022,#002929
94,38,4,82,5,#002f2f,0x0033,#003131
94,38,5,83,6,#003737,0x3033,#003a3a
94,38,6,84,7,#003f3f,0x0044,#004242
94,49,1,79,2,#001717,0x3011,#001919
94,49,2,80,3,#001f1f,0x0022,#002121
94,49,3,81,4,#002727,0x3022,#002929
94,49,4,82,5,#002f2f,0x0033,#003131
94,49,5,83,6,#003737,0x3033,#003a3a
94,49,6,84,7,#003f3f,0x0044,#004242
94,50,1,90,13,#006e6e,0x3066,#006b6b
94,50,2,94,17,#006666,0x0066,#006363
94,50,3,95,18,#005e5e,0x3055,#005a5a
94,56,1,77,0,#000032,0x0003,#000031
94,56,2,78,1,#000021,0x0002,#000021
94,56,3,79,2,#001717,0x3011,#001919
94,59,1,77,0,#000032,0x0003,#000031
94,59,2,78,1,#000021,0x0002,#000021
94,59,3,79,2,#001717,0x3011,#001919
94,60,1,83,6,#003737,0x3033,#003a3a
94,60,2,84,7,#003f3f,0x0044,#004242
94,62,1,79,2,#001717,0x3011,#001919
94,62,2,80,3,#001f1f,0x0022,#002121
94,62,3,81,4,#002727,0x3022,#002929
94,62,4,82,5,#002f2f,0x0033,#003131
94,62,5,83,6,#003737,0x3033,#003a3a
94,62,6,84,7,#003f3f,0x0044,#004242
94,63,1,84,7,#003f3f,0x0044,#004242
94,63,2,85,8,#004747,0x3044,#004a4a
94,63,3,86,9,#004f4f,0x0055,#005252
94,63,4,87,10,#005656,0x0055,#005252
94,63,5,90,13,#006e6e,0x3066,#006b6b
94,63,6,91,14,#007676,0x0077,#007373
94,64,1,84,7,#003f3f,0x0044,#004242
94,64,2,85,8,#004747,0x3044,#004a4a
94,64,3,86,9,#004f4f,0x0055,#005252
94,64,4,87,10,#005656,0x0055,#005252
94,64,5,88,11,#005e5e,0x3055,#005a5a
94,64,6,89,12,#006666,0x0066,#006363
94,65,1,90,13,#006e6e,0x3066,#006b6b
94,65,2,91,14,#007676,0x0077,#007373
94,65,3,92,15,#007676,0x0077,#007373
94,65,4,93,16,#006e6e,0x3066,#006b6b
94,65,5,94,17,#006666,0x0066,#006363
94,65,6,95,18,#005e5e,0x3055,#005a5a
94,66,1,79,2,#001717,0x3011,#001919
94,66,2,80,3,#001f1f,0x0022,#002121
94,66,3,81,4,#002727,0x3022,#002929
94,66,4,82,5,#002f2f,0x0033,#003131
94,66,5,83,6,#003737,0x3033,#003a3a
94,66,6,84,7,#003f3f,0x0044,#004242
94,68,1,79,2,#001717,0x3011,#001919
94,68,2,80,3,#001f1f,0x0022,#002121
94,68,3,84,7,#003f3f,0x0044,#004242
94,69,1,90,13,#006e6e,0x3066,#006b6b
94,70,1,85,8,#004747,0x3044,#004a4a
94,70,2,86,9,#004f4f,0x0055,#005252
94,70,3,87,10,#005656,0x0055,#005252
94,70,4,88,11,#005e5e,0x3055,#005a5a
94,70,5,89,12,#006666,0x0066,#006363
94,70,6,95,18,#005e5e,0x3055,#005a5a
94,70,7,96,19,#005656,0x0055,#005252
94,74,1,84,7,#003f3f,0x0044,#004242
94,74,2,85,8,#004747,0x3044,#004a4a
94,74,3,86,9,#004f4f,0x0055,#005252
94,74,4,87,10,#005656,0x0055,#005252
94,74,5,88,11,#005e5e,0x3055,#005a5a
94,74,6,89,12,#006666,0x0066,#006363
94,76,1,77,0,#000032,0x0003,#000031
94,76,2,78,1,#000021,0x0002,#000021
94,76,3,79,2,#001717,0x3011,#001919
94,79,1,84,7,#003f3f,0x0044,#004242
94,79,2,85,8,#004747,0x3044,#004a4a
94,79,3,86,9,#004f4f,0x0055,#005252
94,79,4,87,10,#005656,0x0055,#005252
95,34,1,77,0,#000021,0x0002,#000021
95,34,2,78,1,#001717,0x3011,#001919
95,34,3,79,2,#001f1f,0x0022,#002121
95,35,1,78,1,#001717,0x3011,#001919
95,35,2,79,2,#001f1f,0x0022,#002121
95,36,1,84,7,#004747,0x3044,#004a4a
95,36,2,85,8,#004f4f,0x0055,#005252
95,36,3,86,9,#005656,0x0055,#005252
95,36,4,87,10,#005e5e,0x3055,#005a5a
95,37,1,84,7,#004747,0x3044,#004a4a
95,37,2,85,8,#004f4f,0x0055,#005252
95,37,3,86,9,#005656,0x0055,#005252
95,37,4,87,10,#005e5e,0x3055,#005a5a
95,37,5,88,11,#006666,0x0066,#006363
95,38,1,79,2,#001f1f,0x0022,#002121
95,38,2,80,3,#002727,0x3022,#002929
95,38,3,81,4,#002f2f,0x0033,#003131
95,38,4,82,5,#003737,0x3033,#003a3a
95,38,5,83,6,#003f3f,0x0044,#004242
95,38,6,84,7,#004747,0x3044,#004a4a
95,49,1,79,2,#001f1f,0x0022,#002121
95,49,2,80,3,#002727,0x3022,#002929
95,49,3,81,4,#002f2f,0x0033,#003131
95,49,4,82,5,#003737,0x3033,#003a3a
95,49,5,83,6,#003f3f,0x0044,#004242
95,49,6,84,7,#004747,0x3044,#004a4a
95,50,1,90,13,#007676,0x0077,#007373
95,50,2,94,17,#005e5e,0x3055,#005a5a
95,50,3,95,18,#005656,0x0055,#005252
95,56,1,77,0,#000021,0x0002,#000021
95,56,2,78,1,#001717,0x3011,#001919
95,56,3,79,2,#001f1f,0x0022,#002121
95,59,1,77,0,#000021,0x0002,#000021
95,59,2,78,1,#001717,0x3011,#001919
95,59,3,79,2,#001f1f,0x0022,#002121
95,60,1,83,6,#003f3f,0x0044,#004242
95,60,2,84,7,#004747,0x3044,#004a4a
95,62,1,79,2,#001f1f,0x0022,#002121
95,62,2,80,3,#002727,0x3022,#002929
95,62,3,81,4,#002f2f,0x0033,#003131
95,62,4,82,5,#003737,0x3033,#003a3a
95,62,5,83,6,#003f3f,0x0044,#004242
95,62,6,84,7,#004747,0x3044,#004a4a
95,63,1,84,7,#004747,0x3044,#004a4a
95,63,2,85,8,#004f4f,0x0055,#005252
95,63,3,86,9,#005656,0x0055,#005252
95,63,4,87,10,#005e5e,0x3055,#005a5a
95,63,5,90,13,#007676,0x0077,#007373
95,63,6,91,14,#007676,0x0077,#007373
95,64,1,84,7,#004747,0x3044,#004a4a
95,64,2,85,8,#004f4f,0x0055,#005252
95,64,3,86,9,#005656,0x0055,#005252
95,64,4,87,10,#005e5e,0x3055,#005a5a
95,64,5,88,11,#006666,0x0066,#006363
95,64,6,89,12,#006e6e,0x3066,#006b6b
95,65,1,90,13,#007676,0x0077,#007373
95,65,2,91,14,#007676,0x0077,#007373
95,65,3,92,15,#006e6e,0x3066,#006b6b
95,65,4,93,16,#006666,0x0066,#006363
95,65,5,94,17,#005e5e,0x3055,#005a5a
95,65,6,95,18,#005656,0x0055,#005252
95,66,1,79,2,#001f1f,0x0022,#002121
95,66,2,80,3,#002727,0x3022,#002929
95,66,3,81,4,#002f2f,0x0033,#003131
95,66,4,82,5,#003737,0x3033,#003a3a
95,66,5,83,6,#003f3f,0x0044,#004242
95,66,6,84,7,#004747,0x3044,#004a4a
95,68,1,79,2,#001f1f,0x0022,#002121
95,68,2,80,3,#002727,0x3022,#002929
95,68,3,84,7,#004747,0x3044,#004a4a
95,69,1,90,13,#007676,0x0077,#007373
95,70,1,85,8,#004f4f,0x0055,#005252
95,70,2,86,9,#005656,0x0055,#005252
95,70,3,87,10,#005e5e,0x3055,#005a5a
95,70,4,88,11,#006666,0x0066,#006363
95,70,5,89,12,#006e6e,0x3066,#006b6b
95,70,6,95,18,#005656,0x0055,#005252
95,70,7,96,19,#004f4f,0x0055,#005252
95,74,1,84,7,#004747,0x3044,#004a4a
95,74,2,85,8,#004f4f,0x0055,#005252
95,74,3,86,9,#005656,0x0055,#005252
95,74,4,87,10,#005e5e,0x3055,#005a5a
95,74,5,88,11,#006666,0x0066,#006363
95,74,6,89,12,#006e6e,0x3066,#006b6b
95,76,1,77,0,#000021,0x0002,#000021
95,76,2,78,1,#001717,0x3011,#001919
95,76,3,79,2,#001f1f,0x0022,#002121
95,79,1,84,7,#004747,0x3044,#004a4a
95,79,2,85,8,#004f4f,0x0055,#005252
95,79,3,86,9,#005656,0x0055,#005252
95,79,4,87,10,#005e5e,0x3055,#005a5a
96,34,1,77,0,#001717,0x3011,#001919
96,34,2,78,1,#001f1f,0x0022,#002121
96,34,3,79,2,#002727,0x3022,#002929
96,35,1,78,1,#001f1f,0x0022,#002121
96,35,2,79,2,#002727,0x3022,#002929
96,36,1,84,7,#004f4f,0x0055,#005252
96,36,2,85,8,#005656,0x0055,#005252
96,36,3,86,9,#005e5e,0x3055,#005a5a
96,36,4,87,10,#006666,0x0066,#006363
96,37,1,84,7,#004f4f,0x0055,#005252
96,37,2,85,8,#005656,0x0055,#005252
96,37,3,86,9,#005e5e,0x3055,#005a5a
96,37,4,87,10,#006666,0x0066,#006363
96,37,5,88,11,#006e6e,0x3066,#006b6b
96,38,1,79,2,#002727,0x3022,#002929
96,38,2,80,3,#002f2f,0x0033,#003131
96,38,3,81,4,#003737,0x3033,#003a3a
96,38,4,82,5,#003f3f,0x0044,#004242
96,38,5,83,6,#004747,0x3044,#004a4a
96,38,6,84,7,#004f4f,0x0055,#005252
96,49,1,79,2,#002727,0x3022,#002929
96,49,2,80,3,#002f2f,0x0033,#003131
96,49,3,81,4,#003737,0x3033,#003a3a
96,49,4,82,5,#003f3f,0x0044,#004242
96,49,5,83,6,#004747,0x3044,#004a4a
96,49,6,84,7,#004f4f,0x0055,#005252
96,50,1,90,13,#007676,0x0077,#007373
96,50,2,94,17,#005656,0x0055,#005252
96,50,3,95,18,#004f4f,0x0055,#005252
96,56,1,77,0,#001717,0x3011,#001919
96,56,2,78,1,#001f1f,0x0022,#002121
96,56,3,79,2,#002727,0x3022,#002929
96,59,1,77,0,#001717,0x3011,#001919
96,59,2,78,1,#001f1f,0x0022,#002121
96,59,3,79,2,#002727,0x3022,#002929
96,60,1,83,6,#004747,0x3044,#004a4a
96,60,2,84,7,#004f4f,0x0055,#005252
96,62,1,79,2,#002727,0x3022,#002929
96,62,2,80,3,#002f2f,0x0033,#003131
96,62,3,81,4,#003737,0x3033,#003a3a
96,62,4,82,5,#003f3f,0x0044,#004242
96,62,5,83,6,#004747,0x3044,#004a4a
96,62,6,84,7,#004f4f,0x0055,#005252
96,63,1,84,7,#004f4f,0x0055,#005252
96,63,2,85,8,#005656,0x0055,#005252
96,63,3,86,9,#005e5e,0x3055,#005a5a
96,63,4,87,10,#006666,0x0066,#006363
96,63,5,90,13,#007676,0x0077,#007373
96,63,6,91,14,#006e6e,0x3066,#006b6b
96,64,1,84,7,#004f4f,0x0055,#005252
96,64,2,85,8,#005656,0x0055,#005252
96,64,3,86,9,#005e5e,0x3055,#005a5a
96,64,4,87,10,#006666,0x0066,#006363
96,64,5,88,11,#006e6e,0x3066,#006b6b
96,64,6,89,12,#007676,0x0077,#007373
96,65,1,90,13,#007676,0x0077,#007373
96,65,2,91,14,#006e6e,0x3066,#006b6b
96,65,3,92,15,#006666,0x0066,#006363
96,65,4,93,16,#005e5e,0x3055,#005a5a
96,65,5,94,17,#005656,0x0055,#005252
96,65,6,95,18,#004f4f,0x0055,#005252
96,66,1,79,2,#002727,0x3022,#002929
96,66,2,80,3,#002f2f,0x0033,#003131
96,66,3,81,4,#003737,0x3033,#003a3a
96,66,4,82,5,#003f3f,0x0044,#004242
96,66,5,83,6,#004747,0x3044,#004a4a
96,66,6,84,7,#004f4f,0x0055,#005252
96,68,1,79,2,#002727,0x3022,#002929
96,68,2,80,3,#002f2f,0x0033,#003131
96,68,3,84,7,#004f4f,0x0055,#005252
96,69,1,90,13,#007676,0x0077,#007373
96,70,1,85,8,#005656,0x0055,#005252
96,70,2,86,9,#005e5e,0x3055,#005a5a
96,70,3,87,10,#006666,0x0066,#006363
96,70,4,88,11,#006e6e,0x3066,#006b6b
96,70,5,89,12,#007676,0x0077,#007373
96,70,6,95,18,#004f4f,0x0055,#005252
96,70,7,96,19,#004747,0x3044,#004a4a
96,74,1,84,7,#004f4f,0x0055,#005252
96,74,2,85,8,#005656,0x0055,#005252
96,74,3,86,9,#005e5e,0x3055,#005a5a
96,74,4,87,10,#006666,0x0066,#006363
96,74,5,88,11,#006e6e,0x3066,#006b6b
96,74,6,89,12,#007676,0x0077,#007373
96,76,1,77,0,#001717,0x3011,#001919
96,76,2,78,1,#001f1f,0x0022,#002121
96,76,3,79,2,#002727,0x3022,#002929
96,79,1,84,7,#004f4f,0x0055,#005252
96,79,2,85,8,#005656,0x0055,#005252
96,79,3,86,9,#005e5e,0x3055,#005a5a
96,79,4,87,10,#006666,0x0066,#006363
97,34,1,77,0,#001f1f,0x0022,#002121
97,34,2,78,1,#002727,0x3022,#002929
97,34,3,79,2,#002f2f,0x0033,#003131
97,35,1,78,1,#002727,0x3022,#002929
97,35,2,79,2,#002f2f,0x0033,#003131
97,36,1,84,7,#005656,0x0055,#005252
97,36,2,85,8,#005e5e,0x3055,#005a5a
97,36,3,86,9,#006666,0x0066,#006363
97,36,4,87,10,#006e6e,0x3066,#006b6b
97,37,1,84,7,#005656,0x0055,#005252
97,37,2,85,8,#005e5e,0x3055,#005a5a
97,37,3,86,9,#006666,0x0066,#006363
97,37,4,87,10,#006e6e,0x3066,#006b6b
97,37,5,88,11,#007676,0x0077,#007373
97,38,1,79,2,#002f2f,0x0033,#003131
97,38,2,80,3,#003737,0x3033,#003a3a
97,38,3,81,4,#003f3f,0x0044,#004242
97,38,4,82,5,#004747,0x3044,#004a4a
97,38,5,83,6,#004f4f,0x0055,#005252
97,38,6,84,7,#005656,0x0055,#005252
97,49,1,79,2,#002f2f,0x0033,#003131
97,49,2,80,3,#003737,0x3033,#003a3a
97,49,3,81,4,#003f3f,0x0044,#004242
97,49,4,82,5,#004747,0x3044,#004a4a
97,49,5,83,6,#004f4f,0x0055,#005252
97,49,6,84,7,#005656,0x0055,#005252
97,50,1,90,13,#006e6e,0x3066,#006b6b
97,50,2,94,17,#004f4f,0x0055,#005252
97,50,3,95,18,#004747,0x3044,#004a4a
97,56,1,77,0,#001f1f,0x0022,#002121
97,56,2,78,1,#002727,0x3022,#002929
97,56,3,79,2,#002f2f,0x0033,#003131
97,59,1,77,0,#001f1f,0x0022,#002121
97,59,2,78,1,#002727,0x3022,#002929
97,59,3,79,2,#002f2f,0x0033,#003131
97,60,1,83,6,#004f4f,0x0055,#005252
97,60,2,84,7,#005656,0x0055,#005252
97,62,1,79,2,#002f2f,0x0033,#003131
97,62,2,80,3,#003737,0x3033,#003a3a
97,62,3,81,4,#003f3f,0x0044,#004242
97,62,4,82,5,#004747,0x3044,#004a4a
97,62,5,83,6,#004f4f,0x0055,#005252
97,62,6,84,7,#005656,0x0055,#005252
97,63,1,84,7,#005656,0x0055,#005252
97,63,2,85,8,#005e5e,0x3055,#005a5a
97,63,3,86,9,#006666,0x0066,#006363
97,63,4,87,10,#006e6e,0x3066,#006b6b
97,63,5,90,13,#006e6e,0x3066,#006b6b
97,63,6,91,14,#006666,0x0066,#006363
97,64,1,84,7,#005656,0x0055,#005252
97,64,2,85,8,#005e5e,0x3055,#005a5a
97,64,3,86,9,#006666,0x0066,#006363
97,64,4,87,10,#006e6e,0x3066,#006b6b
97,64,5,88,11,#007676,0x0077,#007373
97,64,6,89,12,#007676,0x0077,#007373
97,65,1,90,13,#006e6e,0x3066,#006b6b
97,65,2,91,14,#006666,0x0066,#006363
97,65,3,92,15,#005e5e,0x3055,#005a5a
97,65,4,93,16,#005656,0x0055,#005252
97,65,5,94,17,#004f4f,0x0055,#005252
97,65,6,95,18,#004747,0x3044,#004a4a
97,66,1,79,2,#002f2f,0x0033,#003131
97,66,2,80,3,#003737,0x3033,#003a3a
97,66,3,81,4,#003f3f,0x0044,#004242
97,66,4,82,5,#004747,0x3044,#004a4a
97,66,5,83,6,#004f4f,0x0055,#005252
97,66,6,84,7,#005656,0x0055,#005252
97,68,1,79,2,#002f2f,0x0033,#003131
97,68,2,80,3,#003737,0x3033,#003a3a
97,68,3,84,7,#005656,0x0055,#005252
97,69,1,90,13,#006e6e,0x3066,#006b6b
97,70,1,85,8,#005e5e,0x3055,#005a5a
97,70,2,86,9,#006666,0x0066,#006363
97,70,3,87,10,#006e6e,0x3066,#006b6b
97,70,4,88,11,#007676,0x0077,#007373
97,70,5,89,12,#007676,0x0077,#007373
97,70,6,95,18,#004747,0x3044,#004a4a
97,70,7,96,19,#003f3f,0x0044,#004242
97,74,1,84,7,#005656,0x0055,#005252
97,74,2,85,8,#005e5e,0x3055,#005a5a
97,74,3,86,9,#006666,0x0066,#006363
97,74,4,87,10,#006e6e,0x3066,#006b6b
97,74,5,88,11,#007676,0x0077,#007373
97,74,6,89,12,#007676,0x0077,#007373
97,76,1,77,0,#001f1f,0x0022,#002121
97,76,2,78,1,#002727,0x3022,#002929
97,76,3,79,2,#002f2f,0x0033,#003131
97,79,1,84,7,#005656,0x0055,#005252
97,79,2,85,8,#005e5e,0x3055,#005a5a
97,79,3,86,9,#006666,0x0066,#006363
97,79,4,87,10,#006e6e,0x3066,#006b6b
98,34,1,77,0,#002727,0x3022,#002929
98,34,2,78,1,#002f2f,0x0033,#003131
98,34,3,79,2,#003737,0x3033,#003a3a
98,35,1,78,1,#002f2f,0x0033,#003131
98,35,2,79,2,#003737,0x3033,#003a3a
98,36,1,84,7,#005e5e,0x3055,#005a5a
98,36,2,85,8,#006666,0x0066,#006363
98,36,3,86,9,#006e6e,0x3066,#006b6b
98,36,4,87,10,#007676,0x0077,#007373
98,37,1,84,7,#005e5e,0x3055,#005a5a
98,37,2,85,8,#006666,0x0066,#006363
98,37,3,86,9,#006e6e,0x3066,#006b6b
98,37,4,87,10,#007676,0x0077,#007373
98,37,5,88,11,#007676,0x0077,#007373
98,38,1,79,2,#003737,0x3033,#003a3a
98,38,2,80,3,#003f3f,0x0044,#004242
98,38,3,81,4,#004747,0x3044,#004a4a
98,38,4,82,5,#004f4f,0x0055,#005252
98,38,5,83,6,#005656,0x0055,#005252
98,38,6,84,7,#005e5e,0x3055,#005a5a
98,49,1,79,2,#003737,0x3033,#003a3a
98,49,2,80,3,#003f3f,0x0044,#004242
98,49,3,81,4,#004747,0x3044,#004a4a
98,49,4,82,5,#004f4f,0x0055,#005252
98,49,5,83,6,#005656,0x0055,#005252
98,49,6,84,7,#005e5e,0x3055,#005a5a
98,50,1,90,13,#006666,0x0066,#006363
98,50,2,94,17,#004747,0x3044,#004a4a
98,50,3,95,18,#003f3f,0x0044,#004242
98,56,1,77,0,#002727,0x3022,#002929
98,56,2,78,1,#002f2f,0x0033,#003131
98,56,3,79,2,#003737,0x3033,#003a3a
98,59,1,77,0,#002727,0x3022,#002929
98,59,2,78,1,#002f2f,0x0033,#003131
98,59,3,79,2,#003737,0x3033,#003a3a
98,60,1,83,6,#005656,0x0055,#005252
98,60,2,84,7,#005e5e,0x3055,#005a5a
98,62,1,79,2,#003737,0x3033,#003a3a
98,62,2,80,3,#003f3f,0x0044,#004242
98,62,3,81,4,#004747,0x3044,#004a4a
98,62,4,82,5,#004f4f,0x0055,#005252
98,62,5,83,6,#005656,0x0055,#005252
98,62,6,84,7,#005e5e,0x3055,#005a5a
98,63,1,84,7,#005e5e,0x3055,#005a5a
98,63,2,85,8,#006666,0x0066,#006363
98,63,3,86,9,#006e6e,0x3066,#006b6b
98,63,4,87,10,#007676,0x0077,#007373
98,63,5,90,13,#006666,0x0066,#006363
98,63,6,91,14,#005e5e,0x3055,#005a5a
98,64,1,84,7,#005e5e,0x3055,#005a5a
98,64,2,85,8,#006666,0x0066,#006363
98,64,3,86,9,#006e6e,0x3066,#006b6b
98,64,4,87,10,#007676,0x0077,#007373
98,64,5,88,11,#007676,0x0077,#007373
98,64,6,89,12,#006e6e,0x3066,#006b6b
98,65,1,90,13,#006666,0x0066,#006363
98,65,2,91,14,#005e5e,0x3055,#005a5a
98,65,3,92,15,#005656,0x0055,#005252
98,65,4,93,16,#004f4f,0x0055,#005252
98,65,5,94,17,#004747,0x3044,#004a4a
98,65,6,95,18,#003f3f,0x0044,#004242
98,66,1,79,2,#003737,0x3033,#003a3a
98,66,2,80,3,#003f3f,0x0044,#004242
98,66,3,81,4,#004747,0x3044,#004a4a
98,66,4,82,5,#004f4f,0x0055,#005252
98,66,5,83,6,#005656,0x0055,#005252
98,66,6,84,7,#005e5e,0x3055,#005a5a
98,68,1,79,2,#003737,0x3033,#003a3a
98,68,2,80,3,#003f3f,0x0044,#004242
98,68,3,84,7,#005e5e,0x3055,#005a5a
98,69,1,90,13,#006666,0x0066,#006363
98,70,1,85,8,#006666,0x0066,#006363
98,70,2,86,9,#006e6e,0x3066,#006b6b
98,70,3,87,10,#007676,0x0077,#007373
98,70,4,88,11,#007676,0x0077,#007373
98,70,5,89,12,#006e6e,0x3066,#006b6b
98,70,6,95,18,#003f3f,0x0044,#004242
98,70,7,96,19,#003737,0x3033,#003a3a
98,74,1,84,7,#005e5e,0x3055,#005a5a
98,74,2,85,8,#006666,0x0066,#006363
98,74,3,86,9,#006e6e,0x3066,#006b6b
98,74,4,87,10,#007676,0x0077,#007373
98,74,5,88,11,#007676,0x0077,#007373
98,74,6,89,12,#006e6e,0x3066,#006b6b
98,76,1,77,0,#002727,0x3022,#002929
98,76,2,78,1,#002f2f,0x0033,#003131
98,76,3,79,2,#003737,0x3033,#003a3a
98,79,1,84,7,#005e5e,0x3055,#005a5a
98,79,2,85,8,#006666,0x0066,#006363
98,79,3,86,9,#006e6e,0x3066,#006b6b
98,79,4,87,10,#007676,0x0077,#007373
99,34,1,77,0,#002f2f,0x0033,#003131
99,34,2,78,1,#003737,0x3033,#003a3a
99,34,3,79,2,#003f3f,0x0044,#004242
99,35,1,78,1,#003737,0x3033,#003a3a
99,35,2,79,2,#003f3f,0x0044,#004242
99,36,1,84,7,#006666,0x0066,#006363
99,36,2,85,8,#006e6e,0x3066,#006b6b
99,36,3,86,9,#007676,0x0077,#007373
99,36,4,87,10,#007676,0x0077,#007373
99,37,1,84,7,#006666,0x0066,#006363
99,37,2,85,8,#006e6e,0x3066,#006b6b
99,37,3,86,9,#007676,0x0077,#007373
99,37,4,87,10,#007676,0x0077,#007373
99,37,5,88,11,#006e6e,0x3066,#006b6b
99,38,1,79,2,#003f3f,0x0044,#004242
99,38,2,80,3,#004747,0x3044,#004a4a
99,38,3,81,4,#004f4f,0x0055,#005252
99,38,4,82,5,#005656,0x0055,#005252
99,38,5,83,6,#005e5e,0x3055,#005a5a
99,38,6,84,7,#006666,0x0066,#006363
99,49,1,79,2,#003f3f,0x0044,#004242
99,49,2,80,3,#004747,0x3044,#004a4a
99,49,3,81,4,#004f4f,0x0055,#005252
99,49,4,82,5,#005656,0x0055,#005252
99,49,5,83,6,#005e5e,0x3055,#005a5a
99,49,6,84,7,#006666,0x0066,#006363
99,50,1,90,13,#005e5e,0x3055,#005a5a
99,50,2,94,17,#003f3f,0x0044,#004242
99,50,3,95,18,#003737,0x3033,#003a3a
99,56,1,77,0,#002f2f,0x0033,#003131
99,56,2,78,1,#003737,0x3033,#003a3a
99,56,3,79,2,#003f3f,0x0044,#004242
99,59,1,77,0,#002f2f,0x0033,#003131
99,59,2,78,1,#003737,0x3033,#003a3a
99,59,3,79,2,#003f3f,0x0044,#004242
99,60,1,83,6,#005e5e,0x3055,#005a5a
99,60,2,84,7,#006666,0x0066,#006363
99,62,1,79,2,#003f3f,0x0044,#004242
99,62,2,80,3,#004747,0x3044,#004a4a
99,62,3,81,4,#004f4f,0x0055,#005252
99,62,4,82,5,#005656,0x0055,#005252
99,62,5,83,6,#005e5e,0x3055,#005a5a
99,62,6,84,7,#006666,0x0066,#006363
99,63,1,84,7,#006666,0x0066,#006363
99,63,2,85,8,#006e6e,0x3066,#006b6b
99,63,3,86,9,#007676,0x0077,#007373
99,63,4,87,10,#007676,0x0077,#007373
99,63,5,90,13,#005e5e,0x3055,#005a5a
99,63,6,91,14,#005656,0x0055,#005252
99,64,1,84,7,#006666,0x0066,#006363
99,64,2,85,8,#006e6e,0x3066,#006b6b
99,64,3,86,9,#007676,0x0077,#007373
99,64,4,87,10,#007676,0x0077,#007373
99,64,5,88,11,#006e6e,0x3066,#006b6b
99,64,6,89,12,#006666,0x0066,#006363
99,65,1,90,13,#005e5e,0x3055,#005a5a
99,65,2,91,14,#005656,0x0055,#005252
99,65,3,92,15,#004f4f,0x0055,#005252
99,65,4,93,16,#004747,0x3044,#004a4a
99,65,5,94,17,#003f3f,0x0044,#004242
99,65,6,95,18,#003737,0x3033,#003a3a
99,66,1,79,2,#003f3f,0x0044,#004242
99,66,2,80,3,#004747,0x3044,#004a4a
99,66,3,81,4,#004f4f,0x0055,#005252
99,66,4,82,5,#005656,0x0055,#005252
99,66,5,83,6,#005e5e,0x3055,#005a5a
99,66,6,84,7,#006666,0x0066,#006363
99,68,1,79,2,#003f3f,0x0044,#004242
99,68,2,80,3,#004747,0x3044,#004a4a
99,68,3,84,7,#006666,0x0066,#006363
99,69,1,90,13,#005e5e,0x3055,#005a5a
99,70,1,85,8,#006e6e,0x3066,#006b6b
99,70,2,86,9,#007676,0x0077,#007373
99,70,3,87,10,#007676,0x0077,#007373
99,70,4,88,11,#006e6e,0x3066,#006b6b
99,70,5,89,12,#006666,0x0066,#006363
99,70,6,95,18,#003737,0x3033,#003a3a
99,70,7,96,19,#002f2f,0x0033,#003131
99,74,1,84,7,#006666,0x0066,#006363
99,74,2,85,8,#006e6e,0x3066,#006b6b
99,74,3,86,9,#007676,0x0077,#007373
99,74,4,87,10,#007676,0x0077,#007373
99,74,5,88,11,#006e6e,0x3066,#006b6b
99,74,6,89,12,#006666,0x0066,#006363
99,76,1,77,0,#002f2f,0x0033,#003131
99,76,2,78,1,#003737,0x3033,#003a3a
99,76,3,79,2,#003f3f,0x0044,#004242
99,79,1,84,7,#006666,0x0066,#006363
99,79,2,85,8,#006e6e,0x3066,#006b6b
99,79,3,86,9,#007676,0x0077,#007373
99,79,4,87,10,#007676,0x0077,#007373
100,34,1,77,0,#003737,0x3033,#003a3a
100,34,2,78,1,#003f3f,0x0044,#004242
100,34,3,79,2,#004747,0x3044,#004a4a
100,35,1,78,1,#003f3f,0x0044,#004242
100,35,2,79,2,#004747,0x3044,#004a4a
100,36,1,84,7,#006e6e,0x3066,#006b6b
100,36,2,85,8,#007676,0x0077,#007373
100,36,3,86,9,#007676,0x0077,#007373
100,36,4,87,10,#006e6e,0x3066,#006b6b
100,37,1,84,7,#006e6e,0x3066,#006b6b
100,37,2,85,8,#007676,0x0077,#007373
100,37,3,86,9,#007676,0x0077,#007373
100,37,4,87,10,#006e6e,0x3066,#006b6b
100,37,5,88,11,#006666,0x0066,#006363
100,38,1,79,2,#004747,0x3044,#004a4a
100,38,2,80,3,#004f4f,0x0055,#005252
100,38,3,81,4,#005656,0x0055,#005252
100,38,4,82,5,#005e5e,0x3055,#005a5a
100,38,5,83,6,#006666,0x0066,#006363
100,38,6,84,7,#006e6e,0x3066,#006b6b
100,49,1,79,2,#004747,0x3044,#004a4a
100,49,2,80,3,#004f4f,0x0055,#005252
100,49,3,81,4,#005656,0x0055,#005252
100,49,4,82,5,#005e5e,0x3055,#005a5a
100,49,5,83,6,#006666,0x0066,#006363
100,49,6,84,7,#006e6e,0x3066,#006b6b
100,50,1,90,13,#005656,0x0055,#005252
100,50,2,94,17,#003737,0x3033,#003a3a
100,50,3,95,18,#002f2f,0x0033,#003131
100,56,1,77,0,#003737,0x3033,#003a3a
100,56,2,78,1,#003f3f,0x0044,#004242
100,56,3,79,2,#004747,0x3044,#004a4a
100,59,1,77,0,#003737,0x3033,#003a3a
100,59,2,78,1,#003f3f,0x0044,#004242
100,59,3,79,2,#004747,0x3044,#004a4a
100,60,1,83,6,#006666,0x0066,#006363
100,60,2,84,7,#006e6e,0x3066,#006b6b
100,62,1,79,2,#004747,0x3044,#004a4a
100,62,2,80,3,#004f4f,0x0055,#005252
100,62,3,81,4,#005656,0x0055,#005252
100,62,4,82,5,#005e5e,0x3055,#005a5a
100,62,5,83,6,#006666,0x0066,#006363
100,62,6,84,7,#006e6e,0x3066,#006b6b
100,63,1,84,7,#006e6e,0x3066,#006b6b
100,63,2,85,8,#007676,0x0077,#007373
100,63,3,86,9,#007676,0x0077,#007373
100,63,4,87,10,#006e6e,0x3066,#006b6b
100,63,5,90,13,#005656,0x0055,#005252
100,63,6,91,14,#004f4f,0x0055,#005252
100,64,1,84,7,#006e6e,0x3066,#006b6b
100,64,2,85,8,#007676,0x0077,#007373
100,64,3,86,9,#007676,0x0077,#007373
100,64,4,87,10,#006e6e,0x3066,#006b6b
100,64,5,88,11,#006666,0x0066,#006363
100,64,6,89,12,#005e5e,0x3055,#005a5a
100,65,1,90,13,#005656,0x0055,#005252
100,65,2,91,14,#004f4f,0x0055,#005252
100,65,3,92,15,#004747,0x3044,#004a4a
100,65,4,93,16,#003f3f,0x0044,#004242
100,65,5,94,17,#003737,0x3033,#003a3a
100,65,6,95,18,#002f2f,0x0033,#003131
100,66,1,79,2,#004747,0x3044,#004a4a
100,66,2,80,3,#004f4f,0x0055,#005252
100,66,3,81,4,#005656,0x0055,#005252
100,66,4,82,5,#005e5e,0x3055,#005a5a
100,66,5,83,6,#006666,0x0066,#006363
100,66,6,84,7,#006e6e,0x3066,#006b6b
100,68,1,79,2,#004747,0x3044,#004a4a
100,68,2,80,3,#004f4f,0x0055,#005252
100,68,3,84,7,#006e6e,0x3066,#006b6b
100,69,1,90,13,#005656,0x0055,#005252
100,70,1,85,8,#007676,0x0077,#007373
100,70,2,86,9,#007676,0x0077,#007373
100,70,3,87,10,#006e6e,0x3066,#006b6b
100,70,4,88,11,#006666,0x0066,#006363
100,70,5,89,12,#005e5e,0x3055,#005a5a
100,70,6,95,18,#002f2f,0x0033,#003131
100,70,7,96,19,#002727,0x3022,#002929
100,74,1,84,7,#006e6e,0x3066,#006b6b
100,74,2,85,8,#007676,0x0077,#007373
100,74,3,86,9,#007676,0x0077,#007373
100,74,4,87,10,#006e6e,0x3066,#006b6b
100,74,5,88,11,#006666,0x0066,#006363
100,74,6,89,12,#005e5e,0x3055,#005a5a
100,76,1,77,0,#003737,0x3033,#003a3a
100,76,2,78,1,#003f3f,0x0044,#004242
100,76,3,79,2,#004747,0x3044,#004a4a
100,79,1,84,7,#006e6e,0x3066,#006b6b
100,79,2,85,8,#007676,0x0077,#007373
100,79,3,86,9,#007676,0x0077,#007373
100,79,4,87,10,#006e6e,0x3066,#006b6b
101,34,1,77,0,#003f3f,0x0044,#004242
101,34,2,78,1,#004747,0x3044,#004a4a
101,34,3,79,2,#004f4f,0x0055,#005252
101,35,1,78,1,#004747,0x3044,#004a4a
101,35,2,79,2,#004f4f,0x0055,#005252
101,36,1,84,7,#007676,0x0077,#007373
101,36,2,85,8,#007676,0x0077,#007373
101,36,3,86,9,#006e6e,0x3066,#006b6b
101,36,4,87,10,#006666,0x0066,#006363
101,37,1,84,7,#007676,0x0077,#007373
101,37,2,85,8,#007676,0x0077,#007373
101,37,3,86,9,#006e6e,0x3066,#006b6b
101,37,4,87,10,#006666,0x0066,#006363
101,37,5,88,11,#005e5e,0x3055,#005a5a
101,38,1,79,2,#004f4f,0x0055,#005252
101,38,2,80,3,#005656,0x0055,#005252
101,38,3,81,4,#005e5e,0x3055,#005a5a
101,38,4,82,5,#006666,0x0066,#006363
101,38,5,83,6,#006e6e,0x3066,#006b6b
101,38,6,84,7,#007676,0x0077,#007373
101,49,1,79,2,#004f4f,0x0055,#005252
101,49,2,80,3,#005656,0x0055,#005252
101,49,3,81,4,#005e5e,0x3055,#005a5a
101,49,4,82,5,#006666,0x0066,#006363
101,49,5,83,6,#006e6e,0x3066,#006b6b
101,49,6,84,7,#007676,0x0077,#007373
101,50,1,90,13,#004f4f,0x0055,#005252
101,50,2,94,17,#002f2f,0x0033,#003131
101,50,3,95,18,#002727,0x3022,#002929
101,56,1,77,0,#003f3f,0x0044,#004242
101,56,2,78,1,#004747,0x3044,#004a4a
101,56,3,79,2,#004f4f,0x0055,#005252
101,59,1,77,0,#003f3f,0x0044,#004242
101,59,2,78,1,#004747,0x3044,#004a4a
101,59,3,79,2,#004f4f,0x0055,#005252
101,60,1,83,6,#006e6e,0x3066,#006b6b
101,60,2,84,7,#007676,0x0077,#007373
101,62,1,79,2,#004f4f,0x0055,#005252
101,62,2,80,3,#005656,0x0055,#005252
101,62,3,81,4,#005e5e,0x3055,#005a5a
101,62,4,82,5,#006666,0x0066,#006363
101,62,5,83,6,#006e6e,0x3066,#006b6b
101,62,6,84,7,#007676,0x0077,#007373
101,63,1,84,7,#007676,0x0077,#007373
101,63,2,85,8,#007676,0x0077,#007373
101,63,3,86,9,#006e6e,0x3066,#006b6b
101,63,4,87,10,#006666,0x0066,#006363
101,63,5,90,13,#004f4f,0x0055,#005252
101,63,6,91,14,#004747,0x3044,#004a4a
101,64,1,84,7,#007676,0x0077,#007373
101,64,2,85,8,#007676,0x0077,#007373
101,64,3,86,9,#006e6e,0x3066,#006b6b
101,64,4,87,10,#006666,0x0066,#006363
101,64,5,88,11,#005e5e,0x3055,#005a5a
101,64,6,89,12,#005656,0x0055,#005252
101,65,1,90,13,#004f4f,0x0055,#005252
101,65,2,91,14,#004747,0x3044,#004a4a
101,65,3,92,15,#003f3f,0x0044,#004242
101,65,4,93,16,#003737,0x3033,#003a3a
101,65,5,94,17,#002f2f,0x0033,#003131
101,65,6,95,18,#002727,0x3022,#002929
101,66,1,79,2,#004f4f,0x0055,#005252
101,66,2,80,3,#005656,0x0055,#005252
101,66,3,81,4,#005e5e,0x3055,#005a5a
101,66,4,82,5,#006666,0x0066,#006363
101,66,5,83,6,#006e6e,0x3066,#006b6b
101,66,6,84,7,#007676,0x0077,#007373
101,68,1,79,2,#004f4f,0x0055,#005252
101,68,2,80,3,#005656,0x0055,#005252
101,68,3,84,7,#007676,0x0077,#007373
101,69,1,90,13,#004f4f,0x0055,#005252
101,70,1,85,8,#007676,0x0077,#007373
101,70,2,86,9,#006e6e,0x3066,#006b6b
101,70,3,87,10,#006666,0x0066,#006363
101,70,4,88,11,#005e5e,0x3055,#005a5a
101,70,5,89,12,#005656,0x0055,#005252
101,70,6,95,18,#002727,0x3022,#002929
101,70,7,96,19,#001f1f,0x0022,#002121
101,74,1,84,7,#007676,0x0077,#007373
101,74,2,85,8,#007676,0x0077,#007373
101,74,3,86,9,#006e6e,0x3066,#006b6b
101,74,4,87,10,#006666,0x0066,#006363
101,74,5,88,11,#005e5e,0x3055,#005a5a
101,74,6,89,12,#005656,0x0055,#005252
101,76,1,77,0,#003f3f,0x0044,#004242
101,76,2,78,1,#004747,0x3044,#004a4a
101,76,3,79,2,#004f4f,0x0055,#005252
101,79,1,84,7,#007676,0x0077,#007373
101,79,2,85,8,#007676,0x0077,#007373
101,79,3,86,9,#006e6e,0x3066,#006b6b
101,79,4,87,10,#006666,0x0066,#006363
102,34,1,77,0,#004747,0x3044,#004a4a
102,34,2,78,1,#004f4f,0x0055,#005252
102,34,3,79,2,#005656,0x0055,#005252
102,35,1,78,1,#004f4f,0x0055,#005252
102,35,2,79,2,#005656,0x0055,#005252
102,36,1,84,7,#007676,0x0077,#007373
102,36,2,85,8,#006e6e,0x3066,#006b6b
102,36,3,86,9,#006666,0x0066,#006363
102,36,4,87,10,#005e5e,0x3055,#005a5a
102,37,1,84,7,#007676,0x0077,#007373
102,37,2,85,8,#006e6e,0x3066,#006b6b
102,37,3,86,9,#006666,0x0066,#006363
102,37,4,87,10,#005e5e,0x3055,#005a5a
102,37,5,88,11,#005656,0x0055,#005252
102,38,1,79,2,#005656,0x0055,#005252
102,38,2,80,3,#005e5e,0x3055,#005a5a
102,38,3,81,4,#006666,0x0066,#006363
102,38,4,82,5,#006e6e,0x3066,#006b6b
102,38,5,83,6,#007676,0x0077,#007373
102,38,6,84,7,#007676,0x0077,#007373
102,49,1,79,2,#005656,0x0055,#005252
102,49,2,80,3,#005e5e,0x3055,#005a5a
102,49,3,81,4,#006666,0x0066,#006363
102,49,4,82,5,#006e6e,0x3066,#006b6b
102,49,5,83,6,#007676,0x0077,#007373
102,49,6,84,7,#007676,0x0077,#007373
102,50,1,90,13,#004747,0x3044,#004a4a
102,50,2,94,17,#002727,0x3022,#002929
102,50,3,95,18,#001f1f,0x0022,#002121
102,56,1,77,0,#004747,0x3044,#004a4a
102,56,2,78,1,#004f4f,0x0055,#005252
102,56,3,79,2,#005656,0x0055,#005252
102,59,1,77,0,#004747,0x3044,#004a4a
102,59,2,78,1,#004f4f,0x0055,#005252
102,59,3,79,2,#005656,0x0055,#005252
102,60,1,83,6,#007676,0x0077,#007373
102,60,2,84,7,#007676,0x0077,#007373
102,62,1,79,2,#005656,0x0055,#005252
102,62,2,80,3,#005e5e,0x3055,#005a5a
102,62,3,81,4,#006666,0x0066,#006363
102,62,4,82,5,#006e6e,0x3066,#006b6b
102,62,5,83,6,#007676,0x0077,#007373
102,62,6,84,7,#007676,0x0077,#007373
102,63,1,84,7,#007676,0x0077,#007373
102,63,2,85,8,#006e6e,0x3066,#006b6b
102,63,3,86,9,#006666,0x0066,#006363
102,63,4,87,10,#005e5e,0x3055,#005a5a
102,63,5,90,13,#004747,0x3044,#004a4a
102,63,6,91,14,#003f3f,0x0044,#004242
102,64,1,84,7,#007676,0x0077,#007373
102,64,2,85,8,#006e6e,0x3066,#006b6b
102,64,3,86,9,#006666,0x0066,#006363
102,64,4,87,10,#005e5e,0x3055,#005a5a
102,64,5,88,11,#005656,0x0055,#005252
102,64,6,89,12,#004f4f,0x0055,#005252
102,65,1,90,13,#004747,0x3044,#004a4a
102,65,2,91,14,#003f3f,0x0044,#004242
102,65,3,92,15,#003737,0x3033,#003a3a
102,65,4,93,16,#002f2f,0x0033,#003131
102,65,5,94,17,#002727,0x3022,#002929
102,65,6,95,18,#001f1f,0x0022,#002121
102,66,1,79,2,#005656,0x0055,#005252
102,66,2,80,3,#005e5e,0x3055,#005a5a
102,66,3,81,4,#006666,0x0066,#006363
102,66,4,82,5,#006e6e,0x3066,#006b6b
102,66,5,83,6,#007676,0x0077,#007373
102,66,6,84,7,#007676,0x0077,#007373
102,68,1,79,2,#005656,0x0055,#005252
102,68,2,80,3,#005e5e,0x3055,#005a5a
102,68,3,84,7,#007676,0x0077,#007373
102,69,1,90,13,#004747,0x3044,#004a4a
102,70,1,85,8,#006e6e,0x3066,#006b6b
102,70,2,86,9,#006666,0x0066,#006363
102,70,3,87,10,#005e5e,0x3055,#005a5a
102,70,4,88,11,#005656,0x0055,#005252
102,70,5,89,12,#004f4f,0x0055,#005252
102,70,6,95,18,#001f1f,0x0022,#002121
102,70,7,96,19,#001717,0x3011,#001919
102,74,1,84,7,#007676,0x0077,#007373
102,74,2,85,8,#006e6e,0x3066,#006b6b
102,74,3,86,9,#006666,0x0066,#006363
102,74,4,87,10,#005e5e,0x3055,#005a5a
102,74,5,88,11,#005656,0x0055,#005252
102,74,6,89,12,#004f4f,0x0055,#005252
102,76,1,77,0,#004747,0x3044,#004a4a
102,76,2,78,1,#004f4f,0x0055,#005252
102,76,3,79,2,#005656,0x0055,#005252
102,79,1,84,7,#007676,0x0077,#007373
102,79,2,85,8,#006e6e,0x3066,#006b6b
102,79,3,86,9,#006666,0x0066,#006363
102,79,4,87,10,#005e5e,0x3055,#005a5a
103,34,1,77,0,#004f4f,0x0055,#005252
103,34,2,78,1,#005656,0x0055,#005252
103,34,3,79,2,#005e5e,0x3055,#005a5a
103,35,1,78,1,#005656,0x0055,#005252
103,35,2,79,2,#005e5e,0x3055,#005a5a
103,36,1,84,7,#006e6e,0x3066,#006b6b
103,36,2,85,8,#006666,0x0066,#006363
103,36,3,86,9,#005e5e,0x3055,#005a5a
103,36,4,87,10,#005656,0x0055,#005252
103,37,1,84,7,#006e6e,0x3066,#006b6b
103,37,2,85,8,#006666,0x0066,#006363
103,37,3,86,9,#005e5e,0x3055,#005a5a
103,37,4,87,10,#005656,0x0055,#005252
103,37,5,88,11,#004f4f,0x0055,#005252
103,38,1,79,2,#005e5e,0x3055,#005a5a
103,38,2,80,3,#006666,0x0066,#006363
103,38,3,81,4,#006e6e,0x3066,#006b6b
103,38,4,82,5,#007676,0x0077,#007373
103,38,5,83,6,#007676,0x0077,#007373
103,38,6,84,7,#006e6e,0x3066,#006b6b
103,49,1,79,2,#005e5e,0x3055,#005a5a
103,49,2,80,3,#006666,0x0066,#006363
103,49,3,81,4,#006e6e,0x3066,#006b6b
103,49,4,82,5,#007676,0x0077,#007373
103,49,5,83,6,#007676,0x0077,#007373
103,49,6,84,7,#006e6e,0x3066,#006b6b
103,50,1,90,13,#003f3f,0x0044,#004242
103,50,2,94,17,#001f1f,0x0022,#002121
103,50,3,95,18,#001717,0x3011,#001919
103,56,1,77,0,#004f4f,0x0055,#005252
103,56,2,78,1,#005656,0x0055,#005252
103,56,3,79,2,#005e5e,0x3055,#005a5a
103,59,1,77,0,#004f4f,0x0055,#005252
103,59,2,78,1,#005656,0x0055,#005252
103,59,3,79,2,#005e5e,0x3055,#005a5a
103,60,1,83,6,#007676,0x0077,#007373
103,60,2,84,7,#006e6e,0x3066,#006b6b
103,62,1,79,2,#005e5e,0x3055,#005a5a
103,62,2,80,3,#006666,0x0066,#006363
103,62,3,81,4,#006e6e,0x3066,#006b6b
103,62,4,82,5,#007676,0x0077,#007373
103,62,5,83,6,#007676,0x0077,#007373
103,62,6,84,7,#006e6e,0x3066,#006b6b
103,63,1,84,7,#006e6e,0x3066,#006b6b
103,63,2,85,8,#006666,0x0066,#006363
103,63,3,86,9,#005e5e,0x3055,#005a5a
103,63,4,87,10,#005656,0x0055,#005252
103,63,5,90,13,#003f3f,0x0044,#004242
103,63,6,91,14,#003737,0x3033,#003a3a
103,64,1,84,7,#006e6e,0x3066,#006b6b
103,64,2,85,8,#006666,0x0066,#006363
103,64,3,86,9,#005e5e,0x3055,#005a5a
103,64,4,87,10,#005656,0x0055,#005252
103,64,5,88,11,#004f4f,0x0055,#005252
103,64,6,89,12,#004747,0x3044,#004a4a
103,65,1,90,13,#003f3f,0x0044,#004242
103,65,2,91,14,#003737,0x3033,#003a3a
103,65,3,92,15,#002f2f,0x0033,#003131
103,65,4,93,16,#002727,0x3022,#002929
103,65,5,94,17,#001f1f,0x0022,#002121
103,65,6,95,18,#001717,0x3011,#001919
103,66,1,79,2,#005e5e,0x3055,#005a5a
103,66,2,80,3,#006666,0x0066,#006363
103,66,3,81,4,#006e6e,0x3066,#006b6b
103,66,4,82,5,#007676,0x0077,#007373
103,66,5,83,6,#007676,0x0077,#007373
103,66,6,84,7,#006e6e,0x3066,#006b6b
103,68,1,79,2,#005e5e,0x3055,#005a5a
103,68,2,80,3,#006666,0x0066,#006363
103,68,3,84,7,#006e6e,0x3066,#006b6b
103,69,1,90,13,#003f3f,0x0044,#004242
103,70,1,85,8,#006666,0x0066,#006363
103,70,2,86,9,#005e5e,0x3055,#005a5a
103,70,3,87,10,#005656,0x0055,#005252
103,70,4,88,11,#004f4f,0x0055,#005252
103,70,5,89,12,#004747,0x3044,#004a4a
103,70,6,95,18,#001717,0x3011,#001919
103,70,7,96,19,#000f0f,0x0011,#001010
103,74,1,84,7,#006e6e,0x3066,#006b6b
103,74,2,85,8,#006666,0x0066,#006363
103,74,3,86,9,#005e5e,0x3055,#005a5a
103,74,4,87,10,#005656,0x0055,#005252
103,74,5,88,11,#004f4f,0x0055,#005252
103,74,6,89,12,#004747,0x3044,#004a4a
103,76,1,77,0,#004f4f,0x0055,#005252
103,76,2,78,1,#005656,0x0055,#005252
103,76,3,79,2,#005e5e,0x3055,#005a5a
103,79,1,84,7,#006e6e,0x3066,#006b6b
103,79,2,85,8,#006666,0x0066,#006363
103,79,3,86,9,#005e5e,0x3055,#005a5a
103,79,4,87,10,#005656,0x0055,#005252
104,34,1,77,0,#005656,0x0055,#005252
104,34,2,78,1,#005e5e,0x3055,#005a5a
104,34,3,79,2,#006666,0x0066,#006363
104,35,1,78,1,#005e5e,0x3055,#005a5a
104,35,2,79,2,#006666,0x0066,#006363
104,36,1,84,7,#006666,0x0066,#006363
104,36,2,85,8,#005e5e,0x3055,#005a5a
104,36,3,86,9,#005656,0x0055,#005252
104,36,4,87,10,#004f4f,0x0055,#005252
104,37,1,84,7,#006666,0x0066,#006363
104,37,2,85,8,#005e5e,0x3055,#005a5a
104,37,3,86,9,#005656,0x0055,#005252
104,37,4,87,10,#004f4f,0x0055,#005252
104,37,5,88,11,#004747,0x3044,#004a4a
104,38,1,79,2,#006666,0x0066,#006363
104,38,2,80,3,#006e6e,0x3066,#006b6b
104,38,3,81,4,#007676,0x0077,#007373
104,38,4,82,5,#007676,0x0077,#007373
104,38,5,83,6,#006e6e,0x3066,#006b6b
104,38,6,84,7,#006666,0x0066,#006363
104,49,1,79,2,#006666,0x0066,#006363
104,49,2,80,3,#006e6e,0x3066,#006b6b
104,49,3,81,4,#007676,0x0077,#007373
104,49,4,82,5,#007676,0x0077,#007373
104,49,5,83,6,#006e6e,0x3066,#006b6b
104,49,6,84,7,#006666,0x0066,#006363
104,50,1,90,13,#003737,0x3033,#003a3a
104,50,2,94,17,#001717,0x3011,#001919
104,50,3,95,18,#000f0f,0x0011,#001010
104,56,1,77,0,#005656,0x0055,#005252
104,56,2,78,1,#005e5e,0x3055,#005a5a
104,56,3,79,2,#006666,0x0066,#006363
104,59,1,77,0,#005656,0x0055,#005252
104,59,2,78,1,#005e5e,0x3055,#005a5a
104,59,3,79,2,#006666,0x0066,#006363
104,60,1,83,6,#006e6e,0x3066,#006b6b
104,60,2,84,7,#006666,0x0066,#006363
104,62,1,79,2,#006666,0x0066,#006363
104,62,2,80,3,#006e6e,0x3066,#006b6b
104,62,3,81,4,#007676,0x0077,#007373
104,62,4,82,5,#007676,0x0077,#007373
104,62,5,83,6,#006e6e,0x3066,#006b6b
104,62,6,84,7,#006666,0x0066,#006363
104,63,1,84,7,#006666,0x0066,#006363
104,63,2,85,8,#005e5e,0x3055,#005a5a
104,63,3,86,9,#005656,0x0055,#005252
104,63,4,87,10,#004f4f,0x0055,#005252
104,63,5,90,13,#003737,0x3033,#003a3a
104,63,6,91,14,#002f2f,0x0033,#003131
104,64,1,84,7,#006666,0x0066,#006363
104,64,2,85,8,#005e5e,0x3055,#005a5a
104,64,3,86,9,#005656,0x0055,#005252
104,64,4,87,10,#004f4f,0x0055,#005252
104,64,5,88,11,#004747,0x3044,#004a4a
104,64,6,89,12,#003f3f,0x0044,#004242
104,65,1,90,13,#003737,0x3033,#003a3a
104,65,2,91,14,#002f2f,0x0033,#003131
104,65,3,92,15,#002727,0x3022,#002929
104,65,4,93,16,#001f1f,0x0022,#002121
104,65,5,94,17,#001717,0x3011,#001919
104,65,6,95,18,#000f0f,0x0011,#001010
104,66,1,79,2,#006666,0x0066,#006363
104,66,2,80,3,#006e6e,0x3066,#006b6b
104,66,3,81,4,#007676,0x0077,#007373
104,66,4,82,5,#007676,0x0077,#007373
104,66,5,83,6,#006e6e,0x3066,#006b6b
104,66,6,84,7,#006666,0x0066,#006363
104,68,1,79,2,#006666,0x0066,#006363
104,68,2,80,3,#006e6e,0x3066,#006b6b
104,68,3,84,7,#006666,0x0066,#006363
104,69,1,90,13,#003737,0x3033,#003a3a
104,70,1,85,8,#005e5e,0x3055,#005a5a
104,70,2,86,9,#005656,0x0055,#005252
104,70,3,87,10,#004f4f,0x0055,#005252
104,70,4,88,11,#004747,0x3044,#004a4a
104,70,5,89,12,#003f3f,0x0044,#004242
104,70,6,95,18,#000f0f,0x0011,#001010
104,70,7,96,19,#003200,0x0030,#003100
104,74,1,84,7,#006666,0x0066,#006363
104,74,2,85,8,#005e5e,0x3055,#005a5a
104,74,3,86,9,#005656,0x0055,#005252
104,74,4,87,10,#004f4f,0x0055,#005252
104,74,5,88,11,#004747,0x3044,#004a4a
104,74,6,89,12,#003f3f,0x0044,#004242
104,76,1,77,0,#005656,0x0055,#005252
104,76,2,78,1,#005e5e,0x3055,#005a5a
104,76,3,79,2,#006666,0x0066,#006363
104,79,1,84,7,#006666,0x0066,#006363
104,79,2,85,8,#005e5e,0x3055,#005a5a
104,79,3,86,9,#005656,0x0055,#005252
104,79,4,87,10,#004f4f,0x0055,#005252
105,34,1,77,0,#005e5e,0x3055,#005a5a
105,34,2,78,1,#006666,0x0066,#006363
105,34,3,79,2,#006e6e,0x3066,#006b6b
105,35,1,78,1,#006666,0x0066,#006363
105,35,2,79,2,#006e6e,0x3066,#006b6b
105,36,1,84,7,#005e5e,0x3055,#005a5a
105,36,2,85,8,#005656,0x0055,#005252
105,36,3,86,9,#004f4f,0x0055,#005252
105,36,4,87,10,#004747,0x3044,#004a4a
105,37,1,84,7,#005e5e,0x3055,#005a5a
105,37,2,85,8,#005656,0x0055,#005252
105,37,3,86,9,#004f4f,0x0055,#005252
105,37,4,87,10,#004747,0x3044,#004a4a
105,37,5,88,11,#003f3f,0x0044,#004242
105,38,1,79,2,#006e6e,0x3066,#006b6b
105,38,2,80,3,#007676,0x0077,#007373
105,38,3,81,4,#007676,0x0077,#007373
105,38,4,82,5,#006e6e,0x3066,#006b6b
105,38,5,83,6,#006666,0x0066,#006363
105,38,6,84,7,#005e5e,0x3055,#005a5a
105,49,1,79,2,#006e6e,0x3066,#006b6b
105,49,2,80,3,#007676,0x0077,#007373
105,49,3,81,4,#007676,0x0077,#007373
105,49,4,82,5,#006e6e,0x3066,#006b6b
105,49,5,83,6,#006666,0x0066,#006363
105,49,6,84,7,#005e5e,0x3055,#005a5a
105,50,1,90,13,#002f2f,0x0033,#003131
105,50,2,94,17,#000f0f,0x0011,#001010
105,50,3,95,18,#003200,0x0030,#003100
105,56,1,77,0,#005e5e,0x3055,#005a5a
105,56,2,78,1,#006666,0x0066,#006363
105,56,3,79,2,#006e6e,0x3066,#006b6b
105,59,1,77,0,#005e5e,0x3055,#005a5a
105,59,2,78,1,#006666,0x0066,#006363
105,59,3,79,2,#006e6e,0x3066,#006b6b
105,60,1,83,6,#006666,0x0066,#006363
105,60,2,84,7,#005e5e,0x3055,#005a5a
105,62,1,79,2,#006e6e,0x3066,#006b6b
105,62,2,80,3,#007676,0x0077,#007373
105,62,3,81,4,#007676,0x0077,#007373
105,62,4,82,5,#006e6e,0x3066,#006b6b
105,62,5,83,6,#006666,0x0066,#006363
105,62,6,84,7,#005e5e,0x3055,#005a5a
105,63,1,84,7,#005e5e,0x3055,#005a5a
105,63,2,85,8,#005656,0x0055,#005252
105,63,3,86,9,#004f4f,0x0055,#005252
105,63,4,87,10,#004747,0x3044,#004a4a
105,63,5,90,13,#002f2f,0x0033,#003131
105,63,6,91,14,#002727,0x3022,#002929
105,64,1,84,7,#005e5e,0x3055,#005a5a
105,64,2,85,8,#005656,0x0055,#005252
105,64,3,86,9,#004f4f,0x0055,#005252
105,64,4,87,10,#004747,0x3044,#004a4a
105,64,5,88,11,#003f3f,0x0044,#004242
105,64,6,89,12,#003737,0x3033,#003a3a
105,65,1,90,13,#002f2f,0x0033,#003131
105,65,2,91,14,#002727,0x3022,#002929
105,65,3,92,15,#001f1f,0x0022,#002121
105,65,4,93,16,#001717,0x3011,#001919
105,65,5,94,17,#000f0f,0x0011,#001010
105,65,6,95,18,#003200,0x0030,#003100
105,66,1,79,2,#006e6e,0x3066,#006b6b
105,66,2,80,3,#007676,0x0077,#007373
105,66,3,81,4,#007676,0x0077,#007373
105,66,4,82,5,#006e6e,0x3066,#006b6b
105,66,5,83,6,#006666,0x0066,#006363
105,66,6,84,7,#005e5e,0x3055,#005a5a
105,68,1,79,2,#006e6e,0x3066,#006b6b
105,68,2,80,3,#007676,0x0077,#007373
105,68,3,84,7,#005e5e,0x3055,#005a5a
105,69,1,90,13,#002f2f,0x0033,#003131
105,70,1,85,8,#005656,0x0055,#005252
105,70,2,86,9,#004f4f,0x0055,#005252
105,70,3,87,10,#004747,0x3044,#004a4a
105,70,4,88,11,#003f3f,0x0044,#004242
105,70,5,89,12,#003737,0x3033,#003a3a
105,70,6,95,18,#003200,0x0030,#003100
105,70,7,96,19,#004300,0x0040,#004200
105,74,1,84,7,#005e5e,0x3055,#005a5a
105,74,2,85,8,#005656,0x0055,#005252
105,74,3,86,9,#004f4f,0x0055,#005252
105,74,4,87,10,#004747,0x3044,#004a4a
105,74,5,88,11,#003f3f,0x0044,#004242
105,74,6,89,12,#003737,0x3033,#003a3a
105,76,1,77,0,#005e5e,0x3055,#005a5a
105,76,2,78,1,#006666,0x0066,#006363
105,76,3,79,2,#006e6e,0x3066,#006b6b
105,79,1,84,7,#005e5e,0x3055,#005a5a
105,79,2,85,8,#005656,0x0055,#005252
105,79,3,86,9,#004f4f,0x0055,#005252
105,79,4,87,10,#004747,0x3044,#004a4a
106,34,1,77,0,#006666,0x0066,#006363
106,34,2,78,1,#006e6e,0x3066,#006b6b
106,34,3,79,2,#007676,0x0077,#007373
106,35,1,78,1,#006e6e,0x3066,#006b6b
106,35,2,79,2,#007676,0x0077,#007373
106,36,1,84,7,#005656,0x0055,#005252
106,36,2,85,8,#004f4f,0x0055,#005252
106,36,3,86,9,#004747,0x3044,#004a4a
106,36,4,87,10,#003f3f,0x0044,#004242
106,37,1,84,7,#005656,0x0055,#005252
106,37,2,85,8,#004f4f,0x0055,#005252
106,37,3,86,9,#004747,0x3044,#004a4a
106,37,4,87,10,#003f3f,0x0044,#004242
106,37,5,88,11,#003737,0x3033,#003a3a
106,38,1,79,2,#007676,0x0077,#007373
106,38,2,80,3,#007676,0x0077,#007373
106,38,3,81,4,#006e6e,0x3066,#006b6b
106,38,4,82,5,#006666,0x0066,#006363
106,38,5,83,6,#005e5e,0x3055,#005a5a
106,38,6,84,7,#005656,0x0055,#005252
106,49,1,79,2,#007676,0x0077,#007373
106,49,2,80,3,#007676,0x0077,#007373
106,49,3,81,4,#006e6e,0x3066,#006b6b
106,49,4,82,5,#006666,0x0066,#006363
106,49,5,83,6,#005e5e,0x3055,#005a5a
106,49,6,84,7,#005656,0x0055,#005252
106,50,1,90,13,#002727,0x3022,#002929
106,50,2,94,17,#003200,0x0030,#003100
106,50,3,95,18,#004300,0x0040,#004200
106,56,1,77,0,#006666,0x0066,#006363
106,56,2,78,1,#006e6e,0x3066,#006b6b
106,56,3,79,2,#007676,0x0077,#007373
106,59,1,77,0,#006666,0x0066,#006363
106,59,2,78,1,#006e6e,0x3066,#006b6b
106,59,3,79,2,#007676,0x0077,#007373
106,60,1,83,6,#005e5e,0x3055,#005a5a
106,60,2,84,7,#005656,0x0055,#005252
106,62,1,79,2,#007676,0x0077,#007373
106,62,2,80,3,#007676,0x0077,#007373
106,62,3,81,4,#006e6e,0x3066,#006b6b
106,62,4,82,5,#006666,0x0066,#006363
106,62,5,83,6,#005e5e,0x3055,#005a5a
106,62,6,84,7,#005656,0x0055,#005252
106,63,1,84,7,#005656,0x0055,#005252
106,63,2,85,8,#004f4f,0x0055,#005252
106,63,3,86,9,#004747,0x3044,#004a4a
106,63,4,87,10,#003f3f,0x0044,#004242
106,63,5,90,13,#002727,0x3022,#002929
106,63,6,91,14,#001f1f,0x0022,#002121
106,64,1,84,7,#005656,0x0055,#005252
106,64,2,85,8,#004f4f,0x0055,#005252
106,64,3,86,9,#004747,0x3044,#004a4a
106,64,4,87,10,#003f3f,0x0044,#004242
106,64,5,88,11,#003737,0x3033,#003a3a
106,64,6,89,12,#002f2f,0x0033,#003131
106,65,1,90,13,#002727,0x3022,#002929
106,65,2,91,14,#001f1f,0x0022,#002121
106,65,3,92,15,#001717,0x3011,#001919
106,65,4,93,16,#000f0f,0x0011,#001010
106,65,5,94,17,#003200,0x0030,#003100
106,65,6,95,18,#004300,0x0040,#004200
106,66,1,79,2,#007676,0x0077,#007373
106,66,2,80,3,#007676,0x0077,#007373
106,66,3,81,4,#006e6e,0x3066,#006b6b
106,66,4,82,5,#006666,0x0066,#006363
106,66,5,83,6,#005e5e,0x3055,#005a5a
106,66,6,84,7,#005656,0x0055,#005252
106,68,1,79,2,#007676,0x0077,#007373
106,68,2,80,3,#007676,0x0077,#007373
106,68,3,84,7,#005656,0x0055,#005252
106,69,1,90,13,#002727,0x3022,#002929
106,70,1,85,8,#004f4f,0x0055,#005252
106,70,2,86,9,#004747,0x3044,#004a4a
106,70,3,87,10,#003f3f,0x0044,#004242
106,70,4,88,11,#003737,0x3033,#003a3a
106,70,5,89,12,#002f2f,0x0033,#003131
106,70,6,95,18,#004300,0x0040,#004200
106,70,7,96,19,#005400,0x0050,#005200
106,74,1,84,7,#005656,0x0055,#005252
106,74,2,85,8,#004f4f,0x0055,#005252
106,74,3,86,9,#004747,0x3044,#004a4a
106,74,4,87,10,#003f3f,0x0044,#004242
106,74,5,88,11,#003737,0x3033,#003a3a
106,74,6,89,12,#002f2f,0x0033,#003131
106,76,1,77,0,#006666,0x0066,#006363
106,76,2,78,1,#006e6e,0x3066,#006b6b
106,76,3,79,2,#007676,0x0077,#007373
106,79,1,84,7,#005656,0x0055,#005252
106,79,2,85,8,#004f4f,0x0055,#005252
106,79,3,86,9,#004747,0x3044,#004a4a
106,79,4,87,10,#003f3f,0x0044,#004242
107,34,1,77,0,#006e6e,0x3066,#006b6b
107,34,2,78,1,#007676,0x0077,#007373
107,34,3,79,2,#007676,0x0077,#007373
107,35,1,78,1,#007676,0x0077,#007373
107,35,2,79,2,#007676,0x0077,#007373
107,36,1,84,7,#004f4f,0x0055,#005252
107,36,2,85,8,#004747,0x3044,#004a4a
107,36,3,86,9,#003f3f,0x0044,#004242
107,36,4,87,10,#003737,0x3033,#003a3a
107,37,1,84,7,#004f4f,0x0055,#005252
107,37,2,85,8,#004747,0x3044,#004a4a
107,37,3,86,9,#003f3f,0x0044,#004242
107,37,4,87,10,#003737,0x3033,#003a3a
107,37,5,88,11,#002f2f,0x0033,#003131
107,38,1,79,2,#007676,0x0077,#007373
107,38,2,80,3,#006e6e,0x3066,#006b6b
107,38,3,81,4,#006666,0x0066,#006363
107,38,4,82,5,#005e5e,0x3055,#005a5a
107,38,5,83,6,#005656,0x0055,#005252
107,38,6,84,7,#004f4f,0x0055,#005252
107,49,1,79,2,#007676,0x0077,#007373
107,49,2,80,3,#006e6e,0x3066,#006b6b
107,49,3,81,4,#006666,0x0066,#006363
107,49,4,82,5,#005e5e,0x3055,#005a5a
107,49,5,83,6,#005656,0x0055,#005252
107,49,6,84,7,#004f4f,0x0055,#005252
107,50,1,90,13,#001f1f,0x0022,#002121
107,50,2,94,17,#004300,0x0040,#004200
107,50,3,95,18,#005400,0x0050,#005200
107,56,1,77,0,#006e6e,0x3066,#006b6b
107,56,2,78,1,#007676,0x0077,#007373
107,56,3,79,2,#007676,0x0077,#007373
107,59,1,77,0,#006e6e,0x3066,#006b6b
107,59,2,78,1,#007676,0x0077,#007373
107,59,3,79,2,#007676,0x0077,#007373
107,60,1,83,6,#005656,0x0055,#005252
107,60,2,84,7,#004f4f,0x0055,#005252
107,62,1,79,2,#007676,0x0077,#007373
107,62,2,80,3,#006e6e,0x3066,#006b6b
107,62,3,81,4,#006666,0x0066,#006363
107,62,4,82,5,#005e5e,0x3055,#005a5a
107,62,5,83,6,#005656,0x0055,#005252
107,62,6,84,7,#004f4f,0x0055,#005252
107,63,1,84,7,#004f4f,0x0055,#005252
107,63,2,85,8,#004747,0x3044,#004a4a
107,63,3,86,9,#003f3f,0x0044,#004242
107,63,4,87,10,#003737,0x3033,#003a3a
107,63,5,90,13,#001f1f,0x0022,#002121
107,63,6,91,14,#001717,0x3011,#001919
107,64,1,84,7,#004f4f,0x0055,#005252
107,64,2,85,8,#004747,0x3044,#004a4a
107,64,3,86,9,#003f3f,0x0044,#004242
107,64,4,87,10,#003737,0x3033,#003a3a
107,64,5,88,11,#002f2f,0x0033,#003131
107,64,6,89,12,#002727,0x3022,#002929
107,65,1,90,13,#001f1f,0x0022,#002121
107,65,2,91,14,#001717,0x3011,#001919
107,65,3,92,15,#000f0f,0x0011,#001010
107,65,4,93,16,#003200,0x0030,#003100
107,65,5,94,17,#004300,0x0040,#004200
107,65,6,95,18,#005400,0x0050,#005200
107,66,1,79,2,#007676,0x0077,#007373
107,66,2,80,3,#006e6e,0x3066,#006b6b
107,66,3,81,4,#006666,0x0066,#006363
107,66,4,82,5,#005e5e,0x3055,#005a5a
107,66,5,83,6,#005656,0x0055,#005252
107,66,6,84,7,#004f4f,0x0055,#005252
107,68,1,79,2,#007676,0x0077,#007373
107,68,2,80,3,#006e6e,0x3066,#006b6b
107,68,3,84,7,#004f4f,0x0055,#005252
107,69,1,90,13,#001f1f,0x0022,#002121
107,70,1,85,8,#004747,0x3044,#004a4a
107,70,2,86,9,#003f3f,0x0044,#004242
107,70,3,87,10,#003737,0x3033,#003a3a
107,70,4,88,11,#002f2f,0x0033,#003131
107,70,5,89,12,#002727,0x3022,#002929
107,70,6,95,18,#005400,0x0050,#005200
107,70,7,96,19,#006500,0x0060,#006300
107,74,1,84,7,#004f4f,0x0055,#005252
107,74,2,85,8,#004747,0x3044,#004a4a
107,74,3,86,9,#003f3f,0x0044,#004242
107,74,4,87,10,#003737,0x3033,#003a3a
107,74,5,88,11,#002f2f,0x0033,#003131
107,74,6,89,12,#002727,0x3022,#002929
107,76,1,77,0,#006e6e,0x3066,#006b6b
107,76,2,78,1,#007676,0x0077,#007373
107,76,3,79,2,#007676,0x0077,#007373
107,79,1,84,7,#004f4f,0x0055,#005252
107,79,2,85,8,#004747,0x3044,#004a4a
107,79,3,86,9,#003f3f,0x0044,#004242
107,79,4,87,10,#003737,0x3033,#003a3a
108,34,1,77,0,#007676,0x0077,#007373
108,34,2,78,1,#007676,0x0077,#007373
108,34,3,79,2,#006e6e,0x3066,#006b6b
108,35,1,78,1,#007676,0x0077,#007373
108,35,2,79,2,#006e6e,0x3066,#006b6b
108,36,1,84,7,#004747,0x3044,#004a4a
108,36,2,85,8,#003f3f,0x0044,#004242
108,36,3,86,9,#003737,0x3033,#003a3a
108,36,4,87,10,#002f2f,0x0033,#003131
108,37,1,84,7,#004747,0x3044,#004a4a
108,37,2,85,8,#003f3f,0x0044,#004242
108,37,3,86,9,#003737,0x3033,#003a3a
108,37,4,87,10,#002f2f,0x0033,#003131
108,37,5,88,11,#002727,0x3022,#002929
108,38,1,79,2,#006e6e,0x3066,#006b6b
108,38,2,80,3,#006666,0x0066,#006363
108,38,3,81,4,#005e5e,0x3055,#005a5a
108,38,4,82,5,#005656,0x0055,#005252
108,38,5,83,6,#004f4f,0x0055,#005252
108,38,6,84,7,#004747,0x3044,#004a4a
108,49,1,79,2,#006e6e,0x3066,#006b6b
108,49,2,80,3,#006666,0x0066,#006363
108,49,3,81,4,#005e5e,0x3055,#005a5a
108,49,4,82,5,#005656,0x0055,#005252
108,49,5,83,6,#004f4f,0x0055,#005252
108,49,6,84,7,#004747,0x3044,#004a4a
108,50,1,90,13,#001717,0x3011,#001919
108,50,2,94,17,#005400,0x0050,#005200
108,50,3,95,18,#006500,0x0060,#006300
108,56,1,77,0,#007676,0x0077,#007373
108,56,2,78,1,#007676,0x0077,#007373
108,56,3,79,2,#006e6e,0x3066,#006b6b
108,59,1,77,0,#007676,0x0077,#007373
108,59,2,78,1,#007676,0x0077,#007373
108,59,3,79,2,#006e6e,0x3066,#006b6b
108,60,1,83,6,#004f4f,0x0055,#005252
108,60,2,84,7,#004747,0x3044,#004a4a
108,62,1,79,2,#006e6e,0x3066,#006b6b
108,62,2,80,3,#006666,0x0066,#006363
108,62,3,81,4,#005e5e,0x3055,#005a5a
108,62,4,82,5,#005656,0x0055,#005252
108,62,5,83,6,#004f4f,0x0055,#005252
108,62,6,84,7,#004747,0x3044,#004a4a
108,63,1,84,7,#004747,0x3044,#004a4a
108,63,2,85,8,#003f3f,0x0044,#004242
108,63,3,86,9,#003737,0x3033,#003a3a
108,63,4,87,10,#002f2f,0x0033,#003131
108,63,5,90,13,#001717,0x3011,#001919
108,63,6,91,14,#000f0f,0x0011,#001010
108,64,1,84,7,#004747,0x3044,#004a4a
108,64,2,85,8,#003f3f,0x0044,#004242
108,64,3,86,9,#003737,0x3033,#003a3a
108,64,4,87,10,#002f2f,0x0033,#003131
108,64,5,88,11,#002727,0x3022,#002929
108,64,6,89,12,#001f1f,0x0022,#002121
108,65,1,90,13,#001717,0x3011,#001919
108,65,2,91,14,#000f0f,0x0011,#001010
108,65,3,92,15,#003200,0x0030,#003100
108,65,4,93,16,#004300,0x0040,#004200
108,65,5,94,17,#005400,0x0050,#005200
108,65,6,95,18,#006500,0x0060,#006300
108,66,1,79,2,#006e6e,0x3066,#006b6b
108,66,2,80,3,#006666,0x0066,#006363
108,66,3,81,4,#005e5e,0x3055,#005a5a
108,66,4,82,5,#005656,0x0055,#005252
108,66,5,83,6,#004f4f,0x0055,#005252
108,66,6,84,7,#004747,0x3044,#004a4a
108,68,1,79,2,#006e6e,0x3066,#006b6b
108,68,2,80,3,#006666,0x0066,#006363
108,68,3,84,7,#004747,0x3044,#004a4a
108,69,1,90,13,#001717,0x3011,#001919
108,70,1,85,8,#003f3f,0x0044,#004242
108,70,2,86,9,#003737,0x3033,#003a3a
108,70,3,87,10,#002f2f,0x0033,#003131
108,70,4,88,11,#002727,0x3022,#002929
108,70,5,89,12,#001f1f,0x0022,#002121
108,70,6,95,18,#006500,0x0060,#006300
108,70,7,96,19,#007600,0x0070,#007300
108,74,1,84,7,#004747,0x3044,#004a4a
108,74,2,85,8,#003f3f,0x0044,#004242
108,74,3,86,9,#003737,0x3033,#003a3a
108,74,4,87,10,#002f2f,0x0033,#003131
108,74,5,88,11,#002727,0x3022,#002929
108,74,6,89,12,#001f1f,0x0022,#002121
108,76,1,77,0,#007676,0x0077,#007373
108,76,2,78,1,#007676,0x0077,#007373
108,76,3,79,2,#006e6e,0x3066,#006b6b
108,79,1,84,7,#004747,0x3044,#004a4a
108,79,2,85,8,#003f3f,0x0044,#004242
108,79,3,86,9,#003737,0x3033,#003a3a
108,79,4,87,10,#002f2f,0x0033,#003131
109,34,1,77,0,#007676,0x0077,#007373
109,34,2,78,1,#006e6e,0x3066,#006b6b
109,34,3,79,2,#006666,0x0066,#006363
109,35,1,78,1,#006e6e,0x3066,#006b6b
109,35,2,79,2,#006666,0x0066,#006363
109,36,1,84,7,#003f3f,0x0044,#004242
109,36,2,85,8,#003737,0x3033,#003a3a
109,36,3,86,9,#002f2f,0x0033,#003131
109,36,4,87,10,#002727,0x3022,#002929
109,37,1,84,7,#003f3f,0x0044,#004242
109,37,2,85,8,#003737,0x3033,#003a3a
109,37,3,86,9,#002f2f,0x0033,#003131
109,37,4,87,10,#002727,0x3022,#002929
109,37,5,88,11,#001f1f,0x0022,#002121
109,38,1,79,2,#006666,0x0066,#006363
109,38,2,80,3,#005e5e,0x3055,#005a5a
109,38,3,81,4,#005656,0x0055,#005252
109,38,4,82,5,#004f4f,0x0055,#005252
109,38,5,83,6,#004747,0x3044,#004a4a
109,38,6,84,7,#003f3f,0x0044,#004242
109,49,1,79,2,#006666,0x0066,#006363
109,49,2,80,3,#005e5e,0x3055,#005a5a
109,49,3,81,4,#005656,0x0055,#005252
109,49,4,82,5,#004f4f,0x0055,#005252
109,49,5,83,6,#004747,0x3044,#004a4a
109,49,6,84,7,#003f3f,0x0044,#004242
109,50,1,90,13,#000f0f,0x0011,#001010
109,50,2,94,17,#006500,0x0060,#006300
109,50,3,95,18,#007600,0x0070,#007300
109,56,1,77,0,#007676,0x0077,#007373
109,56,2,78,1,#006e6e,0x3066,#006b6b
109,56,3,79,2,#006666,0x0066,#006363
109,59,1,77,0,#007676,0x0077,#007373
109,59,2,78,1,#006e6e,0x3066,#006b6b
109,59,3,79,2,#006666,0x0066,#006363
109,60,1,83,6,#004747,0x3044,#004a4a
109,60,2,84,7,#003f3f,0x0044,#004242
109,62,1,79,2,#006666,0x0066,#006363
109,62,2,80,3,#005e5e,0x3055,#005a5a
109,62,3,81,4,#005656,0x0055,#005252
109,62,4,82,5,#004f4f,0x0055,#005252
109,62,5,83,6,#004747,0x3044,#004a4a
109,62,6,84,7,#003f3f,0x0044,#004242
109,63,1,84,7,#003f3f,0x0044,#004242
109,63,2,85,8,#003737,0x3033,#003a3a
109,63,3,86,9,#002f2f,0x0033,#003131
109,63,4,87,10,#002727,0x3022,#002929
109,63,5,90,13,#000f0f,0x0011,#001010
109,63,6,91,14,#003200,0x0030,#003100
109,64,1,84,7,#003f3f,0x0044,#004242
109,64,2,85,8,#003737,0x3033,#003a3a
109,64,3,86,9,#002f2f,0x0033,#003131
109,64,4,87,10,#002727,0x3022,#002929
109,64,5,88,11,#001f1f,0x0022,#002121
109,64,6,89,12,#001717,0x3011,#001919
109,65,1,90,13,#000f0f,0x0011,#001010
109,65,2,91,14,#003200,0x0030,#003100
109,65,3,92,15,#004300,0x0040,#004200
109,65,4,93,16,#005400,0x0050,#005200
109,65,5,94,17,#006500,0x0060,#006300
109,65,6,95,18,#007600,0x0070,#007300
109,66,1,79,2,#006666,0x0066,#006363
109,66,2,80,3,#005e5e,0x3055,#005a5a
109,66,3,81,4,#005656,0x0055,#005252
109,66,4,82,5,#004f4f,0x0055,#005252
109,66,5,83,6,#004747,0x3044,#004a4a
109,66,6,84,7,#003f3f,0x0044,#004242
109,68,1,79,2,#006666,0x0066,#006363
109,68,2,80,3,#005e5e,0x3055,#005a5a
109,68,3,84,7,#003f3f,0x0044,#004242
109,69,1,90,13,#000f0f,0x0011,#001010
109,70,1,85,8,#003737,0x3033,#003a3a
109,70,2,86,9,#002f2f,0x0033,#003131
109,70,3,87,10,#002727,0x3022,#002929
109,70,4,88,11,#001f1f,0x0022,#002121
109,70,5,89,12,#001717,0x3011,#001919
109,70,6,95,18,#007600,0x0070,#007300
109,70,7,96,19,#008700,0x0080,#008400
109,74,1,84,7,#003f3f,0x0044,#004242
109,74,2,85,8,#003737,0x3033,#003a3a
109,74,3,86,9,#002f2f,0x0033,#003131
109,74,4,87,10,#002727,0x3022,#002929
109,74,5,88,11,#001f1f,0x0022,#002121
109,74,6,89,12,#001717,0x3011,#001919
109,76,1,77,0,#007676,0x0077,#007373
109,76,2,78,1,#006e6e,0x3066,#006b6b
109,76,3,79,2,#006666,0x0066,#006363
109,79,1,84,7,#003f3f,0x0044,#004242
109,79,2,85,8,#003737,0x3033,#003a3a
109,79,3,86,9,#002f2f,0x0033,#003131
109,79,4,87,10,#002727,0x3022,#002929
110,34,1,77,0,#006e6e,0x3066,#006b6b
110,34,2,78,1,#006666,0x0066,#006363
110,34,3,79,2,#005e5e,0x3055,#005a5a
110,35,1,78,1,#006666,0x0066,#006363
110,35,2,79,2,#005e5e,0x3055,#005a5a
110,36,1,84,7,#003737,0x3033,#003a3a
110,36,2,85,8,#002f2f,0x0033,#003131
110,36,3,86,9,#002727,0x3022,#002929
110,36,4,87,10,#001f1f,0x0022,#002121
110,37,1,84,7,#003737,0x3033,#003a3a
110,37,2,85,8,#002f2f,0x0033,#003131
110,37,3,86,9,#002727,0x3022,#002929
110,37,4,87,10,#001f1f,0x0022,#002121
110,37,5,88,11,#001717,0x3011,#001919
110,38,1,79,2,#005e5e,0x3055,#005a5a
110,38,2,80,3,#005656,0x0055,#005252
110,38,3,81,4,#004f4f,0x0055,#005252
110,38,4,82,5,#004747,0x3044,#004a4a
110,38,5,83,6,#003f3f,0x0044,#004242
110,38,6,84,7,#003737,0x3033,#003a3a
110,49,1,79,2,#005e5e,0x3055,#005a5a
110,49,2,80,3,#005656,0x0055,#005252
110,49,3,81,4,#004f4f,0x0055,#005252
110,49,4,82,5,#004747,0x3044,#004a4a
110,49,5,83,6,#003f3f,0x0044,#004242
110,49,6,84,7,#003737,0x3033,#003a3a
110,50,1,90,13,#003200,0x0030,#003100
110,50,2,94,17,#007600,0x0070,#007300
110,50,3,95,18,#008700,0x0080,#008400
110,56,1,77,0,#006e6e,0x3066,#006b6b
110,56,2,78,1,#006666,0x0066,#006363
110,56,3,79,2,#005e5e,0x3055,#005a5a
110,59,1,77,0,#006e6e,0x3066,#006b6b
110,59,2,78,1,#006666,0x0066,#006363
110,59,3,79,2,#005e5e,0x3055,#005a5a
110,60,1,83,6,#003f3f,0x0044,#004242
110,60,2,84,7,#003737,0x3033,#003a3a
110,62,1,79,2,#005e5e,0x3055,#005a5a
110,62,2,80,3,#005656,0x0055,#005252
110,62,3,81,4,#004f4f,0x0055,#005252
110,62,4,82,5,#004747,0x3044,#004a4a
110,62,5,83,6,#003f3f,0x0044,#004242
110,62,6,84,7,#003737,0x3033,#003a3a
110,63,1,84,7,#003737,0x3033,#003a3a
110,63,2,85,8,#002f2f,0x0033,#003131
110,63,3,86,9,#002727,0x3022,#002929
110,63,4,87,10,#001f1f,0x0022,#002121
110,63,5,90,13,#003200,0x0030,#003100
110,63,6,91,14,#004300,0x0040,#004200
110,64,1,84,7,#003737,0x3033,#003a3a
110,64,2,85,8,#002f2f,0x0033,#003131
110,64,3,86,9,#002727,0x3022,#002929
110,64,4,87,10,#001f1f,0x0022,#002121
110,64,5,88,11,#001717,0x3011,#001919
110,64,6,89,12,#000f0f,0x0011,#001010
110,65,1,90,13,#003200,0x0030,#003100
110,65,2,91,14,#004300,0x0040,#004200
110,65,3,92,15,#005400,0x0050,#005200
110,65,4,93,16,#006500,0x0060,#006300
110,65,5,94,17,#007600,0x0070,#007300
110,65,6,95,18,#008700,0x0080,#008400
110,66,1,79,2,#005e5e,0x3055,#005a5a
110,66,2,80,3,#005656,0x0055,#005252
110,66,3,81,4,#004f4f,0x0055,#005252
110,66,4,82,5,#004747,0x3044,#004a4a
110,66,5,83,6,#003f3f,0x0044,#004242
110,66,6,84,7,#003737,0x3033,#003a3a
110,68,1,79,2,#005e5e,0x3055,#005a5a
110,68,2,80,3,#005656,0x0055,#005252
110,68,3,84,7,#003737,0x3033,#003a3a
110,69,1,90,13,#003200,0x0030,#003100
110,70,1,85,8,#002f2f,0x0033,#003131
110,70,2,86,9,#002727,0x3022,#002929
110,70,3,87,10,#001f1f,0x0022,#002121
110,70,4,88,11,#001717,0x3011,#001919
110,70,5,89,12,#000f0f,0x0011,#001010
110,70,6,95,18,#008700,0x0080,#008400
110,70,7,96,19,#009800,0x0090,#009400
110,74,1,84,7,#003737,0x3033,#003a3a
110,74,2,85,8,#002f2f,0x0033,#003131
110,74,3,86,9,#002727,0x3022,#002929
110,74,4,87,10,#001f1f,0x0022,#002121
110,74,5,88,11,#001717,0x3011,#001919
110,74,6,89,12,#000f0f,0x0011,#001010
110,76,1,77,0,#006e6e,0x3066,#006b6b
110,76,2,78,1,#006666,0x0066,#006363
110,76,3,79,2,#005e5e,0x3055,#005a5a
110,79,1,84,7,#003737,0x3033,#003a3a
110,79,2,85,8,#002f2f,0x0033,#003131
110,79,3,86,9,#002727,0x3022,#002929
110,79,4,87,10,#001f1f,0x0022,#002121
111,34,1,77,0,#006666,0x0066,#006363
111,34,2,78,1,#005e5e,0x3055,#005a5a
111,34,3,79,2,#005656,0x0055,#005252
111,35,1,78,1,#005e5e,0x3055,#005a5a
111,35,2,79,2,#005656,0x0055,#005252
111,36,1,84,7,#002f2f,0x0033,#003131
111,36,2,85,8,#002727,0x3022,#002929
111,36,3,86,9,#001f1f,0x0022,#002121
111,36,4,87,10,#001717,0x3011,#001919
111,37,1,84,7,#002f2f,0x0033,#003131
111,37,2,85,8,#002727,0x3022,#002929
111,37,3,86,9,#001f1f,0x0022,#002121
111,37,4,87,10,#001717,0x3011,#001919
111,37,5,88,11,#000f0f,0x0011,#001010
111,38,1,79,2,#005656,0x0055,#005252
111,38,2,80,3,#004f4f,0x0055,#005252
111,38,3,81,4,#004747,0x3044,#004a4a
111,38,4,82,5,#003f3f,0x0044,#004242
111,38,5,83,6,#003737,0x3033,#003a3a
111,38,6,84,7,#002f2f,0x0033,#003131
111,49,1,79,2,#005656,0x0055,#005252
111,49,2,80,3,#004f4f,0x0055,#005252
111,49,3,81,4,#004747,0x3044,#004a4a
111,49,4,82,5,#003f3f,0x0044,#004242
111,49,5,83,6,#003737,0x3033,#003a3a
111,49,6,84,7,#002f2f,0x0033,#003131
111,50,1,90,13,#004300,0x0040,#004200
111,50,2,94,17,#008700,0x0080,#008400
111,50,3,95,18,#009800,0x0090,#009400
111,56,1,77,0,#006666,0x0066,#006363
111,56,2,78,1,#005e5e,0x3055,#005a5a
111,56,3,79,2,#005656,0x0055,#005252
111,59,1,77,0,#006666,0x0066,#006363
111,59,2,78,1,#005e5e,0x3055,#005a5a
111,59,3,79,2,#005656,0x0055,#005252
111,60,1,83,6,#003737,0x3033,#003a3a
111,60,2,84,7,#002f2f,0x0033,#003131
111,62,1,79,2,#005656,0x0055,#005252
111,62,2,80,3,#004f4f,0x0055,#005252
111,62,3,81,4,#004747,0x3044,#004a4a
111,62,4,82,5,#003f3f,0x0044,#004242
111,62,5,83,6,#003737,0x3033,#003a3a
111,62,6,84,7,#002f2f,0x0033,#003131
111,63,1,84,7,#002f2f,0x0033,#003131
111,63,2,85,8,#002727,0x3022,#002929
111,63,3,86,9,#001f1f,0x0022,#002121
111,63,4,87,10,#001717,0x3011,#001919
111,63,5,90,13,#004300,0x0040,#004200
111,63,6,91,14,#005400,0x0050,#005200
111,64,1,84,7,#002f2f,0x0033,#003131
111,64,2,85,8,#002727,0x3022,#002929
111,64,3,86,9,#001f1f,0x0022,#002121
111,64,4,87,10,#001717,0x3011,#001919
111,64,5,88,11,#000f0f,0x0011,#001010
111,64,6,89,12,#003200,0x0030,#003100
111,65,1,90,13,#004300,0x0040,#004200
111,65,2,91,14,#005400,0x0050,#005200
111,65,3,92,15,#006500,0x0060,#006300
111,65,4,93,16,#007600,0x0070,#007300
111,65,5,94,17,#008700,0x0080,#008400
111,65,6,95,18,#009800,0x0090,#009400
111,66,1,79,2,#005656,0x0055,#005252
111,66,2,80,3,#004f4f,0x0055,#005252
111,66,3,81,4,#004747,0x3044,#004a4a
111,66,4,82,5,#003f3f,0x0044,#004242
111,66,5,83,6,#003737,0x3033,#003a3a
111,66,6,84,7,#002f2f,0x0033,#003131
111,68,1,79,2,#005656,0x0055,#005252
111,68,2,80,3,#004f4f,0x0055,#005252
111,68,3,84,7,#002f2f,0x0033,#003131
111,69,1,90,13,#004300,0x0040,#004200
111,70,1,85,8,#002727,0x3022,#002929
111,70,2,86,9,#001f1f,0x0022,#002121
111,70,3,87,10,#001717,0x3011,#001919
111,70,4,88,11,#000f0f,0x0011,#001010
111,70,5,89,12,#003200,0x0030,#003100
111,70,6,95,18,#009800,0x0090,#009400
111,70,7,96,19,#00a900,0x20a0,#00ad00
111,74,1,84,7,#002f2f,0x0033,#003131
111,74,2,85,8,#002727,0x3022,#002929
111,74,3,86,9,#001f1f,0x0022,#002121
111,74,4,87,10,#001717,0x3011,#001919
111,74,5,88,11,#000f0f,0x0011,#001010
111,74,6,89,12,#003200,0x0030,#003100
111,76,1,77,0,#006666,0x0066,#006363
111,76,2,78,1,#005e5e,0x3055,#005a5a
111,76,3,79,2,#005656,0x0055,#005252
111,79,1,84,7,#002f2f,0x0033,#003131
111,79,2,85,8,#002727,0x3022,#002929
111,79,3,86,9,#001f1f,0x0022,#002121
111,79,4,87,10,#001717,0x3011,#001919
112,34,1,77,0,#005e5e,0x3055,#005a5a
112,34,2,78,1,#005656,0x0055,#005252
112,34,3,79,2,#004f4f,0x0055,#005252
112,35,1,78,1,#005656,0x0055,#005252
112,35,2,79,2,#004f4f,0x0055,#005252
112,36,1,84,7,#002727,0x3022,#002929
112,36,2,85,8,#001f1f,0x0022,#002121
112,36,3,86,9,#001717,0x3011,#001919
112,36,4,87,10,#000f0f,0x0011,#001010
112,37,1,84,7,#002727,0x3022,#002929
112,37,2,85,8,#001f1f,0x0022,#002121
112,37,3,86,9,#001717,0x3011,#001919
112,37,4,87,10,#000f0f,0x0011,#001010
112,37,5,88,11,#003200,0x0030,#003100
112,38,1,79,2,#004f4f,0x0055,#005252
112,38,2,80,3,#004747,0x3044,#004a4a
112,38,3,81,4,#003f3f,0x0044,#004242
112,38,4,82,5,#003737,0x3033,#003a3a
112,38,5,83,6,#002f2f,0x0033,#003131
112,38,6,84,7,#002727,0x3022,#002929
112,49,1,79,2,#004f4f,0x0055,#005252
112,49,2,80,3,#004747,0x3044,#004a4a
112,49,3,81,4,#003f3f,0x0044,#004242
112,49,4,82,5,#003737,0x3033,#003a3a
112,49,5,83,6,#002f2f,0x0033,#003131
112,49,6,84,7,#002727,0x3022,#002929
112,50,1,90,13,#005400,0x0050,#005200
112,50,2,94,17,#009800,0x0090,#009400
112,50,3,95,18,#00a900,0x20a0,#00ad00
112,56,1,77,0,#005e5e,0x3055,#005a5a
112,56,2,78,1,#005656,0x0055,#005252
112,56,3,79,2,#004f4f,0x0055,#005252
112,59,1,77,0,#005e5e,0x3055,#005a5a
112,59,2,78,1,#005656,0x0055,#005252
112,59,3,79,2,#004f4f,0x0055,#005252
112,60,1,83,6,#002f2f,0x0033,#003131
112,60,2,84,7,#002727,0x3022,#002929
112,62,1,79,2,#004f4f,0x0055,#005252
112,62,2,80,3,#004747,0x3044,#004a4a
112,62,3,81,4,#003f3f,0x0044,#004242
112,62,4,82,5,#003737,0x3033,#003a3a
112,62,5,83,6,#002f2f,0x0033,#003131
112,62,6,84,7,#002727,0x3022,#002929
112,63,1,84,7,#002727,0x3022,#002929
112,63,2,85,8,#001f1f,0x0022,#002121
112,63,3,86,9,#001717,0x3011,#001919
112,63,4,87,10,#000f0f,0x0011,#001010
112,63,5,90,13,#005400,0x0050,#005200
112,63,6,91,14,#006500,0x0060,#006300
112,64,1,84,7,#002727,0x3022,#002929
112,64,2,85,8,#001f1f,0x0022,#002121
112,64,3,86,9,#001717,0x3011,#001919
112,64,4,87,10,#000f0f,0x0011,#001010
112,64,5,88,11,#003200,0x0030,#003100
112,64,6,89,12,#004300,0x0040,#004200
112,65,1,90,13,#005400,0x0050,#005200
112,65,2,91,14,#006500,0x0060,#006300
112,65,3,92,15,#007600,0x0070,#007300
112,65,4,93,16,#008700,0x0080,#008400
112,65,5,94,17,#009800,0x0090,#009400
112,65,6,95,18,#00a900,0x20a0,#00ad00
112,66,1,79,2,#004f4f,0x0055,#005252
112,66,2,80,3,#004747,0x3044,#004a4a
112,66,3,81,4,#003f3f,0x0044,#004242
112,66,4,82,5,#003737,0x3033,#003a3a
112,66,5,83,6,#002f2f,0x0033,#003131
112,66,6,84,7,#002727,0x3022,#002929
112,68,1,79,2,#004f4f,0x0055,#005252
112,68,2,80,3,#004747,0x3044,#004a4a
112,68,3,84,7,#002727,0x3022,#002929
112,69,1,90,13,#005400,0x0050,#005200
112,70,1,85,8,#001f1f,0x0022,#002121
112,70,2,86,9,#001717,0x3011,#001919
112,70,3,87,10,#000f0f,0x0011,#001010
112,70,4,88,11,#003200,0x0030,#003100
112,70,5,89,12,#004300,0x0040,#004200
112,70,6,95,18,#00a900,0x20a0,#00ad00
112,70,7,96,19,#00ba00,0x20b0,#00bd00
112,74,1,84,7,#002727,0x3022,#002929
112,74,2,85,8,#001f1f,0x0022,#002121
112,74,3,86,9,#001717,0x3011,#001919
112,74,4,87,10,#000f0f,0x0011,#001010
112,74,5,88,11,#003200,0x0030,#003100
112,74,6,89,12,#004300,0x0040,#004200
112,76,1,77,0,#005e5e,0x3055,#005a5a
112,76,2,78,1,#005656,0x0055,#005252
112,76,3,79,2,#004f4f,0x0055,#005252
112,79,1,84,7,#002727,0x3022,#002929
112,79,2,85,8,#001f1f,0x0022,#002121
112,79,3,86,9,#001717,0x3011,#001919
112,79,4,87,10,#000f0f,0x0011,#001010
113,34,1,77,0,#005656,0x0055,#005252
113,34,2,78,1,#004f4f,0x0055,#005252
113,34,3,79,2,#004747,0x3044,#004a4a
113,35,1,78,1,#004f4f,0x0055,#005252
113,35,2,79,2,#004747,0x3044,#004a4a
113,36,1,84,7,#001f1f,0x0022,#002121
113,36,2,85,8,#001717,0x3011,#001919
113,36,3,86,9,#000f0f,0x0011,#001010
113,36,4,87,10,#003200,0x0030,#003100
113,37,1,84,7,#001f1f,0x0022,#002121
113,37,2,85,8,#001717,0x3011,#001919
113,37,3,86,9,#000f0f,0x0011,#001010
113,37,4,87,10,#003200,0x0030,#003100
113,37,5,88,11,#004300,0x0040,#004200
113,38,1,79,2,#004747,0x3044,#004a4a
113,38,2,80,3,#003f3f,0x0044,#004242
113,38,3,81,4,#003737,0x3033,#003a3a
113,38,4,82,5,#002f2f,0x0033,#003131
113,38,5,83,6,#002727,0x3022,#002929
113,38,6,84,7,#001f1f,0x0022,#002121
113,49,1,79,2,#004747,0x3044,#004a4a
113,49,2,80,3,#003f3f,0x0044,#004242
113,49,3,81,4,#003737,0x3033,#003a3a
113,49,4,82,5,#002f2f,0x0033,#003131
113,49,5,83,6,#002727,0x3022,#002929
113,49,6,84,7,#001f1f,0x0022,#002121
113,50,1,90,13,#006500,0x0060,#006300
113,50,2,94,17,#00a900,0x20a0,#00ad00
113,50,3,95,18,#00ba00,0x20b0,#00bd00
113,56,1,77,0,#005656,0x0055,#005252
113,56,2,78,1,#004f4f,0x0055,#005252
113,56,3,79,2,#004747,0x3044,#004a4a
113,59,1,77,0,#005656,0x0055,#005252
113,59,2,78,1,#004f4f,0x0055,#005252
113,59,3,79,2,#004747,0x3044,#004a4a
113,60,1,83,6,#002727,0x3022,#002929
113,60,2,84,7,#001f1f,0x0022,#002121
113,62,1,79,2,#004747,0x3044,#004a4a
113,62,2,80,3,#003f3f,0x0044,#004242
113,62,3,81,4,#003737,0x3033,#003a3a
113,62,4,82,5,#002f2f,0x0033,#003131
113,62,5,83,6,#002727,0x3022,#002929
113,62,6,84,7,#001f1f,0x0022,#002121
113,63,1,84,7,#001f1f,0x0022,#002121
113,63,2,85,8,#001717,0x3011,#001919
113,63,3,86,9,#000f0f,0x0011,#001010
113,63,4,87,10,#003200,0x0030,#003100
113,63,5,90,13,#006500,0x0060,#006300
113,63,6,91,14,#007600,0x0070,#007300
113,64,1,84,7,#001f1f,0x0022,#002121
113,64,2,85,8,#001717,0x3011,#001919
113,64,3,86,9,#000f0f,0x0011,#001010
113,64,4,87,10,#003200,0x0030,#003100
113,64,5,88,11,#004300,0x0040,#004200
113,64,6,89,12,#005400,0x0050,#005200
113,65,1,90,13,#006500,0x0060,#006300
113,65,2,91,14,#007600,0x0070,#007300
113,65,3,92,15,#008700,0x0080,#008400
113,65,4,93,16,#009800,0x0090,#009400
113,65,5,94,17,#00a900,0x20a0,#00ad00
113,65,6,95,18,#00ba00,0x20b0,#00bd00
113,66,1,79,2,#004747,0x3044,#004a4a
113,66,2,80,3,#003f3f,0x0044,#004242
113,66,3,81,4,#003737,0x3033,#003a3a
113,66,4,82,5,#002f2f,0x0033,#003131
113,66,5,83,6,#002727,0x3022,#002929
113,66,6,84,7,#001f1f,0x0022,#002121
113,68,1,79,2,#004747,0x3044,#004a4a
113,68,2,80,3,#003f3f,0x0044,#004242
113,68,3,84,7,#001f1f,0x0022,#002121
113,69,1,90,13,#006500,0x0060,#006300
113,70,1,85,8,#001717,0x3011,#001919
113,70,2,86,9,#000f0f,0x0011,#001010
113,70,3,87,10,#003200,0x0030,#003100
113,70,4,88,11,#004300,0x0040,#004200
113,70,5,89,12,#005400,0x0050,#005200
113,70,6,95,18,#00ba00,0x20b0,#00bd00
113,70,7,96,19,#00cb00,0x20c0,#00ce00
113,74,1,84,7,#001f1f,0x0022,#002121
113,74,2,85,8,#001717,0x3011,#001919
113,74,3,86,9,#000f0f,0x0011,#001010
113,74,4,87,10,#003200,0x0030,#003100
113,74,5,88,11,#004300,0x0040,#004200
113,74,6,89,12,#005400,0x0050,#005200
113,76,1,77,0,#005656,0x0055,#005252
113,76,2,78,1,#004f4f,0x0055,#005252
113,76,3,79,2,#004747,0x3044,#004a4a
113,79,1,84,7,#001f1f,0x0022,#002121
113,79,2,85,8,#001717,0x3011,#001919
113,79,3,86,9,#000f0f,0x0011,#001010
113,79,4,87,10,#003200,0x0030,#003100
114,34,1,77,0,#004f4f,0x0055,#005252
114,34,2,78,1,#004747,0x3044,#004a4a
114,34,3,79,2,#003f3f,0x0044,#004242
114,35,1,78,1,#004747,0x3044,#004a4a
114,35,2,79,2,#003f3f,0x0044,#004242
114,36,1,84,7,#001717,0x3011,#001919
114,36,2,85,8,#000f0f,0x0011,#001010
114,36,3,86,9,#003200,0x0030,#003100
114,36,4,87,10,#004300,0x0040,#004200
114,37,1,84,7,#001717,0x3011,#001919
114,37,2,85,8,#000f0f,0x0011,#001010
114,37,3,86,9,#003200,0x0030,#003100
114,37,4,87,10,#004300,0x0040,#004200
114,37,5,88,11,#005400,0x0050,#005200
114,38,1,79,2,#003f3f,0x0044,#004242
114,38,2,80,3,#003737,0x3033,#003a3a
114,38,3,81,4,#002f2f,0x0033,#003131
114,38,4,82,5,#002727,0x3022,#002929
114,38,5,83,6,#001f1f,0x0022,#002121
114,38,6,84,7,#001717,0x3011,#001919
114,49,1,79,2,#003f3f,0x0044,#004242
114,49,2,80,3,#003737,0x3033,#003a3a
114,49,3,81,4,#002f2f,0x0033,#003131
114,49,4,82,5,#002727,0x3022,#002929
114,49,5,83,6,#001f1f,0x0022,#002121
114,49,6,84,7,#001717,0x3011,#001919
114,50,1,90,13,#007600,0x0070,#007300
114,50,2,94,17,#00ba00,0x20b0,#00bd00
114,50,3,95,18,#00cb00,0x20c0,#00ce00
114,56,1,77,0,#004f4f,0x0055,#005252
114,56,2,78,1,#004747,0x3044,#004a4a
114,56,3,79,2,#003f3f,0x0044,#004242
114,59,1,77,0,#004f4f,0x0055,#005252
114,59,2,78,1,#004747,0x3044,#004a4a
114,59,3,79,2,#003f3f,0x0044,#004242
114,60,1,83,6,#001f1f,0x0022,#002121
114,60,2,84,7,#001717,0x3011,#001919
114,62,1,79,2,#003f3f,0x0044,#004242
114,62,2,80,3,#003737,0x3033,#003a3a
114,62,3,81,4,#002f2f,0x0033,#003131
114,62,4,82,5,#002727,0x3022,#002929
114,62,5,83,6,#001f1f,0x0022,#002121
114,62,6,84,7,#001717,0x3011,#001919
114,63,1,84,7,#001717,0x3011,#001919
114,63,2,85,8,#000f0f,0x0011,#001010
114,63,3,86,9,#003200,0x0030,#003100
114,63,4,87,10,#004300,0x0040,#004200
114,63,5,90,13,#007600,0x0070,#007300
114,63,6,91,14,#008700,0x0080,#008400
114,64,1,84,7,#001717,0x3011,#001919
114,64,2,85,8,#000f0f,0x0011,#001010
114,64,3,86,9,#003200,0x0030,#003100
114,64,4,87,10,#004300,0x0040,#004200
114,64,5,88,11,#005400,0x0050,#005200
114,64,6,89,12,#006500,0x0060,#006300
114,65,1,90,13,#007600,0x0070,#007300
114,65,2,91,14,#008700,0x0080,#008400
114,65,3,92,15,#009800,0x0090,#009400
114,65,4,93,16,#00a900,0x20a0,#00ad00
114,65,5,94,17,#00ba00,0x20b0,#00bd00
114,65,6,95,18,#00cb00,0x20c0,#00ce00
114,66,1,79,2,#003f3f,0x0044,#004242
114,66,2,80,3,#003737,0x3033,#003a3a
114,66,3,81,4,#002f2f,0x0033,#003131
114,66,4,82,5,#002727,0x3022,#002929
114,66,5,83,6,#001f1f,0x0022,#002121
114,66,6,84,7,#001717,0x3011,#001919
114,68,1,79,2,#003f3f,0x0044,#004242
114,68,2,80,3,#003737,0x3033,#003a3a
114,68,3,84,7,#001717,0x3011,#001919
114,69,1,90,13,#007600,0x0070,#007300
114,70,1,85,8,#000f0f,0x0011,#001010
114,70,2,86,9,#003200,0x0030,#003100
114,70,3,87,10,#004300,0x0040,#004200
114,70,4,88,11,#005400,0x0050,#005200
114,70,5,89,12,#006500,0x0060,#006300
114,70,6,95,18,#00cb00,0x20c0,#00ce00
114,70,7,96,19,#00dc00,0x20d0,#00de00
114,74,1,84,7,#001717,0x3011,#001919
114,74,2,85,8,#000f0f,0x0011,#001010
114,74,3,86,9,#003200,0x0030,#003100
114,74,4,87,10,#004300,0x0040,#004200
114,74,5,88,11,#005400,0x0050,#005200
114,74,6,89,12,#006500,0x0060,#006300
114,76,1,77,0,#004f4f,0x0055,#005252
114,76,2,78,1,#004747,0x3044,#004a4a
114,76,3,79,2,#003f3f,0x0044,#004242
114,79,1,84,7,#001717,0x3011,#001919
114,79,2,85,8,#000f0f,0x0011,#001010
114,79,3,86,9,#003200,0x0030,#003100
114,79,4,87,10,#004300,0x0040,#004200
115,34,1,77,0,#004747,0x3044,#004a4a
115,34,2,78,1,#003f3f,0x0044,#004242
115,34,3,79,2,#003737,0x3033,#003a3a
115,35,1,78,1,#003f3f,0x0044,#004242
115,35,2,79,2,#003737,0x3033,#003a3a
115,36,1,84,7,#000f0f,0x0011,#001010
115,36,2,85,8,#003200,0x0030,#003100
115,36,3,86,9,#004300,0x0040,#004200
115,36,4,87,10,#005400,0x0050,#005200
115,37,1,84,7,#000f0f,0x0011,#001010
115,37,2,85,8,#003200,0x0030,#003100
115,37,3,86,9,#004300,0x0040,#004200
115,37,4,87,10,#005400,0x0050,#005200
115,37,5,88,11,#006500,0x0060,#006300
115,38,1,79,2,#003737,0x3033,#003a3a
115,38,2,80,3,#002f2f,0x0033,#003131
115,38,3,81,4,#002727,0x3022,#002929
115,38,4,82,5,#001f1f,0x0022,#002121
115,38,5,83,6,#001717,0x3011,#001919
115,38,6,84,7,#000f0f,0x0011,#001010
115,49,1,79,2,#003737,0x3033,#003a3a
115,49,2,80,3,#002f2f,0x0033,#003131
115,49,3,81,4,#002727,0x3022,#002929
115,49,4,82,5,#001f1f,0x0022,#002121
115,49,5,83,6,#001717,0x3011,#001919
115,49,6,84,7,#000f0f,0x0011,#001010
115,50,1,90,13,#008700,0x0080,#008400
115,50,2,94,17,#00cb00,0x20c0,#00ce00
115,50,3,95,18,#00dc00,0x20d0,#00de00
115,56,1,77,0,#004747,0x3044,#004a4a
115,56,2,78,1,#003f3f,0x0044,#004242
115,56,3,79,2,#003737,0x3033,#003a3a
115,59,1,77,0,#004747,0x3044,#004a4a
115,59,2,78,1,#003f3f,0x0044,#004242
115,59,3,79,2,#003737,0x3033,#003a3a
115,60,1,83,6,#001717,0x3011,#001919
115,60,2,84,7,#000f0f,0x0011,#001010
115,62,1,79,2,#003737,0x3033,#003a3a
115,62,2,80,3,#002f2f,0x0033,#003131
115,62,3,81,4,#002727,0x3022,#002929
115,62,4,82,5,#001f1f,0x0022,#002121
115,62,5,83,6,#001717,0x3011,#001919
115,62,6,84,7,#000f0f,0x0011,#001010
115,63,1,84,7,#000f0f,0x0011,#001010
115,63,2,85,8,#003200,0x0030,#003100
115,63,3,86,9,#004300,0x0040,#004200
115,63,4,87,10,#005400,0x0050,#005200
115,63,5,90,13,#008700,0x0080,#008400
115,63,6,91,14,#009800,0x0090,#009400
115,64,1,84,7,#000f0f,0x0011,#001010
115,64,2,85,8,#003200,0x0030,#003100
115,64,3,86,9,#004300,0x0040,#004200
115,64,4,87,10,#005400,0x0050,#005200
115,64,5,88,11,#006500,0x0060,#006300
115,64,6,89,12,#007600,0x0070,#007300
115,65,1,90,13,#008700,0x0080,#008400
115,65,2,91,14,#009800,0x0090,#009400
115,65,3,92,15,#00a900,0x20a0,#00ad00
115,65,4,93,16,#00ba00,0x20b0,#00bd00
115,65,5,94,17,#00cb00,0x20c0,#00ce00
115,65,6,95,18,#00dc00,0x20d0,#00de00
115,66,1,79,2,#003737,0x3033,#003a3a
115,66,2,80,3,#002f2f,0x0033,#003131
115,66,3,81,4,#002727,0x3022,#002929
115,66,4,82,5,#001f1f,0x0022,#002121
115,66,5,83,6,#001717,0x3011,#001919
115,66,6,84,7,#000f0f,0x0011,#001010
115,68,1,79,2,#003737,0x3033,#003a3a
115,68,2,80,3,#002f2f,0x0033,#003131
115,68,3,84,7,#000f0f,0x0011,#001010
115,69,1,90,13,#008700,0x0080,#008400
115,70,1,85,8,#003200,0x0030,#003100
115,70,2,86,9,#004300,0x0040,#004200
115,70,3,87,10,#005400,0x0050,#005200
115,70,4,88,11,#006500,0x0060,#006300
115,70,5,89,12,#007600,0x0070,#007300
115,70,6,95,18,#00dc00,0x20d0,#00de00
115,70,7,96,19,#00ed00,0x20e0,#00ef00
115,74,1,84,7,#000f0f,0x0011,#001010
115,74,2,85,8,#003200,0x0030,#003100
115,74,3,86,9,#004300,0x0040,#004200
115,74,4,87,10,#005400,0x0050,#005200
115,74,5,88,11,#006500,0x0060,#006300
115,74,6,89,12,#007600,0x0070,#007300
115,76,1,77,0,#004747,0x3044,#004a4a
115,76,2,78,1,#003f3f,0x0044,#004242
115,76,3,79,2,#003737,0x3033,#003a3a
115,79,1,84,7,#000f0f,0x0011,#001010
115,79,2,85,8,#003200,0x0030,#003100
115,79,3,86,9,#004300,0x0040,#004200
115,79,4,87,10,#005400,0x0050,#005200
116,34,1,77,0,#003f3f,0x0044,#004242
116,34,2,78,1,#003737,0x3033,#003a3a
116,34,3,79,2,#002f2f,0x0033,#003131
116,35,1,78,1,#003737,0x3033,#003a3a
116,35,2,79,2,#002f2f,0x0033,#003131
116,36,1,84,7,#003200,0x0030,#003100
116,36,2,85,8,#004300,0x0040,#004200
116,36,3,86,9,#005400,0x0050,#005200
116,36,4,87,10,#006500,0x0060,#006300
116,37,1,84,7,#003200,0x0030,#003100
116,37,2,85,8,#004300,0x0040,#004200
116,37,3,86,9,#005400,0x0050,#005200
116,37,4,87,10,#006500,0x0060,#006300
116,37,5,88,11,#007600,0x0070,#007300
116,38,1,79,2,#002f2f,0x0033,#003131
116,38,2,80,3,#002727,0x3022,#002929
116,38,3,81,4,#001f1f,0x0022,#002121
116,38,4,82,5,#001717,0x3011,#001919
116,38,5,83,6,#000f0f,0x0011,#001010
116,38,6,84,7,#003200,0x0030,#003100
116,49,1,79,2,#002f2f,0x0033,#003131
116,49,2,80,3,#002727,0x3022,#002929
116,49,3,81,4,#001f1f,0x0022,#002121
116,49,4,82,5,#001717,0x3011,#001919
116,49,5,83,6,#000f0f,0x0011,#001010
116,49,6,84,7,#003200,0x0030,#003100
116,50,1,90,13,#009800,0x0090,#009400
116,50,2,94,17,#00dc00,0x20d0,#00de00
116,50,3,95,18,#00ed00,0x20e0,#00ef00
116,56,1,77,0,#003f3f,0x0044,#004242
116,56,2,78,1,#003737,0x3033,#003a3a
116,56,3,79,2,#002f2f,0x0033,#003131
116,59,1,77,0,#003f3f,0x0044,#004242
116,59,2,78,1,#003737,0x3033,#003a3a
116,59,3,79,2,#002f2f,0x0033,#003131
116,60,1,83,6,#000f0f,0x0011,#001010
116,60,2,84,7,#003200,0x0030,#003100
116,62,1,79,2,#002f2f,0x0033,#003131
116,62,2,80,3,#002727,0x3022,#002929
116,62,3,81,4,#001f1f,0x0022,#002121
116,62,4,82,5,#001717,0x3011,#001919
116,62,5,83,6,#000f0f,0x0011,#001010
116,62,6,84,7,#003200,0x0030,#003100
116,63,1,84,7,#003200,0x0030,#003100
116,63,2,85,8,#004300,0x0040,#004200
116,63,3,86,9,#005400,0x0050,#005200
116,63,4,87,10,#006500,0x0060,#006300
116,63,5,90,13,#009800,0x0090,#009400
116,63,6,91,14,#00a900,0x20a0,#00ad00
116,64,1,84,7,#003200,0x0030,#003100
116,64,2,85,8,#004300,0x0040,#004200
116,64,3,86,9,#005400,0x0050,#005200
116,64,4,87,10,#006500,0x0060,#006300
116,64,5,88,11,#007600,0x0070,#007300
116,64,6,89,12,#008700,0x0080,#008400
116,65,1,90,13,#009800,0x0090,#009400
116,65,2,91,14,#00a900,0x20a0,#00ad00
116,65,3,92,15,#00ba00,0x20b0,#00bd00
116,65,4,93,16,#00cb00,0x20c0,#00ce00
116,65,5,94,17,#00dc00,0x20d0,#00de00
116,65,6,95,18,#00ed00,0x20e0,#00ef00
116,66,1,79,2,#002f2f,0x0033,#003131
116,66,2,80,3,#002727,0x3022,#002929
116,66,3,81,4,#001f1f,0x0022,#002121
116,66,4,82,5,#001717,0x3011,#001919
116,66,5,83,6,#000f0f,0x0011,#001010
116,66,6,84,7,#003200,0x0030,#003100
116,68,1,79,2,#002f2f,0x0033,#003131
116,68,2,80,3,#002727,0x3022,#002929
116,68,3,84,7,#003200,0x0030,#003100
116,69,1,90,13,#009800,0x0090,#009400
116,70,1,85,8,#004300,0x0040,#004200
116,70,2,86,9,#005400,0x0050,#005200
116,70,3,87,10,#006500,0x0060,#006300
116,70,4,88,11,#007600,0x0070,#007300
116,70,5,89,12,#008700,0x0080,#008400
116,70,6,95,18,#00ed00,0x20e0,#00ef00
116,70,7,96,19,#00fe00,0x20f0,#00ff00
116,74,1,84,7,#003200,0x0030,#003100
116,74,2,85,8,#004300,0x0040,#004200
116,74,3,86,9,#005400,0x0050,#005200
116,74,4,87,10,#006500,0x0060,#006300
116,74,5,88,11,#007600,0x0070,#007300
116,74,6,89,12,#008700,0x0080,#008400
116,76,1,77,0,#003f3f,0x0044,#004242
116,76,2,78,1,#003737,0x3033,#003a3a
116,76,3,79,2,#002f2f,0x0033,#003131
116,79,1,84,7,#003200,0x0030,#003100
116,79,2,85,8,#004300,0x0040,#004200
116,79,3,86,9,#005400,0x0050,#005200
116,79,4,87,10,#006500,0x0060,#006300
117,34,1,77,0,#003737,0x3033,#003a3a
117,34,2,78,1,#002f2f,0x0033,#003131
117,34,3,79,2,#002727,0x3022,#002929
117,35,1,78,1,#002f2f,0x0033,#003131
117,35,2,79,2,#002727,0x3022,#002929
117,36,1,84,7,#004300,0x0040,#004200
117,36,2,85,8,#005400,0x0050,#005200
117,36,3,86,9,#006500,0x0060,#006300
117,36,4,87,10,#007600,0x0070,#007300
117,37,1,84,7,#004300,0x0040,#004200
117,37,2,85,8,#005400,0x0050,#005200
117,37,3,86,9,#006500,0x0060,#006300
117,37,4,87,10,#007600,0x0070,#007300
117,37,5,88,11,#008700,0x0080,#008400
117,38,1,79,2,#002727,0x3022,#002929
117,38,2,80,3,#001f1f,0x0022,#002121
117,38,3,81,4,#001717,0x3011,#001919
117,38,4,82,5,#000f0f,0x0011,#001010
117,38,5,83,6,#003200,0x0030,#003100
117,38,6,84,7,#004300,0x0040,#004200
117,49,1,79,2,#002727,0x3022,#002929
117,49,2,80,3,#001f1f,0x0022,#002121
117,49,3,81,4,#001717,0x3011,#001919
117,49,4,82,5,#000f0f,0x0011,#001010
117,49,5,83,6,#003200,0x0030,#003100
117,49,6,84,7,#004300,0x0040,#004200
117,50,1,90,13,#00a900,0x20a0,#00ad00
117,50,2,94,17,#00ed00,0x20e0,#00ef00
117,50,3,95,18,#00fe00,0x20f0,#00ff00
117,56,1,77,0,#003737,0x3033,#003a3a
117,56,2,78,1,#002f2f,0x0033,#003131
117,56,3,79,2,#002727,0x3022,#002929
117,59,1,77,0,#003737,0x3033,#003a3a
117,59,2,78,1,#002f2f,0x0033,#003131
117,59,3,79,2,#002727,0x3022,#002929
117,60,1,83,6,#003200,0x0030,#003100
117,60,2,84,7,#004300,0x0040,#004200
117,62,1,79,2,#002727,0x3022,#002929
117,62,2,80,3,#001f1f,0x0022,#002121
117,62,3,81,4,#001717,0x3011,#001919
117,62,4,82,5,#000f0f,0x0011,#001010
117,62,5,83,6,#003200,0x0030,#003100
117,62,6,84,7,#004300,0x0040,#004200
117,63,1,84,7,#004300,0x0040,#004200
117,63,2,85,8,#005400,0x0050,#005200
117,63,3,86,9,#006500,0x0060,#006300
117,63,4,87,10,#007600,0x0070,#007300
117,63,5,90,13,#00a900,0x20a0,#00ad00
117,63,6,91,14,#00ba00,0x20b0,#00bd00
117,64,1,84,7,#004300,0x0040,#004200
117,64,2,85,8,#005400,0x0050,#005200
117,64,3,86,9,#006500,0x0060,#006300
117,64,4,87,10,#007600,0x0070,#007300
117,64,5,88,11,#008700,0x0080,#008400
117,64,6,89,12,#009800,0x0090,#009400
117,65,1,90,13,#00a900,0x20a0,#00ad00
117,65,2,91,14,#00ba00,0x20b0,#00bd00
117,65,3,92,15,#00cb00,0x20c0,#00ce00
117,65,4,93,16,#00dc00,0x20d0,#00de00
117,65,5,94,17,#00ed00,0x20e0,#00ef00
117,65,6,95,18,#00fe00,0x20f0,#00ff00
117,66,1,79,2,#002727,0x3022,#002929
117,66,2,80,3,#001f1f,0x0022,#002121
117,66,3,81,4,#001717,0x3011,#001919
117,66,4,82,5,#000f0f,0x0011,#001010
117,66,5,83,6,#003200,0x0030,#003100
117,66,6,84,7,#004300,0x0040,#004200
117,68,1,79,2,#002727,0x3022,#002929
117,68,2,80,3,#001f1f,0x0022,#002121
117,68,3,84,7,#004300,0x0040,#004200
117,69,1,90,13,#00a900,0x20a0,#00ad00
117,70,1,85,8,#005400,0x0050,#005200
117,70,2,86,9,#006500,0x0060,#006300
117,70,3,87,10,#007600,0x0070,#007300
117,70,4,88,11,#008700,0x0080,#008400
117,70,5,89,12,#009800,0x0090,#009400
117,70,6,95,18,#00fe00,0x20f0,#00ff00
117,70,7,96,19,#00fe00,0x20f0,#00ff00
117,74,1,84,7,#004300,0x0040,#004200
117,74,2,85,8,#005400,0x0050,#005200
117,74,3,86,9,#006500,0x0060,#006300
117,74,4,87,10,#007600,0x0070,#007300
117,74,5,88,11,#008700,0x0080,#008400
117,74,6,89,12,#009800,0x0090,#009400
117,76,1,77,0,#003737,0x3033,#003a3a
117,76,2,78,1,#002f2f,0x0033,#003131
117,76,3,79,2,#002727,0x3022,#002929
117,79,1,84,7,#004300,0x0040,#004200
117,79,2,85,8,#005400,0x0050,#005200
117,79,3,86,9,#006500,0x0060,#006300
117,79,4,87,10,#007600,0x0070,#007300
118,34,1,77,0,#002f2f,0x0033,#003131
118,34,2,78,1,#002727,0x3022,#002929
118,34,3,79,2,#001f1f,0x0022,#002121
118,35,1,78,1,#002727,0x3022,#002929
118,35,2,79,2,#001f1f,0x0022,#002121
118,36,1,84,7,#005400,0x0050,#005200
118,36,2,85,8,#006500,0x0060,#006300
118,36,3,86,9,#007600,0x0070,#007300
118,36,4,87,10,#008700,0x0080,#008400
118,37,1,84,7,#005400,0x0050,#005200
118,37,2,85,8,#006500,0x0060,#006300
118,37,3,86,9,#007600,0x0070,#007300
118,37,4,87,10,#008700,0x0080,#008400
118,37,5,88,11,#009800,0x0090,#009400
118,38,1,79,2,#001f1f,0x0022,#002121
118,38,2,80,3,#001717,0x3011,#001919
118,38,3,81,4,#000f0f,0x0011,#001010
118,38,4,82,5,#003200,0x0030,#003100
118,38,5,83,6,#004300,0x0040,#004200
118,38,6,84,7,#005400,0x0050,#005200
118,49,1,79,2,#001f1f,0x0022,#002121
118,49,2,80,3,#001717,0x3011,#001919
118,49,3,81,4,#000f0f,0x0011,#001010
118,49,4,82,5,#003200,0x0030,#003100
118,49,5,83,6,#004300,0x0040,#004200
118,49,6,84,7,#005400,0x0050,#005200
118,50,1,90,13,#00ba00,0x20b0,#00bd00
118,50,2,94,17,#00fe00,0x20f0,#00ff00
118,50,3,95,18,#00fe00,0x20f0,#00ff00
118,56,1,77,0,#002f2f,0x0033,#003131
118,56,2,78,1,#002727,0x3022,#002929
118,56,3,79,2,#001f1f,0x0022,#002121
118,59,1,77,0,#002f2f,0x0033,#003131
118,59,2,78,1,#002727,0x3022,#002929
118,59,3,79,2,#001f1f,0x0022,#002121
118,60,1,83,6,#004300,0x0040,#004200
118,60,2,84,7,#005400,0x0050,#005200
118,62,1,79,2,#001f1f,0x0022,#002121
118,62,2,80,3,#001717,0x3011,#001919
118,62,3,81,4,#000f0f,0x0011,#001010
118,62,4,82,5,#003200,0x0030,#003100
118,62,5,83,6,#004300,0x0040,#004200
118,62,6,84,7,#005400,0x0050,#005200
118,63,1,84,7,#005400,0x0050,#005200
118,63,2,85,8,#006500,0x0060,#006300
118,63,3,86,9,#007600,0x0070,#007300
118,63,4,87,10,#008700,0x0080,#008400
118,63,5,90,13,#00ba00,0x20b0,#00bd00
118,63,6,91,14,#00cb00,0x20c0,#00ce00
118,64,1,84,7,#005400,0x0050,#005200
118,64,2,85,8,#006500,0x0060,#006300
118,64,3,86,9,#007600,0x0070,#007300
118,64,4,87,10,#008700,0x0080,#008400
118,64,5,88,11,#009800,0x0090,#009400
118,64,6,89,12,#00a900,0x20a0,#00ad00
118,65,1,90,13,#00ba00,0x20b0,#00bd00
118,65,2,91,14,#00cb00,0x20c0,#00ce00
118,65,3,92,15,#00dc00,0x20d0,#00de00
118,65,4,93,16,#00ed00,0x20e0,#00ef00
118,65,5,94,17,#00fe00,0x20f0,#00ff00
118,65,6,95,18,#00fe00,0x20f0,#00ff00
118,66,1,79,2,#001f1f,0x0022,#002121
118,66,2,80,3,#001717,0x3011,#001919
118,66,3,81,4,#000f0f,0x0011,#001010
118,66,4,82,5,#003200,0x0030,#003100
118,66,5,83,6,#004300,0x0040,#004200
118,66,6,84,7,#005400,0x0050,#005200
118,68,1,79,2,#001f1f,0x0022,#002121
118,68,2,80,3,#001717,0x3011,#001919
118,68,3,84,7,#005400,0x0050,#005200
118,69,1,90,13,#00ba00,0x20b0,#00bd00
118,70,1,85,8,#006500,0x0060,#006300
118,70,2,86,9,#007600,0x0070,#007300
118,70,3,87,10,#008700,0x0080,#008400
118,70,4,88,11,#009800,0x0090,#009400
118,70,5,89,12,#00a900,0x20a0,#00ad00
118,70,6,95,18,#00fe00,0x20f0,#00ff00
118,70,7,96,19,#00ed00,0x20e0,#00ef00
118,74,1,84,7,#005400,0x0050,#005200
118,74,2,85,8,#006500,0x0060,#006300
118,74,3,86,9,#007600,0x0070,#007300
118,74,4,87,10,#008700,0x0080,#008400
118,74,5,88,11,#009800,0x0090,#009400
118,74,6,89,12,#00a900,0x20a0,#00ad00
118,76,1,77,0,#002f2f,0x0033,#003131
118,76,2,78,1,#002727,0x3022,#002929
118,76,3,79,2,#001f1f,0x0022,#002121
118,79,1,84,7,#005400,0x0050,#005200
118,79,2,85,8,#006500,0x0060,#006300
118,79,3,86,9,#007600,0x0070,#007300
118,79,4,87,10,#008700,0x0080,#008400
119,34,1,77,0,#002727,0x3022,#002929
119,34,2,78,1,#001f1f,0x0022,#002121
119,34,3,79,2,#001717,0x3011,#001919
119,35,1,78,1,#001f1f,0x0022,#002121
119,35,2,79,2,#001717,0x3011,#001919
119,36,1,84,7,#006500,0x0060,#006300
119,36,2,85,8,#007600,0x0070,#007300
119,36,3,86,9,#008700,0x0080,#008400
119,36,4,87,10,#009800,0x0090,#009400
119,37,1,84,7,#006500,0x0060,#006300
119,37,2,85,8,#007600,0x0070,#007300
119,37,3,86,9,#008700,0x0080,#008400
119,37,4,87,10,#009800,0x0090,#009400
119,37,5,88,11,#00a900,0x20a0,#00ad00
119,38,1,79,2,#001717,0x3011,#001919
119,38,2,80,3,#000f0f,0x0011,#001010
119,38,3,81,4,#003200,0x0030,#003100
119,38,4,82,5,#004300,0x0040,#004200
119,38,5,83,6,#005400,0x0050,#005200
119,38,6,84,7,#006500,0x0060,#006300
119,49,1,79,2,#001717,0x3011,#001919
119,49,2,80,3,#000f0f,0x0011,#001010
119,49,3,81,4,#003200,0x0030,#003100
119,49,4,82,5,#004300,0x0040,#004200
119,49,5,83,6,#005400,0x0050,#005200
119,49,6,84,7,#006500,0x0060,#006300
119,50,1,90,13,#00cb00,0x20c0,#00ce00
119,50,2,94,17,#00fe00,0x20f0,#00ff00
119,50,3,95,18,#00ed00,0x20e0,#00ef00
119,56,1,77,0,#002727,0x3022,#002929
119,56,2,78,1,#001f1f,0x0022,#002121
119,56,3,79,2,#001717,0x3011,#001919
119,59,1,77,0,#002727,0x3022,#002929
119,59,2,78,1,#001f1f,0x0022,#002121
119,59,3,79,2,#001717,0x3011,#001919
119,60,1,83,6,#005400,0x0050,#005200
119,60,2,84,7,#006500,0x0060,#006300
119,62,1,79,2,#001717,0x3011,#001919
119,62,2,80,3,#000f0f,0x0011,#001010
119,62,3,81,4,#003200,0x0030,#003100
119,62,4,82,5,#004300,0x0040,#004200
119,62,5,83,6,#005400,0x0050,#005200
119,62,6,84,7,#006500,0x0060,#006300
119,63,1,84,7,#006500,0x0060,#006300
119,63,2,85,8,#007600,0x0070,#007300
119,63,3,86,9,#008700,0x0080,#008400
119,63,4,87,10,#009800,0x0090,#009400
119,63,5,90,13,#00cb00,0x20c0,#00ce00
119,63,6,91,14,#00dc00,0x20d0,#00de00
119,64,1,84,7,#006500,0x0060,#006300
119,64,2,85,8,#007600,0x0070,#007300
119,64,3,86,9,#008700,0x0080,#008400
119,64,4,87,10,#009800,0x0090,#009400
119,64,5,88,11,#00a900,0x20a0,#00ad00
119,64,6,89,12,#00ba00,0x20b0,#00bd00
119,65,1,90,13,#00cb00,0x20c0,#00ce00
119,65,2,91,14,#00dc00,0x20d0,#00de00
119,65,3,92,15,#00ed00,0x20e0,#00ef00
119,65,4,93,16,#00fe00,0x20f0,#00ff00
119,65,5,94,17,#00fe00,0x20f0,#00ff00
119,65,6,95,18,#00ed00,0x20e0,#00ef00
119,66,1,79,2,#001717,0x3011,#001919
119,66,2,80,3,#000f0f,0x0011,#001010
119,66,3,81,4,#003200,0x0030,#003100
119,66,4,82,5,#004300,0x0040,#004200
119,66,5,83,6,#005400,0x0050,#005200
119,66,6,84,7,#006500,0x0060,#006300
119,68,1,79,2,#001717,0x3011,#001919
119,68,2,80,3,#000f0f,0x0011,#001010
119,68,3,84,7,#006500,0x0060,#006300
119,69,1,90,13,#00cb00,0x20c0,#00ce00
119,70,1,85,8,#007600,0x0070,#007300
119,70,2,86,9,#008700,0x0080,#008400
119,70,3,87,10,#009800,0x0090,#009400
119,70,4,88,11,#00a900,0x20a0,#00ad00
119,70,5,89,12,#00ba00,0x20b0,#00bd00
119,70,6,95,18,#00ed00,0x20e0,#00ef00
119,70,7,96,19,#00dc00,0x20d0,#00de00
119,74,1,84,7,#006500,0x0060,#006300
119,74,2,85,8,#007600,0x0070,#007300
119,74,3,86,9,#008700,0x0080,#008400
119,74,4,87,10,#009800,0x0090,#009400
119,74,5,88,11,#00a900,0x20a0,#00ad00
119,74,6,89,12,#00ba00,0x20b0,#00bd00
119,76,1,77,0,#002727,0x3022,#002929
119,76,2,78,1,#001f1f,0x0022,#002121
119,76,3,79,2,#001717,0x3011,#001919
119,79,1,84,7,#006500,0x0060,#006300
119,79,2,85,8,#007600,0x0070,#007300
119,79,3,86,9,#008700,0x0080,#008400
119,79,4,87,10,#009800,0x0090,#009400
120,34,1,77,0,#001f1f,0x0022,#002121
120,34,2,78,1,#001717,0x3011,#001919
120,34,3,79,2,#000f0f,0x0011,#001010
120,35,1,78,1,#001717,0x3011,#001919
120,35,2,79,2,#000f0f,0x0011,#001010
120,36,1,84,7,#007600,0x0070,#007300
120,36,2,85,8,#008700,0x0080,#008400
120,36,3,86,9,#009800,0x0090,#009400
120,36,4,87,10,#00a900,0x20a0,#00ad00
120,37,1,84,7,#007600,0x0070,#007300
120,37,2,85,8,#008700,0x0080,#008400
120,37,3,86,9,#009800,0x0090,#009400
120,37,4,87,10,#00a900,0x20a0,#00ad00
120,37,5,88,11,#00ba00,0x20b0,#00bd00
120,38,1,79,2,#000f0f,0x0011,#001010
120,38,2,80,3,#003200,0x0030,#003100
120,38,3,81,4,#004300,0x0040,#004200
120,38,4,82,5,#005400,0x0050,#005200
120,38,5,83,6,#006500,0x0060,#006300
120,38,6,84,7,#007600,0x0070,#007300
120,49,1,79,2,#000f0f,0x0011,#001010
120,49,2,80,3,#003200,0x0030,#003100
120,49,3,81,4,#004300,0x0040,#004200
120,49,4,82,5,#005400,0x0050,#005200
120,49,5,83,6,#006500,0x0060,#006300
120,49,6,84,7,#007600,0x0070,#007300
120,50,1,90,13,#00dc00,0x20d0,#00de00
120,50,2,94,17,#00ed00,0x20e0,#00ef00
120,50,3,95,18,#00dc00,0x20d0,#00de00
120,56,1,77,0,#001f1f,0x0022,#002121
120,56,2,78,1,#001717,0x3011,#001919
120,56,3,79,2,#000f0f,0x0011,#001010
120,59,1,77,0,#001f1f,0x0022,#002121
120,59,2,78,1,#001717,0x3011,#001919
120,59,3,79,2,#000f0f,0x0011,#001010
120,60,1,83,6,#006500,0x0060,#006300
120,60,2,84,7,#007600,0x0070,#007300
120,62,1,79,2,#000f0f,0x0011,#001010
120,62,2,80,3,#003200,0x0030,#003100
120,62,3,81,4,#004300,0x0040,#004200
120,62,4,82,5,#005400,0x0050,#005200
120,62,5,83,6,#006500,0x0060,#006300
120,62,6,84,7,#007600,0x0070,#007300
120,63,1,84,7,#007600,0x0070,#007300
120,63,2,85,8,#008700,0x0080,#008400
120,63,3,86,9,#009800,0x0090,#009400
120,63,4,87,10,#00a900,0x20a0,#00ad00
120,63,5,90,13,#00dc00,0x20d0,#00de00
120,63,6,91,14,#00ed00,0x20e0,#00ef00
120,64,1,84,7,#007600,0x0070,#007300
120,64,2,85,8,#008700,0x0080,#008400
120,64,3,86,9,#009800,0x0090,#009400
120,64,4,87,10,#00a900,0x20a0,#00ad00
120,64,5,88,11,#00ba00,0x20b0,#00bd00
120,64,6,89,12,#00cb00,0x20c0,#00ce00
120,65,1,90,13,#00dc00,0x20d0,#00de00
120,65,2,91,14,#00ed00,0x20e0,#00ef00
120,65,3,92,15,#00fe00,0x20f0,#00ff00
120,65,4,93,16,#00fe00,0x20f0,#00ff00
120,65,5,94,17,#00ed00,0x20e0,#00ef00
120,65,6,95,18,#00dc00,0x20d0,#00de00
120,66,1,79,2,#000f0f,0x0011,#001010
120,66,2,80,3,#003200,0x0030,#003100
120,66,3,81,4,#004300,0x0040,#004200
120,66,4,82,5,#005400,0x0050,#005200
120,66,5,83,6,#006500,0x0060,#006300
120,66,6,84,7,#007600,0x0070,#007300
120,68,1,79,2,#000f0f,0x0011,#001010
120,68,2,80,3,#003200,0x0030,#003100
120,68,3,84,7,#007600,0x0070,#007300
120,69,1,90,13,#00dc00,0x20d0,#00de00
120,70,1,85,8,#008700,0x0080,#008400
120,70,2,86,9,#009800,0x0090,#009400
120,70,3,87,10,#00a900,0x20a0,#00ad00
120,70,4,88,11,#00ba00,0x20b0,#00bd00
120,70,5,89,12,#00cb00,0x20c0,#00ce00
120,70,6,95,18,#00dc00,0x20d0,#00de00
120,70,7,96,19,#00cb00,0x20c0,#00ce00
120,74,1,84,7,#007600,0x0070,#007300
120,74,2,85,8,#008700,0x0080,#008400
120,74,3,86,9,#009800,0x0090,#009400
120,74,4,87,10,#00a900,0x20a0,#00ad00
120,74,5,88,11,#00ba00,0x20b0,#00bd00
120,74,6,89,12,#00cb00,0x20c0,#00ce00
120,76,1,77,0,#001f1f,0x0022,#002121
120,76,2,78,1,#001717,0x3011,#001919
120,76,3,79,2,#000f0f,0x0011,#001010
120,79,1,84,7,#007600,0x0070,#007300
120,79,2,85,8,#008700,0x0080,#008400
120,79,3,86,9,#009800,0x0090,#009400
120,79,4,87,10,#00a900,0x20a0,#00ad00
121,34,1,77,0,#001717,0x3011,#001919
121,34,2,78,1,#000f0f,0x0011,#001010
121,34,3,79,2,#003200,0x0030,#003100
121,35,1,78,1,#000f0f,0x0011,#001010
121,35,2,79,2,#003200,0x0030,#003100
121,36,1,84,7,#008700,0x0080,#008400
121,36,2,85,8,#009800,0x0090,#009400
121,36,3,86,9,#00a900,0x20a0,#00ad00
121,36,4,87,10,#00ba00,0x20b0,#00bd00
121,37,1,84,7,#008700,0x0080,#008400
121,37,2,85,8,#009800,0x0090,#009400
121,37,3,86,9,#00a900,0x20a0,#00ad00
121,37,4,87,10,#00ba00,0x20b0,#00bd00
121,37,5,88,11,#00cb00,0x20c0,#00ce00
121,38,1,79,2,#003200,0x0030,#003100
121,38,2,80,3,#004300,0x0040,#004200
121,38,3,81,4,#005400,0x0050,#005200
121,38,4,82,5,#006500,0x0060,#006300
121,38,5,83,6,#007600,0x0070,#007300
121,38,6,84,7,#008700,0x0080,#008400
121,49,1,79,2,#003200,0x0030,#003100
121,49,2,80,3,#004300,0x0040,#004200
121,49,3,81,4,#005400,0x0050,#005200
121,49,4,82,5,#006500,0x0060,#006300
121,49,5,83,6,#007600,0x0070,#007300
121,49,6,84,7,#008700,0x0080,#008400
121,50,1,90,13,#00ed00,0x20e0,#00ef00
121,50,2,94,17,#00dc00,0x20d0,#00de00
121,50,3,95,18,#00cb00,0x20c0,#00ce00
121,56,1,77,0,#001717,0x3011,#001919
121,56,2,78,1,#000f0f,0x0011,#001010
121,56,3,79,2,#003200,0x0030,#003100
121,59,1,77,0,#001717,0x3011,#001919
121,59,2,78,1,#000f0f,0x0011,#001010
121,59,3,79,2,#003200,0x0030,#003100
121,60,1,83,6,#007600,0x0070,#007300
121,60,2,84,7,#008700,0x0080,#008400
121,62,1,79,2,#003200,0x0030,#003100
121,62,2,80,3,#004300,0x0040,#004200
121,62,3,81,4,#005400,0x0050,#005200
121,62,4,82,5,#006500,0x0060,#006300
121,62,5,83,6,#007600,0x0070,#007300
121,62,6,84,7,#008700,0x0080,#008400
121,63,1,84,7,#008700,0x0080,#008400
121,63,2,85,8,#009800,0x0090,#009400
121,63,3,86,9,#00a900,0x20a0,#00ad00
121,63,4,87,10,#00ba00,0x20b0,#00bd00
121,63,5,90,13,#00ed00,0x20e0,#00ef00
121,63,6,91,14,#00fe00,0x20f0,#00ff00
121,64,1,84,7,#008700,0x0080,#008400
121,64,2,85,8,#009800,0x0090,#009400
121,64,3,86,9,#00a900,0x20a0,#00ad00
121,64,4,87,10,#00ba00,0x20b0,#00bd00
121,64,5,88,11,#00cb00,0x20c0,#00ce00
121,64,6,89,12,#00dc00,0x20d0,#00de00
121,65,1,90,13,#00ed00,0x20e0,#00ef00
121,65,2,91,14,#00fe00,0x20f0,#00ff00
121,65,3,92,15,#00fe00,0x20f0,#00ff00
121,65,4,93,16,#00ed00,0x20e0,#00ef00
121,65,5,94,17,#00dc00,0x20d0,#00de00
121,65,6,95,18,#00cb00,0x20c0,#00ce00
121,66,1,79,2,#003200,0x0030,#003100
121,66,2,80,3,#004300,0x0040,#004200
121,66,3,81,4,#005400,0x0050,#005200
121,66,4,82,5,#006500,0x0060,#006300
121,66,5,83,6,#007600,0x0070,#007300
121,66,6,84,7,#008700,0x0080,#008400
121,68,1,79,2,#003200,0x0030,#003100
121,68,2,80,3,#004300,0x0040,#004200
121,68,3,84,7,#008700,0x0080,#008400
121,69,1,90,13,#00ed00,0x20e0,#00ef00
121,70,1,85,8,#009800,0x0090,#009400
121,70,2,86,9,#00a900,0x20a0,#00ad00
121,70,3,87,10,#00ba00,0x20b0,#00bd00
121,70,4,88,11,#00cb00,0x20c0,#00ce00
121,70,5,89,12,#00dc00,0x20d0,#00de00
121,70,6,95,18,#00cb00,0x20c0,#00ce00
121,70,7,96,19,#00ba00,0x20b0,#00bd00
121,74,1,84,7,#008700,0x0080,#008400
121,74,2,85,8,#009800,0x0090,#009400
121,74,3,86,9,#00a900,0x20a0,#00ad00
121,74,4,87,10,#00ba00,0x20b0,#00bd00
121,74,5,88,11,#00cb00,0x20c0,#00ce00
121,74,6,89,12,#00dc00,0x20d0,#00de00
121,76,1,77,0,#001717,0x3011,#001919
121,76,2,78,1,#000f0f,0x0011,#001010
121,76,3,79,2,#003200,0x0030,#003100
121,79,1,84,7,#008700,0x0080,#008400
121,79,2,85,8,#009800,0x0090,#009400
121,79,3,86,9,#00a900,0x20a0,#00ad00
121,79,4,87,10,#00ba00,0x20b0,#00bd00
122,34,1,77,0,#000f0f,0x0011,#001010
122,34,2,78,1,#003200,0x0030,#003100
122,34,3,79,2,#004300,0x0040,#004200
122,35,1,78,1,#003200,0x0030,#003100
122,35,2,79,2,#004300,0x0040,#004200
122,36,1,84,7,#009800,0x0090,#009400
122,36,2,85,8,#00a900,0x20a0,#00ad00
122,36,3,86,9,#00ba00,0x20b0,#00bd00
122,36,4,87,10,#00cb00,0x20c0,#00ce00
122,37,1,84,7,#009800,0x0090,#009400
122,37,2,85,8,#00a900,0x20a0,#00ad00
122,37,3,86,9,#00ba00,0x20b0,#00bd00
122,37,4,87,10,#00cb00,0x20c0,#00ce00
122,37,5,88,11,#00dc00,0x20d0,#00de00
122,38,1,79,2,#004300,0x0040,#004200
122,38,2,80,3,#005400,0x0050,#005200
122,38,3,81,4,#006500,0x0060,#006300
122,38,4,82,5,#007600,0x0070,#007300
122,38,5,83,6,#008700,0x0080,#008400
122,38,6,84,7,#009800,0x0090,#009400
122,49,1,79,2,#004300,0x0040,#004200
122,49,2,80,3,#005400,0x0050,#005200
122,49,3,81,4,#006500,0x0060,#006300
122,49,4,82,5,#007600,0x0070,#007300
122,49,5,83,6,#008700,0x0080,#008400
122,49,6,84,7,#009800,0x0090,#009400
122,50,1,90,13,#00fe00,0x20f0,#00ff00
122,50,2,94,17,#00cb00,0x20c0,#00ce00
122,50,3,95,18,#00ba00,0x20b0,#00bd00
122,56,1,77,0,#000f0f,0x0011,#001010
122,56,2,78,1,#003200,0x0030,#003100
122,56,3,79,2,#004300,0x0040,#004200
122,59,1,77,0,#000f0f,0x0011,#001010
122,59,2,78,1,#003200,0x0030,#003100
122,59,3,79,2,#004300,0x0040,#004200
122,60,1,83,6,#008700,0x0080,#008400
122,60,2,84,7,#009800,0x0090,#009400
122,62,1,79,2,#004300,0x0040,#004200
122,62,2,80,3,#005400,0x0050,#005200
122,62,3,81,4,#006500,0x0060,#006300
122,62,4,82,5,#007600,0x0070,#007300
122,62,5,83,6,#008700,0x0080,#008400
122,62,6,84,7,#009800,0x0090,#009400
122,63,1,84,7,#009800,0x0090,#009400
122,63,2,85,8,#00a900,0x20a0,#00ad00
122,63,3,86,9,#00ba00,0x20b0,#00bd00
122,63,4,87,10,#00cb00,0x20c0,#00ce00
122,63,5,90,13,#00fe00,0x20f0,#00ff00
122,63,6,91,14,#00fe00,0x20f0,#00ff00
122,64,1,84,7,#009800,0x0090,#009400
122,64,2,85,8,#00a900,0x20a0,#00ad00
122,64,3,86,9,#00ba00,0x20b0,#00bd00
122,64,4,87,10,#00cb00,0x20c0,#00ce00
122,64,5,88,11,#00dc00,0x20d0,#00de00
122,64,6,89,12,#00ed00,0x20e0,#00ef00
122,65,1,90,13,#00fe00,0x20f0,#00ff00
122,65,2,91,14,#00fe00,0x20f0,#00ff00
122,65,3,92,15,#00ed00,0x20e0,#00ef00
122,65,4,93,16,#00dc00,0x20d0,#00de00
122,65,5,94,17,#00cb00,0x20c0,#00ce00
122,65,6,95,18,#00ba00,0x20b0,#00bd00
122,66,1,79,2,#004300,0x0040,#004200
122,66,2,80,3,#005400,0x0050,#005200
122,66,3,81,4,#006500,0x0060,#006300
122,66,4,82,5,#007600,0x0070,#007300
122,66,5,83,6,#008700,0x0080,#008400
122,66,6,84,7,#009800,0x0090,#009400
122,68,1,79,2,#004300,0x0040,#004200
122,68,2,80,3,#005400,0x0050,#005200
122,68,3,84,7,#009800,0x0090,#009400
122,69,1,90,13,#00fe00,0x20f0,#00ff00
122,70,1,85,8,#00a900,0x20a0,#00ad00
122,70,2,86,9,#00ba00,0x20b0,#00bd00
122,70,3,87,10,#00cb00,0x20c0,#00ce00
122,70,4,88,11,#00dc00,0x20d0,#00de00
122,70,5,89,12,#00ed00,0x20e0,#00ef00
122,70,6,95,18,#00ba00,0x20b0,#00bd00
122,70,7,96,19,#00a900,0x20a0,#00ad00
122,74,1,84,7,#009800,0x0090,#009400
122,74,2,85,8,#00a900,0x20a0,#00ad00
122,74,3,86,9,#00ba00,0x20b0,#00bd00
122,74,4,87,10,#00cb00,0x20c0,#00ce00
122,74,5,88,11,#00dc00,0x20d0,#00de00
122,74,6,89,12,#00ed00,0x20e0,#00ef00
122,76,1,77,0,#000f0f,0x0011,#001010
122,76,2,78,1,#003200,0x0030,#003100
122,76,3,79,2,#004300,0x0040,#004200
122,79,1,84,7,#009800,0x0090,#009400
122,79,2,85,8,#00a900,0x20a0,#00ad00
122,79,3,86,9,#00ba00,0x20b0,#00bd00
122,79,4,87,10,#00cb00,0x20c0,#00ce00
123,34,1,77,0,#003200,0x0030,#003100
123,34,2,78,1,#004300,0x0040,#004200
123,34,3,79,2,#005400,0x0050,#005200
123,35,1,78,1,#004300,0x0040,#004200
123,35,2,79,2,#005400,0x0050,#005200
123,36,1,84,7,#00a900,0x20a0,#00ad00
123,36,2,85,8,#00ba00,0x20b0,#00bd00
123,36,3,86,9,#00cb00,0x20c0,#00ce00
123,36,4,87,10,#00dc00,0x20d0,#00de00
123,37,1,84,7,#00a900,0x20a0,#00ad00
123,37,2,85,8,#00ba00,0x20b0,#00bd00
123,37,3,86,9,#00cb00,0x20c0,#00ce00
123,37,4,87,10,#00dc00,0x20d0,#00de00
123,37,5,88,11,#00ed00,0x20e0,#00ef00
123,38,1,79,2,#005400,0x0050,#005200
123,38,2,80,3,#006500,0x0060,#006300
123,38,3,81,4,#007600,0x0070,#007300
123,38,4,82,5,#008700,0x0080,#008400
123,38,5,83,6,#009800,0x0090,#009400
123,38,6,84,7,#00a900,0x20a0,#00ad00
123,49,1,79,2,#005400,0x0050,#005200
123,49,2,80,3,#006500,0x0060,#006300
123,49,3,81,4,#007600,0x0070,#007300
123,49,4,82,5,#008700,0x0080,#008400
123,49,5,83,6,#009800,0x0090,#009400
123,49,6,84,7,#00a900,0x20a0,#00ad00
123,50,1,90,13,#00fe00,0x20f0,#00ff00
123,50,2,94,17,#00ba00,0x20b0,#00bd00
123,50,3,95,18,#00a900,0x20a0,#00ad00
123,56,1,77,0,#003200,0x0030,#003100
123,56,2,78,1,#004300,0x0040,#004200
123,56,3,79,2,#005400,0x0050,#005200
123,59,1,77,0,#003200,0x0030,#003100
123,59,2,78,1,#004300,0x0040,#004200
123,59,3,79,2,#005400,0x0050,#005200
123,60,1,83,6,#009800,0x0090,#009400
123,60,2,84,7,#00a900,0x20a0,#00ad00
123,62,1,79,2,#005400,0x0050,#005200
123,62,2,80,3,#006500,0x0060,#006300
123,62,3,81,4,#007600,0x0070,#007300
123,62,4,82,5,#008700,0x0080,#008400
123,62,5,83,6,#009800,0x0090,#009400
123,62,6,84,7,#00a900,0x20a0,#00ad00
123,63,1,84,7,#00a900,0x20a0,#00ad00
123,63,2,85,8,#00ba00,0x20b0,#00bd00
123,63,3,86,9,#00cb00,0x20c0,#00ce00
123,63,4,87,10,#00dc00,0x20d0,#00de00
123,63,5,90,13,#00fe00,0x20f0,#00ff00
123,63,6,91,14,#00ed00,0x20e0,#00ef00
123,64,1,84,7,#00a900,0x20a0,#00ad00
123,64,2,85,8,#00ba00,0x20b0,#00bd00
123,64,3,86,9,#00cb00,0x20c0,#00ce00
123,64,4,87,10,#00dc00,0x20d0,#00de00
123,64,5,88,11,#00ed00,0x20e0,#00ef00
123,64,6,89,12,#00fe00,0x20f0,#00ff00
123,65,1,90,13,#00fe00,0x20f0,#00ff00
123,65,2,91,14,#00ed00,0x20e0,#00ef00
123,65,3,92,15,#00dc00,0x20d0,#00de00
123,65,4,93,16,#00cb00,0x20c0,#00ce00
123,65,5,94,17,#00ba00,0x20b0,#00bd00
123,65,6,95,18,#00a900,0x20a0,#00ad00
123,66,1,79,2,#005400,0x0050,#005200
123,66,2,80,3,#006500,0x0060,#006300
123,66,3,81,4,#007600,0x0070,#007300
123,66,4,82,5,#008700,0x0080,#008400
123,66,5,83,6,#009800,0x0090,#009400
123,66,6,84,7,#00a900,0x20a0,#00ad00
123,68,1,79,2,#005400,0x0050,#005200
123,68,2,80,3,#006500,0x0060,#006300
123,68,3,84,7,#00a900,0x20a0,#00ad00
123,69,1,90,13,#00fe00,0x20f0,#00ff00
123,70,1,85,8,#00ba00,0x20b0,#00bd00
123,70,2,86,9,#00cb00,0x20c0,#00ce00
123,70,3,87,10,#00dc00,0x20d0,#00de00
123,70,4,88,11,#00ed00,0x20e0,#00ef00
123,70,5,89,12,#00fe00,0x20f0,#00ff00
123,70,6,95,18,#00a900,0x20a0,#00ad00
123,70,7,96,19,#009800,0x0090,#009400
123,74,1,84,7,#00a900,0x20a0,#00ad00
123,74,2,85,8,#00ba00,0x20b0,#00bd00
123,74,3,86,9,#00cb00,0x20c0,#00ce00
123,74,4,87,10,#00dc00,0x20d0,#00de00
123,74,5,88,11,#00ed00,0x20e0,#00ef00
123,74,6,89,12,#00fe00,0x20f0,#00ff00
123,76,1,77,0,#003200,0x0030,#003100
123,76,2,78,1,#004300,0x0040,#004200
123,76,3,79,2,#005400,0x0050,#005200
123,79,1,84,7,#00a900,0x20a0,#00ad00
123,79,2,85,8,#00ba00,0x20b0,#00bd00
123,79,3,86,9,#00cb00,0x20c0,#00ce00
123,79,4,87,10,#00dc00,0x20d0,#00de00
124,34,1,77,0,#004300,0x0040,#004200
124,34,2,78,1,#005400,0x0050,#005200
124,34,3,79,2,#006500,0x0060,#006300
124,35,1,78,1,#005400,0x0050,#005200
124,35,2,79,2,#006500,0x0060,#006300
124,36,1,84,7,#00ba00,0x20b0,#00bd00
124,36,2,85,8,#00cb00,0x20c0,#00ce00
124,36,3,86,9,#00dc00,0x20d0,#00de00
124,36,4,87,10,#00ed00,0x20e0,#00ef00
124,37,1,84,7,#00ba00,0x20b0,#00bd00
124,37,2,85,8,#00cb00,0x20c0,#00ce00
124,37,3,86,9,#00dc00,0x20d0,#00de00
124,37,4,87,10,#00ed00,0x20e0,#00ef00
124,37,5,88,11,#00fe00,0x20f0,#00ff00
124,38,1,79,2,#006500,0x0060,#006300
124,38,2,80,3,#007600,0x0070,#007300
124,38,3,81,4,#008700,0x0080,#008400
124,38,4,82,5,#009800,0x0090,#009400
124,38,5,83,6,#00a900,0x20a0,#00ad00
124,38,6,84,7,#00ba00,0x20b0,#00bd00
124,49,1,79,2,#006500,0x0060,#006300
124,49,2,80,3,#007600,0x0070,#007300
124,49,3,81,4,#008700,0x0080,#008400
124,49,4,82,5,#009800,0x0090,#009400
124,49,5,83,6,#00a900,0x20a0,#00ad00
124,49,6,84,7,#00ba00,0x20b0,#00bd00
124,50,1,90,13,#00ed00,0x20e0,#00ef00
124,50,2,94,17,#00a900,0x20a0,#00ad00
124,50,3,95,18,#009800,0x0090,#009400
124,56,1,77,0,#004300,0x0040,#004200
124,56,2,78,1,#005400,0x0050,#005200
124,56,3,79,2,#006500,0x0060,#006300
124,59,1,77,0,#004300,0x0040,#004200
124,59,2,78,1,#005400,0x0050,#005200
124,59,3,79,2,#006500,0x0060,#006300
124,60,1,83,6,#00a900,0x20a0,#00ad00
124,60,2,84,7,#00ba00,0x20b0,#00bd00
124,62,1,79,2,#006500,0x0060,#006300
124,62,2,80,3,#007600,0x0070,#007300
124,62,3,81,4,#008700,0x0080,#008400
124,62,4,82,5,#009800,0x0090,#009400
124,62,5,83,6,#00a900,0x20a0,#00ad00
124,62,6,84,7,#00ba00,0x20b0,#00bd00
124,63,1,84,7,#00ba00,0x20b0,#00bd00
124,63,2,85,8,#00cb00,0x20c0,#00ce00
124,63,3,86,9,#00dc00,0x20d0,#00de00
124,63,4,87,10,#00ed00,0x20e0,#00ef00
124,63,5,90,13,#00ed00,0x20e0,#00ef00
124,63,6,91,14,#00dc00,0x20d0,#00de00
124,64,1,84,7,#00ba00,0x20b0,#00bd00
124,64,2,85,8,#00cb00,0x20c0,#00ce00
124,64,3,86,9,#00dc00,0x20d0,#00de00
124,64,4,87,10,#00ed00,0x20e0,#00ef00
124,64,5,88,11,#00fe00,0x20f0,#00ff00
124,64,6,89,12,#00fe00,0x20f0,#00ff00
124,65,1,90,13,#00ed00,0x20e0,#00ef00
124,65,2,91,14,#00dc00,0x20d0,#00de00
124,65,3,92,15,#00cb00,0x20c0,#00ce00
124,65,4,93,16,#00ba00,0x20b0,#00bd00
124,65,5,94,17,#00a900,0x20a0,#00ad00
124,65,6,95,18,#009800,0x0090,#009400
124,66,1,79,2,#006500,0x0060,#006300
124,66,2,80,3,#007600,0x0070,#007300
124,66,3,81,4,#008700,0x0080,#008400
124,66,4,82,5,#009800,0x0090,#009400
124,66,5,83,6,#00a900,0x20a0,#00ad00
124,66,6,84,7,#00ba00,0x20b0,#00bd00
124,68,1,79,2,#006500,0x0060,#006300
124,68,2,80,3,#007600,0x0070,#007300
124,68,3,84,7,#00ba00,0x20b0,#00bd00
124,69,1,90,13,#00ed00,0x20e0,#00ef00
124,70,1,85,8,#00cb00,0x20c0,#00ce00
124,70,2,86,9,#00dc00,0x20d0,#00de00
124,70,3,87,10,#00ed00,0x20e0,#00ef00
124,70,4,88,11,#00fe00,0x20f0,#00ff00
124,70,5,89,12,#00fe00,0x20f0,#00ff00
124,70,6,95,18,#009800,0x0090,#009400
124,70,7,96,19,#008700,0x0080,#008400
124,74,1,84,7,#00ba00,0x20b0,#00bd00
124,74,2,85,8,#00cb00,0x20c0,#00ce00
124,74,3,86,9,#00dc00,0x20d0,#00de00
124,74,4,87,10,#00ed00,0x20e0,#00ef00
124,74,5,88,11,#00fe00,0x20f0,#00ff00
124,74,6,89,12,#00fe00,0x20f0,#00ff00
124,76,1,77,0,#004300,0x0040,#004200
124,76,2,78,1,#005400,0x0050,#005200
124,76,3,79,2,#006500,0x0060,#006300
124,79,1,84,7,#00ba00,0x20b0,#00bd00
124,79,2,85,8,#00cb00,0x20c0,#00ce00
124,79,3,86,9,#00dc00,0x20d0,#00de00
124,79,4,87,10,#00ed00,0x20e0,#00ef00
125,34,1,77,0,#005400,0x0050,#005200
125,34,2,78,1,#006500,0x0060,#006300
125,34,3,79,2,#007600,0x0070,#007300
125,35,1,78,1,#006500,0x0060,#006300
125,35,2,79,2,#007600,0x0070,#007300
125,36,1,84,7,#00cb00,0x20c0,#00ce00
125,36,2,85,8,#00dc00,0x20d0,#00de00
125,36,3,86,9,#00ed00,0x20e0,#00ef00
125,36,4,87,10,#00fe00,0x20f0,#00ff00
125,37,1,84,7,#00cb00,0x20c0,#00ce00
125,37,2,85,8,#00dc00,0x20d0,#00de00
125,37,3,86,9,#00ed00,0x20e0,#00ef00
125,37,4,87,10,#00fe00,0x20f0,#00ff00
125,37,5,88,11,#00fe00,0x20f0,#00ff00
125,38,1,79,2,#007600,0x0070,#007300
125,38,2,80,3,#008700,0x0080,#008400
125,38,3,81,4,#009800,0x0090,#009400
125,38,4,82,5,#00a900,0x20a0,#00ad00
125,38,5,83,6,#00ba00,0x20b0,#00bd00
125,38,6,84,7,#00cb00,0x20c0,#00ce00
125,49,1,79,2,#007600,0x0070,#007300
125,49,2,80,3,#008700,0x0080,#008400
125,49,3,81,4,#009800,0x0090,#009400
125,49,4,82,5,#00a900,0x20a0,#00ad00
125,49,5,83,6,#00ba00,0x20b0,#00bd00
125,49,6,84,7,#00cb00,0x20c0,#00ce00
125,50,1,90,13,#00dc00,0x20d0,#00de00
125,50,2,94,17,#009800,0x0090,#009400
125,50,3,95,18,#008700,0x0080,#008400
125,56,1,77,0,#005400,0x0050,#005200
125,56,2,78,1,#006500,0x0060,#006300
125,56,3,79,2,#007600,0x0070,#007300
125,59,1,77,0,#005400,0x0050,#005200
125,59,2,78,1,#006500,0x0060,#006300
125,59,3,79,2,#007600,0x0070,#007300
125,60,1,83,6,#00ba00,0x20b0,#00bd00
125,60,2,84,7,#00cb00,0x20c0,#00ce00
125,62,1,79,2,#007600,0x0070,#007300
125,62,2,80,3,#008700,0x0080,#008400
125,62,3,81,4,#009800,0x0090,#009400
125,62,4,82,5,#00a900,0x20a0,#00ad00
125,62,5,83,6,#00ba00,0x20b0,#00bd00
125,62,6,84,7,#00cb00,0x20c0,#00ce00
125,63,1,84,7,#00cb00,0x20c0,#00ce00
125,63,2,85,8,#00dc00,0x20d0,#00de00
125,63,3,86,9,#00ed00,0x20e0,#00ef00
125,63,4,87,10,#00fe00,0x20f0,#00ff00
125,63,5,90,13,#00dc00,0x20d0,#00de00
125,63,6,91,14,#00cb00,0x20c0,#00ce00
125,64,1,84,7,#00cb00,0x20c0,#00ce00
125,64,2,85,8,#00dc00,0x20d0,#00de00
125,64,3,86,9,#00ed00,0x20e0,#00ef00
125,64,4,87,10,#00fe00,0x20f0,#00ff00
125,64,5,88,11,#00fe00,0x20f0,#00ff00
125,64,6,89,12,#00ed00,0x20e0,#00ef00
125,65,1,90,13,#00dc00,0x20d0,#00de00
125,65,2,91,14,#00cb00,0x20c0,#00ce00
125,65,3,92,15,#00ba00,0x20b0,#00bd00
125,65,4,93,16,#00a900,0x20a0,#00ad00
125,65,5,94,17,#009800,0x0090,#009400
125,65,6,95,18,#008700,0x0080,#008400
125,66,1,79,2,#007600,0x0070,#007300
125,66,2,80,3,#008700,0x0080,#008400
125,66,3,81,4,#009800,0x0090,#009400
125,66,4,82,5,#00a900,0x20a0,#00ad00
125,66,5,83,6,#00ba00,0x20b0,#00bd00
125,66,6,84,7,#00cb00,0x20c0,#00ce00
125,68,1,79,2,#007600,0x0070,#007300
125,68,2,80,3,#008700,0x0080,#008400
125,68,3,84,7,#00cb00,0x20c0,#00ce00
125,69,1,90,13,#00dc00,0x20d0,#00de00
125,70,1,85,8,#00dc00,0x20d0,#00de00
125,70,2,86,9,#00ed00,0x20e0,#00ef00
125,70,3,87,10,#00fe00,0x20f0,#00ff00
125,70,4,88,11,#00fe00,0x20f0,#00ff00
125,70,5,89,12,#00ed00,0x20e0,#00ef00
125,70,6,95,18,#008700,0x0080,#008400
125,70,7,96,19,#007600,0x0070,#007300
125,74,1,84,7,#00cb00,0x20c0,#00ce00
125,74,2,85,8,#00dc00,0x20d0,#00de00
125,74,3,86,9,#00ed00,0x20e0,#00ef00
125,74,4,87,10,#00fe00,0x20f0,#00ff00
125,74,5,88,11,#00fe00,0x20f0,#00ff00
125,74,6,89,12,#00ed00,0x20e0,#00ef00
125,76,1,77,0,#005400,0x0050,#005200
125,76,2,78,1,#006500,0x0060,#006300
125,76,3,79,2,#007600,0x0070,#007300
125,79,1,84,7,#00cb00,0x20c0,#00ce00
125,79,2,85,8,#00dc00,0x20d0,#00de00
125,79,3,86,9,#00ed00,0x20e0,#00ef00
125,79,4,87,10,#00fe00,0x20f0,#00ff00
126,34,1,77,0,#006500,0x0060,#006300
126,34,2,78,1,#007600,0x0070,#007300
126,34,3,79,2,#008700,0x0080,#008400
126,35,1,78,1,#007600,0x0070,#007300
126,35,2,79,2,#008700,0x0080,#008400
126,36,1,84,7,#00dc00,0x20d0,#00de00
126,36,2,85,8,#00ed00,0x20e0,#00ef00
126,36,3,86,9,#00fe00,0x20f0,#00ff00
126,36,4,87,10,#00fe00,0x20f0,#00ff00
126,37,1,84,7,#00dc00,0x20d0,#00de00
126,37,2,85,8,#00ed00,0x20e0,#00ef00
126,37,3,86,9,#00fe00,0x20f0,#00ff00
126,37,4,87,10,#00fe00,0x20f0,#00ff00
126,37,5,88,11,#00ed00,0x20e0,#00ef00
126,38,1,79,2,#008700,0x0080,#008400
126,38,2,80,3,#009800,0x0090,#009400
126,38,3,81,4,#00a900,0x20a0,#00ad00
126,38,4,82,5,#00ba00,0x20b0,#00bd00
126,38,5,83,6,#00cb00,0x20c0,#00ce00
126,38,6,84,7,#00dc00,0x20d0,#00de00
126,49,1,79,2,#008700,0x0080,#008400
126,49,2,80,3,#009800,0x0090,#009400
126,49,3,81,4,#00a900,0x20a0,#00ad00
126,49,4,82,5,#00ba00,0x20b0,#00bd00
126,49,5,83,6,#00cb00,0x20c0,#00ce00
126,49,6,84,7,#00dc00,0x20d0,#00de00
126,50,1,90,13,#00cb00,0x20c0,#00ce00
126,50,2,94,17,#008700,0x0080,#008400
126,50,3,95,18,#007600,0x0070,#007300
126,56,1,77,0,#006500,0x0060,#006300
126,56,2,78,1,#007600,0x0070,#007300
126,56,3,79,2,#008700,0x0080,#008400
126,59,1,77,0,#006500,0x0060,#006300
126,59,2,78,1,#007600,0x0070,#007300
126,59,3,79,2,#008700,0x0080,#008400
126,60,1,83,6,#00cb00,0x20c0,#00ce00
126,60,2,84,7,#00dc00,0x20d0,#00de00
126,62,1,79,2,#008700,0x0080,#008400
126,62,2,80,3,#009800,0x0090,#009400
126,62,3,81,4,#00a900,0x20a0,#00ad00
126,62,4,82,5,#00ba00,0x20b0,#00bd00
126,62,5,83,6,#00cb00,0x20c0,#00ce00
126,62,6,84,7,#00dc00,0x20d0,#00de00
126,63,1,84,7,#00dc00,0x20d0,#00de00
126,63,2,85,8,#00ed00,0x20e0,#00ef00
126,63,3,86,9,#00fe00,0x20f0,#00ff00
126,63,4,87,10,#00fe00,0x20f0,#00ff00
126,63,5,90,13,#00cb00,0x20c0,#00ce00
126,63,6,91,14,#00ba00,0x20b0,#00bd00
126,64,1,84,7,#00dc00,0x20d0,#00de00
126,64,2,85,8,#00ed00,0x20e0,#00ef00
126,64,3,86,9,#00fe00,0x20f0,#00ff00
126,64,4,87,10,#00fe00,0x20f0,#00ff00
126,64,5,88,11,#00ed00,0x20e0,#00ef00
126,64,6,89,12,#00dc00,0x20d0,#00de00
126,65,1,90,13,#00cb00,0x20c0,#00ce00
126,65,2,91,14,#00ba00,0x20b0,#00bd00
126,65,3,92,15,#00a900,0x20a0,#00ad00
126,65,4,93,16,#009800,0x0090,#009400
126,65,5,94,17,#008700,0x0080,#008400
126,65,6,95,18,#007600,0x0070,#007300
126,66,1,79,2,#008700,0x0080,#008400
126,66,2,80,3,#009800,0x0090,#009400
126,66,3,81,4,#00a900,0x20a0,#00ad00
126,66,4,82,5,#00ba00,0x20b0,#00bd00
126,66,5,83,6,#00cb00,0x20c0,#00ce00
126,66,6,84,7,#00dc00,0x20d0,#00de00
126,68,1,79,2,#008700,0x0080,#008400
126,68,2,80,3,#009800,0x0090,#009400
126,68,3,84,7,#00dc00,0x20d0,#00de00
126,69,1,90,13,#00cb00,0x20c0,#00ce00
126,70,1,85,8,#00ed00,0x20e0,#00ef00
126,70,2,86,9,#00fe00,0x20f0,#00ff00
126,70,3,87,10,#00fe00,0x20f0,#00ff00
126,70,4,88,11,#00ed00,0x20e0,#00ef00
126,70,5,89,12,#00dc00,0x20d0,#00de00
126,70,6,95,18,#007600,0x0070,#007300
126,70,7,96,19,#006500,0x0060,#006300
126,74,1,84,7,#00dc00,0x20d0,#00de00
126,74,2,85,8,#00ed00,0x20e0,#00ef00
126,74,3,86,9,#00fe00,0x20f0,#00ff00
126,74,4,87,10,#00fe00,0x20f0,#00ff00
126,74,5,88,11,#00ed00,0x20e0,#00ef00
126,74,6,89,12,#00dc00,0x20d0,#00de00
126,76,1,77,0,#006500,0x0060,#006300
126,76,2,78,1,#007600,0x0070,#007300
126,76,3,79,2,#008700,0x0080,#008400
126,79,1,84,7,#00dc00,0x20d0,#00de00
126,79,2,85,8,#00ed00,0x20e0,#00ef00
126,79,3,86,9,#00fe00,0x20f0,#00ff00
126,79,4,87,10,#00fe00,0x20f0,#00ff00
127,34,1,77,0,#007600,0x0070,#007300
127,34,2,78,1,#008700,0x0080,#008400
127,34,3,79,2,#009800,0x0090,#009400
127,35,1,78,1,#008700,0x0080,#008400
127,35,2,79,2,#009800,0x0090,#009400
127,36,1,84,7,#00ed00,0x20e0,#00ef00
127,36,2,85,8,#00fe00,0x20f0,#00ff00
127,36,3,86,9,#00fe00,0x20f0,#00ff00
127,36,4,87,10,#00ed00,0x20e0,#00ef00
127,37,1,84,7,#00ed00,0x20e0,#00ef00
127,37,2,85,8,#00fe00,0x20f0,#00ff00
127,37,3,86,9,#00fe00,0x20f0,#00ff00
127,37,4,87,10,#00ed00,0x20e0,#00ef00
127,37,5,88,11,#00dc00,0x20d0,#00de00
127,38,1,79,2,#009800,0x0090,#009400
127,38,2,80,3,#00a900,0x20a0,#00ad00
127,38,3,81,4,#00ba00,0x20b0,#00bd00
127,38,4,82,5,#00cb00,0x20c0,#00ce00
127,38,5,83,6,#00dc00,0x20d0,#00de00
127,38,6,84,7,#00ed00,0x20e0,#00ef00
127,49,1,79,2,#009800,0x0090,#009400
127,49,2,80,3,#00a900,0x20a0,#00ad00
127,49,3,81,4,#00ba00,0x20b0,#00bd00
127,49,4,82,5,#00cb00,0x20c0,#00ce00
127,49,5,83,6,#00dc00,0x20d0,#00de00
127,49,6,84,7,#00ed00,0x20e0,#00ef00
127,50,1,90,13,#00ba00,0x20b0,#00bd00
127,50,2,94,17,#007600,0x0070,#007300
127,50,3,95,18,#006500,0x0060,#006300
127,56,1,77,0,#007600,0x0070,#007300
127,56,2,78,1,#008700,0x0080,#008400
127,56,3,79,2,#009800,0x0090,#009400
127,59,1,77,0,#007600,0x0070,#007300
127,59,2,78,1,#008700,0x0080,#008400
127,59,3,79,2,#009800,0x0090,#009400
127,60,1,83,6,#00dc00,0x20d0,#00de00
127,60,2,84,7,#00ed00,0x20e0,#00ef00
127,62,1,79,2,#009800,0x0090,#009400
127,62,2,80,3,#00a900,0x20a0,#00ad00
127,62,3,81,4,#00ba00,0x20b0,#00bd00
127,62,4,82,5,#00cb00,0x20c0,#00ce00
127,62,5,83,6,#00dc00,0x20d0,#00de00
127,62,6,84,7,#00ed00,0x20e0,#00ef00
127,63,1,84,7,#00ed00,0x20e0,#00ef00
127,63,2,85,8,#00fe00,0x20f0,#00ff00
127,63,3,86,9,#00fe00,0x20f0,#00ff00
127,63,4,87,10,#00ed00,0x20e0,#00ef00
127,63,5,90,13,#00ba00,0x20b0,#00bd00
127,63,6,91,14,#00a900,0x20a0,#00ad00
127,64,1,84,7,#00ed00,0x20e0,#00ef00
127,64,2,85,8,#00fe00,0x20f0,#00ff00
127,64,3,86,9,#00fe00,0x20f0,#00ff00
127,64,4,87,10,#00ed00,0x20e0,#00ef00
127,64,5,88,11,#00dc00,0x20d0,#00de00
127,64,6,89,12,#00cb00,0x20c0,#00ce00
127,65,1,90,13,#00ba00,0x20b0,#00bd00
127,65,2,91,14,#00a900,0x20a0,#00ad00
127,65,3,92,15,#009800,0x0090,#009400
127,65,4,93,16,#008700,0x0080,#008400
127,65,5,94,17,#007600,0x0070,#007300
127,65,6,95,18,#006500,0x0060,#006300
127,66,1,79,2,#009800,0x0090,#009400
127,66,2,80,3,#00a900,0x20a0,#00ad00
127,66,3,81,4,#00ba00,0x20b0,#00bd00
127,66,4,82,5,#00cb00,0x20c0,#00ce00
127,66,5,83,6,#00dc00,0x20d0,#00de00
127,66,6,84,7,#00ed00,0x20e0,#00ef00
127,68,1,79,2,#009800,0x0090,#009400
127,68,2,80,3,#00a900,0x20a0,#00ad00
127,68,3,84,7,#00ed00,0x20e0,#00ef00
127,69,1,90,13,#00ba00,0x20b0,#00bd00
127,70,1,85,8,#00fe00,0x20f0,#00ff00
127,70,2,86,9,#00fe00,0x20f0,#00ff00
127,70,3,87,10,#00ed00,0x20e0,#00ef00
127,70,4,88,11,#00dc00,0x20d0,#00de00
127,70,5,89,12,#00cb00,0x20c0,#00ce00
127,70,6,95,18,#006500,0x0060,#006300
127,70,7,96,19,#005400,0x0050,#005200
127,74,1,84,7,#00ed00,0x20e0,#00ef00
127,74,2,85,8,#00fe00,0x20f0,#00ff00
127,74,3,86,9,#00fe00,0x20f0,#00ff00
127,74,4,87,10,#00ed00,0x20e0,#00ef00
127,74,5,88,11,#00dc00,0x20d0,#00de00
127,74,6,89,12,#00cb00,0x20c0,#00ce00
127,76,1,77,0,#007600,0x0070,#007300
127,76,2,78,1,#008700,0x0080,#008400
127,76,3,79,2,#009800,0x0090,#009400
127,79,1,84,7,#00ed00,0x20e0,#00ef00
127,79,2,85,8,#00fe00,0x20f0,#00ff00
127,79,3,86,9,#00fe00,0x20f0,#00ff00
127,79,4,87,10,#00ed00,0x20e0,#00ef00
128,34,1,77,0,#008700,0x0080,#008400
128,34,2,78,1,#009800,0x0090,#009400
128,34,3,79,2,#00a900,0x20a0,#00ad00
128,35,1,78,1,#009800,0x0090,#009400
128,35,2,79,2,#00a900,0x20a0,#00ad00
128,36,1,84,7,#00fe00,0x20f0,#00ff00
128,36,2,85,8,#00fe00,0x20f0,#00ff00
128,36,3,86,9,#00ed00,0x20e0,#00ef00
128,36,4,87,10,#00dc00,0x20d0,#00de00
128,37,1,84,7,#00fe00,0x20f0,#00ff00
128,37,2,85,8,#00fe00,0x20f0,#00ff00
128,37,3,86,9,#00ed00,0x20e0,#00ef00
128,37,4,87,10,#00dc00,0x20d0,#00de00
128,37,5,88,11,#00cb00,0x20c0,#00ce00
128,38,1,79,2,#00a900,0x20a0,#00ad00
128,38,2,80,3,#00ba00,0x20b0,#00bd00
128,38,3,81,4,#00cb00,0x20c0,#00ce00
128,38,4,82,5,#00dc00,0x20d0,#00de00
128,38,5,83,6,#00ed00,0x20e0,#00ef00
128,38,6,84,7,#00fe00,0x20f0,#00ff00
128,49,1,79,2,#00a900,0x20a0,#00ad00
128,49,2,80,3,#00ba00,0x20b0,#00bd00
128,49,3,81,4,#00cb00,0x20c0,#00ce00
128,49,4,82,5,#00dc00,0x20d0,#00de00
128,49,5,83,6,#00ed00,0x20e0,#00ef00
128,49,6,84,7,#00fe00,0x20f0,#00ff00
128,50,1,90,13,#00a900,0x20a0,#00ad00
128,50,2,94,17,#006500,0x0060,#006300
128,50,3,95,18,#005400,0x0050,#005200
128,56,1,77,0,#008700,0x0080,#008400
128,56,2,78,1,#009800,0x0090,#009400
128,56,3,79,2,#00a900,0x20a0,#00ad00
128,59,1,77,0,#008700,0x0080,#008400
128,59,2,78,1,#009800,0x0090,#009400
128,59,3,79,2,#00a900,0x20a0,#00ad00
128,60,1,83,6,#00ed00,0x20e0,#00ef00
128,60,2,84,7,#00fe00,0x20f0,#00ff00
128,62,1,79,2,#00a900,0x20a0,#00ad00
128,62,2,80,3,#00ba00,0x20b0,#00bd00
128,62,3,81,4,#00cb00,0x20c0,#00ce00
128,62,4,82,5,#00dc00,0x20d0,#00de00
128,62,5,83,6,#00ed00,0x20e0,#00ef00
128,62,6,84,7,#00fe00,0x20f0,#00ff00
128,63,1,84,7,#00fe00,0x20f0,#00ff00
128,63,2,85,8,#00fe00,0x20f0,#00ff00
128,63,3,86,9,#00ed00,0x20e0,#00ef00
128,63,4,87,10,#00dc00,0x20d0,#00de00
128,63,5,90,13,#00a900,0x20a0,#00ad00
128,63,6,91,14,#009800,0x0090,#009400
128,64,1,84,7,#00fe00,0x20f0,#00ff00
128,64,2,85,8,#00fe00,0x20f0,#00ff00
128,64,3,86,9,#00ed00,0x20e0,#00ef00
128,64,4,87,10,#00dc00,0x20d0,#00de00
128,64,5,88,11,#00cb00,0x20c0,#00ce00
128,64,6,89,12,#00ba00,0x20b0,#00bd00
128,65,1,90,13,#00a900,0x20a0,#00ad00
128,65,2,91,14,#009800,0x0090,#009400
128,65,3,92,15,#008700,0x0080,#008400
128,65,4,93,16,#007600,0x0070,#007300
128,65,5,94,17,#006500,0x0060,#006300
128,65,6,95,18,#005400,0x0050,#005200
128,66,1,79,2,#00a900,0x20a0,#00ad00
128,66,2,80,3,#00ba00,0x20b0,#00bd00
128,66,3,81,4,#00cb00,0x20c0,#00ce00
128,66,4,82,5,#00dc00,0x20d0,#00de00
128,66,5,83,6,#00ed00,0x20e0,#00ef00
128,66,6,84,7,#00fe00,0x20f0,#00ff00
128,68,1,79,2,#00a900,0x20a0,#00ad00
128,68,2,80,3,#00ba00,0x20b0,#00bd00
128,68,3,84,7,#00fe00,0x20f0,#00ff00
128,69,1,90,13,#00a900,0x20a0,#00ad00
128,70,1,85,8,#00fe00,0x20f0,#00ff00
128,70,2,86,9,#00ed00,0x20e0,#00ef00
128,70,3,87,10,#00dc00,0x20d0,#00de00
128,70,4,88,11,#00cb00,0x20c0,#00ce00
128,70,5,89,12,#00ba00,0x20b0,#00bd00
128,70,6,95,18,#005400,0x0050,#005200
128,70,7,96,19,#004300,0x0040,#004200
128,74,1,84,7,#00fe00,0x20f0,#00ff00
128,74,2,85,8,#00fe00,0x20f0,#00ff00
128,74,3,86,9,#00ed00,0x20e0,#00ef00
128,74,4,87,10,#00dc00,0x20d0,#00de00
128,74,5,88,11,#00cb00,0x20c0,#00ce00
128,74,6,89,12,#00ba00,0x20b0,#00bd00
128,76,1,77,0,#008700,0x0080,#008400
128,76,2,78,1,#009800,0x0090,#009400
128,76,3,79,2,#00a900,0x20a0,#00ad00
128,79,1,84,7,#00fe00,0x20f0,#00ff00
128,79,2,85,8,#00fe00,0x20f0,#00ff00
128,79,3,86,9,#00ed00,0x20e0,#00ef00
128,79,4,87,10,#00dc00,0x20d0,#00de00
129,34,1,77,0,#009800,0x0090,#009400
129,34,2,78,1,#00a900,0x20a0,#00ad00
129,34,3,79,2,#00ba00,0x20b0,#00bd00
129,35,1,78,1,#00a900,0x20a0,#00ad00
129,35,2,79,2,#00ba00,0x20b0,#00bd00
129,36,1,84,7,#00fe00,0x20f0,#00ff00
129,36,2,85,8,#00ed00,0x20e0,#00ef00
129,36,3,86,9,#00dc00,0x20d0,#00de00
129,36,4,87,10,#00cb00,0x20c0,#00ce00
129,37,1,84,7,#00fe00,0x20f0,#00ff00
129,37,2,85,8,#00ed00,0x20e0,#00ef00
129,37,3,86,9,#00dc00,0x20d0,#00de00
129,37,4,87,10,#00cb00,0x20c0,#00ce00
129,37,5,88,11,#00ba00,0x20b0,#00bd00
129,38,1,79,2,#00ba00,0x20b0,#00bd00
129,38,2,80,3,#00cb00,0x20c0,#00ce00
129,38,3,81,4,#00dc00,0x20d0,#00de00
129,38,4,82,5,#00ed00,0x20e0,#00ef00
129,38,5,83,6,#00fe00,0x20f0,#00ff00
129,38,6,84,7,#00fe00,0x20f0,#00ff00
129,49,1,79,2,#00ba00,0x20b0,#00bd00
129,49,2,80,3,#00cb00,0x20c0,#00ce00
129,49,3,81,4,#00dc00,0x20d0,#00de00
129,49,4,82,5,#00ed00,0x20e0,#00ef00
129,49,5,83,6,#00fe00,0x20f0,#00ff00
129,49,6,84,7,#00fe00,0x20f0,#00ff00
129,50,1,90,13,#009800,0x0090,#009400
129,50,2,94,17,#005400,0x0050,#005200
129,50,3,95,18,#004300,0x0040,#004200
129,56,1,77,0,#009800,0x0090,#009400
129,56,2,78,1,#00a900,0x20a0,#00ad00
129,56,3,79,2,#00ba00,0x20b0,#00bd00
129,59,1,77,0,#009800,0x0090,#009400
129,59,2,78,1,#00a900,0x20a0,#00ad00
129,59,3,79,2,#00ba00,0x20b0,#00bd00
129,60,1,83,6,#00fe00,0x20f0,#00ff00
129,60,2,84,7,#00fe00,0x20f0,#00ff00
129,62,1,79,2,#00ba00,0x20b0,#00bd00
129,62,2,80,3,#00cb00,0x20c0,#00ce00
129,62,3,81,4,#00dc00,0x20d0,#00de00
129,62,4,82,5,#00ed00,0x20e0,#00ef00
129,62,5,83,6,#00fe00,0x20f0,#00ff00
129,62,6,84,7,#00fe00,0x20f0,#00ff00
129,63,1,84,7,#00fe00,0x20f0,#00ff00
129,63,2,85,8,#00ed00,0x20e0,#00ef00
129,63,3,86,9,#00dc00,0x20d0,#00de00
129,63,4,87,10,#00cb00,0x20c0,#00ce00
129,63,5,90,13,#009800,0x0090,#009400
129,63,6,91,14,#008700,0x0080,#008400
129,64,1,84,7,#00fe00,0x20f0,#00ff00
129,64,2,85,8,#00ed00,0x20e0,#00ef00
129,64,3,86,9,#00dc00,0x20d0,#00de00
129,64,4,87,10,#00cb00,0x20c0,#00ce00
129,64,5,88,11,#00ba00,0x20b0,#00bd00
129,64,6,89,12,#00a900,0x20a0,#00ad00
129,65,1,90,13,#009800,0x0090,#009400
129,65,2,91,14,#008700,0x0080,#008400
129,65,3,92,15,#007600,0x0070,#007300
129,65,4,93,16,#006500,0x0060,#006300
129,65,5,94,17,#005400,0x0050,#005200
129,65,6,95,18,#004300,0x0040,#004200
129,66,1,79,2,#00ba00,0x20b0,#00bd00
129,66,2,80,3,#00cb00,0x20c0,#00ce00
129,66,3,81,4,#00dc00,0x20d0,#00de00
129,66,4,82,5,#00ed00,0x20e0,#00ef00
129,66,5,83,6,#00fe00,0x20f0,#00ff00
129,66,6,84,7,#00fe00,0x20f0,#00ff00
129,68,1,79,2,#00ba00,0x20b0,#00bd00
129,68,2,80,3,#00cb00,0x20c0,#00ce00
129,68,3,84,7,#00fe00,0x20f0,#00ff00
129,69,1,90,13,#009800,0x0090,#009400
129,70,1,85,8,#00ed00,0x20e0,#00ef00
129,70,2,86,9,#00dc00,0x20d0,#00de00
129,70,3,87,10,#00cb00,0x20c0,#00ce00
129,70,4,88,11,#00ba00,0x20b0,#00bd00
129,70,5,89,12,#00a900,0x20a0,#00ad00
129,70,6,95,18,#004300,0x0040,#004200
129,70,7,96,19,#003200,0x0030,#003100
129,74,1,84,7,#00fe00,0x20f0,#00ff00
129,74,2,85,8,#00ed00,0x20e0,#00ef00
129,74,3,86,9,#00dc00,0x20d0,#00de00
129,74,4,87,10,#00cb00,0x20c0,#00ce00
129,74,5,88,11,#00ba00,0x20b0,#00bd00
129,74,6,89,12,#00a900,0x20a0,#00ad00
129,76,1,77,0,#009800,0x0090,#009400
129,76,2,78,1,#00a900,0x20a0,#00ad00
129,76,3,79,2,#00ba00,0x20b0,#00bd00
129,79,1,84,7,#00fe00,0x20f0,#00ff00
129,79,2,85,8,#00ed00,0x20e0,#00ef00
129,79,3,86,9,#00dc00,0x20d0,#00de00
129,79,4,87,10,#00cb00,0x20c0,#00ce00
130,34,1,77,0,#00a900,0x20a0,#00ad00
130,34,2,78,1,#00ba00,0x20b0,#00bd00
130,34,3,79,2,#00cb00,0x20c0,#00ce00
130,35,1,78,1,#00ba00,0x20b0,#00bd00
130,35,2,79,2,#00cb00,0x20c0,#00ce00
130,36,1,84,7,#00ed00,0x20e0,#00ef00
130,36,2,85,8,#00dc00,0x20d0,#00de00
130,36,3,86,9,#00cb00,0x20c0,#00ce00
130,36,4,87,10,#00ba00,0x20b0,#00bd00
130,37,1,84,7,#00ed00,0x20e0,#00ef00
130,37,2,85,8,#00dc00,0x20d0,#00de00
130,37,3,86,9,#00cb00,0x20c0,#00ce00
130,37,4,87,10,#00ba00,0x20b0,#00bd00
130,37,5,88,11,#00a900,0x20a0,#00ad00
130,38,1,79,2,#00cb00,0x20c0,#00ce00
130,38,2,80,3,#00dc00,0x20d0,#00de00
130,38,3,81,4,#00ed00,0x20e0,#00ef00
130,38,4,82,5,#00fe00,0x20f0,#00ff00
130,38,5,83,6,#00fe00,0x20f0,#00ff00
130,38,6,84,7,#00ed00,0x20e0,#00ef00
130,49,1,79,2,#00cb00,0x20c0,#00ce00
130,49,2,80,3,#00dc00,0x20d0,#00de00
130,49,3,81,4,#00ed00,0x20e0,#00ef00
130,49,4,82,5,#00fe00,0x20f0,#00ff00
130,49,5,83,6,#00fe00,0x20f0,#00ff00
130,49,6,84,7,#00ed00,0x20e0,#00ef00
130,50,1,90,13,#008700,0x0080,#008400
130,50,2,94,17,#004300,0x0040,#004200
130,50,3,95,18,#003200,0x0030,#003100
130,56,1,77,0,#00a900,0x20a0,#00ad00
130,56,2,78,1,#00ba00,0x20b0,#00bd00
130,56,3,79,2,#00cb00,0x20c0,#00ce00
130,59,1,77,0,#00a900,0x20a0,#00ad00
130,59,2,78,1,#00ba00,0x20b0,#00bd00
130,59,3,79,2,#00cb00,0x20c0,#00ce00
130,60,1,83,6,#00fe00,0x20f0,#00ff00
130,60,2,84,7,#00ed00,0x20e0,#00ef00
130,62,1,79,2,#00cb00,0x20c0,#00ce00
130,62,2,80,3,#00dc00,0x20d0,#00de00
130,62,3,81,4,#00ed00,0x20e0,#00ef00
130,62,4,82,5,#00fe00,0x20f0,#00ff00
130,62,5,83,6,#00fe00,0x20f0,#00ff00
130,62,6,84,7,#00ed00,0x20e0,#00ef00
130,63,1,84,7,#00ed00,0x20e0,#00ef00
130,63,2,85,8,#00dc00,0x20d0,#00de00
130,63,3,86,9,#00cb00,0x20c0,#00ce00
130,63,4,87,10,#00ba00,0x20b0,#00bd00
130,63,5,90,13,#008700,0x0080,#008400
130,63,6,91,14,#007600,0x0070,#007300
130,64,1,84,7,#00ed00,0x20e0,#00ef00
130,64,2,85,8,#00dc00,0x20d0,#00de00
130,64,3,86,9,#00cb00,0x20c0,#00ce00
130,64,4,87,10,#00ba00,0x20b0,#00bd00
130,64,5,88,11,#00a900,0x20a0,#00ad00
130,64,6,89,12,#009800,0x0090,#009400
130,65,1,90,13,#008700,0x0080,#008400
130,65,2,91,14,#007600,0x0070,#007300
130,65,3,92,15,#006500,0x0060,#006300
130,65,4,93,16,#005400,0x0050,#005200
130,65,5,94,17,#004300,0x0040,#004200
130,65,6,95,18,#003200,0x0030,#003100
130,66,1,79,2,#00cb00,0x20c0,#00ce00
130,66,2,80,3,#00dc00,0x20d0,#00de00
130,66,3,81,4,#00ed00,0x20e0,#00ef00
130,66,4,82,5,#00fe00,0x20f0,#00ff00
130,66,5,83,6,#00fe00,0x20f0,#00ff00
130,66,6,84,7,#00ed00,0x20e0,#00ef00
130,68,1,79,2,#00cb00,0x20c0,#00ce00
130,68,2,80,3,#00dc00,0x20d0,#00de00
130,68,3,84,7,#00ed00,0x20e0,#00ef00
130,69,1,90,13,#008700,0x0080,#008400
130,70,1,85,8,#00dc00,0x20d0,#00de00
130,70,2,86,9,#00cb00,0x20c0,#00ce00
130,70,3,87,10,#00ba00,0x20b0,#00bd00
130,70,4,88,11,#00a900,0x20a0,#00ad00
130,70,5,89,12,#009800,0x0090,#009400
130,70,6,95,18,#003200,0x0030,#003100
130,70,7,96,19,#002100,0x0020,#002100
130,74,1,84,7,#00ed00,0x20e0,#00ef00
130,74,2,85,8,#00dc00,0x20d0,#00de00
130,74,3,86,9,#00cb00,0x20c0,#00ce00
130,74,4,87,10,#00ba00,0x20b0,#00bd00
130,74,5,88,11,#00a900,0x20a0,#00ad00
130,74,6,89,12,#009800,0x0090,#009400
130,76,1,77,0,#00a900,0x20a0,#00ad00
130,76,2,78,1,#00ba00,0x20b0,#00bd00
130,76,3,79,2,#00cb00,0x20c0,#00ce00
130,79,1,84,7,#00ed00,0x20e0,#00ef00
130,79,2,85,8,#00dc00,0x20d0,#00de00
130,79,3,86,9,#00cb00,0x20c0,#00ce00
130,79,4,87,10,#00ba00,0x20b0,#00bd00
131,34,1,77,0,#00ba00,0x20b0,#00bd00
131,34,2,78,1,#00cb00,0x20c0,#00ce00
131,34,3,79,2,#00dc00,0x20d0,#00de00
131,35,1,78,1,#00cb00,0x20c0,#00ce00
131,35,2,79,2,#00dc00,0x20d0,#00de00
131,36,1,84,7,#00dc00,0x20d0,#00de00
131,36,2,85,8,#00cb00,0x20c0,#00ce00
131,36,3,86,9,#00ba00,0x20b0,#00bd00
131,36,4,87,10,#00a900,0x20a0,#00ad00
131,37,1,84,7,#00dc00,0x20d0,#00de00
131,37,2,85,8,#00cb00,0x20c0,#00ce00
131,37,3,86,9,#00ba00,0x20b0,#00bd00
131,37,4,87,10,#00a900,0x20a0,#00ad00
131,37,5,88,11,#009800,0x0090,#009400
131,38,1,79,2,#00dc00,0x20d0,#00de00
131,38,2,80,3,#00ed00,0x20e0,#00ef00
131,38,3,81,4,#00fe00,0x20f0,#00ff00
131,38,4,82,5,#00fe00,0x20f0,#00ff00
131,38,5,83,6,#00ed00,0x20e0,#00ef00
131,38,6,84,7,#00dc00,0x20d0,#00de00
131,49,1,79,2,#00dc00,0x20d0,#00de00
131,49,2,80,3,#00ed00,0x20e0,#00ef00
131,49,3,81,4,#00fe00,0x20f0,#00ff00
131,49,4,82,5,#00fe00,0x20f0,#00ff00
131,49,5,83,6,#00ed00,0x20e0,#00ef00
131,49,6,84,7,#00dc00,0x20d0,#00de00
131,50,1,90,13,#007600,0x0070,#007300
131,50,2,94,17,#003200,0x0030,#003100
131,50,3,95,18,#002100,0x0020,#002100
131,56,1,77,0,#00ba00,0x20b0,#00bd00
131,56,2,78,1,#00cb00,0x20c0,#00ce00
131,56,3,79,2,#00dc00,0x20d0,#00de00
131,59,1,77,0,#00ba00,0x20b0,#00bd00
131,59,2,78,1,#00cb00,0x20c0,#00ce00
131,59,3,79,2,#00dc00,0x20d0,#00de00
131,60,1,83,6,#00ed00,0x20e0,#00ef00
131,60,2,84,7,#00dc00,0x20d0,#00de00
131,62,1,79,2,#00dc00,0x20d0,#00de00
131,62,2,80,3,#00ed00,0x20e0,#00ef00
131,62,3,81,4,#00fe00,0x20f0,#00ff00
131,62,4,82,5,#00fe00,0x20f0,#00ff00
131,62,5,83,6,#00ed00,0x20e0,#00ef00
131,62,6,84,7,#00dc00,0x20d0,#00de00
131,63,1,84,7,#00dc00,0x20d0,#00de00
131,63,2,85,8,#00cb00,0x20c0,#00ce00
131,63,3,86,9,#00ba00,0x20b0,#00bd00
131,63,4,87,10,#00a900,0x20a0,#00ad00
131,63,5,90,13,#007600,0x0070,#007300
131,63,6,91,14,#006500,0x0060,#006300
131,64,1,84,7,#00dc00,0x20d0,#00de00
131,64,2,85,8,#00cb00,0x20c0,#00ce00
131,64,3,86,9,#00ba00,0x20b0,#00bd00
131,64,4,87,10,#00a900,0x20a0,#00ad00
131,64,5,88,11,#009800,0x0090,#009400
131,64,6,89,12,#008700,0x0080,#008400
131,65,1,90,13,#007600,0x0070,#007300
131,65,2,91,14,#006500,0x0060,#006300
131,65,3,92,15,#005400,0x0050,#005200
131,65,4,93,16,#004300,0x0040,#004200
131,65,5,94,17,#003200,0x0030,#003100
131,65,6,95,18,#002100,0x0020,#002100
131,66,1,79,2,#00dc00,0x20d0,#00de00
131,66,2,80,3,#00ed00,0x20e0,#00ef00
131,66,3,81,4,#00fe00,0x20f0,#00ff00
131,66,4,82,5,#00fe00,0x20f0,#00ff00
131,66,5,83,6,#00ed00,0x20e0,#00ef00
131,66,6,84,7,#00dc00,0x20d0,#00de00
131,68,1,79,2,#00dc00,0x20d0,#00de00
131,68,2,80,3,#00ed00,0x20e0,#00ef00
131,68,3,84,7,#00dc00,0x20d0,#00de00
131,69,1,90,13,#007600,0x0070,#007300
131,70,1,85,8,#00cb00,0x20c0,#00ce00
131,70,2,86,9,#00ba00,0x20b0,#00bd00
131,70,3,87,10,#00a900,0x20a0,#00ad00
131,70,4,88,11,#009800,0x0090,#009400
131,70,5,89,12,#008700,0x0080,#008400
131,70,6,95,18,#002100,0x0020,#002100
131,70,7,96,19,#171700,0x6110,#191900
131,74,1,84,7,#00dc00,0x20d0,#00de00
131,74,2,85,8,#00cb00,0x20c0,#00ce00
131,74,3,86,9,#00ba00,0x20b0,#00bd00
131,74,4,87,10,#00a900,0x20a0,#00ad00
131,74,5,88,11,#009800,0x0090,#009400
131,74,6,89,12,#008700,0x0080,#008400
131,76,1,77,0,#00ba00,0x20b0,#00bd00
131,76,2,78,1,#00cb00,0x20c0,#00ce00
131,76,3,79,2,#00dc00,0x20d0,#00de00
131,79,1,84,7,#00dc00,0x20d0,#00de00
131,79,2,85,8,#00cb00,0x20c0,#00ce00
131,79,3,86,9,#00ba00,0x20b0,#00bd00
131,79,4,87,10,#00a900,0x20a0,#00ad00
132,34,1,77,0,#00cb00,0x20c0,#00ce00
132,34,2,78,1,#00dc00,0x20d0,#00de00
132,34,3,79,2,#00ed00,0x20e0,#00ef00
132,35,1,78,1,#00dc00,0x20d0,#00de00
132,35,2,79,2,#00ed00,0x20e0,#00ef00
132,36,1,84,7,#00cb00,0x20c0,#00ce00
132,36,2,85,8,#00ba00,0x20b0,#00bd00
132,36,3,86,9,#00a900,0x20a0,#00ad00
132,36,4,87,10,#009800,0x0090,#009400
132,37,1,84,7,#00cb00,0x20c0,#00ce00
132,37,2,85,8,#00ba00,0x20b0,#00bd00
132,37,3,86,9,#00a900,0x20a0,#00ad00
132,37,4,87,10,#009800,0x0090,#009400
132,37,5,88,11,#008700,0x0080,#008400
132,38,1,79,2,#00ed00,0x20e0,#00ef00
132,38,2,80,3,#00fe00,0x20f0,#00ff00
132,38,3,81,4,#00fe00,0x20f0,#00ff00
132,38,4,82,5,#00ed00,0x20e0,#00ef00
132,38,5,83,6,#00dc00,0x20d0,#00de00
132,38,6,84,7,#00cb00,0x20c0,#00ce00
132,49,1,79,2,#00ed00,0x20e0,#00ef00
132,49,2,80,3,#00fe00,0x20f0,#00ff00
132,49,3,81,4,#00fe00,0x20f0,#00ff00
132,49,4,82,5,#00ed00,0x20e0,#00ef00
132,49,5,83,6,#00dc00,0x20d0,#00de00
132,49,6,84,7,#00cb00,0x20c0,#00ce00
132,50,1,90,13,#006500,0x0060,#006300
132,50,2,94,17,#002100,0x0020,#002100
132,50,3,95,18,#171700,0x6110,#191900
132,56,1,77,0,#00cb00,0x20c0,#00ce00
132,56,2,78,1,#00dc00,0x20d0,#00de00
132,56,3,79,2,#00ed00,0x20e0,#00ef00
132,59,1,77,0,#00cb00,0x20c0,#00ce00
132,59,2,78,1,#00dc00,0x20d0,#00de00
132,59,3,79,2,#00ed00,0x20e0,#00ef00
132,60,1,83,6,#00dc00,0x20d0,#00de00
132,60,2,84,7,#00cb00,0x20c0,#00ce00
132,62,1,79,2,#00ed00,0x20e0,#00ef00
132,62,2,80,3,#00fe00,0x20f0,#00ff00
132,62,3,81,4,#00fe00,0x20f0,#00ff00
132,62,4,82,5,#00ed00,0x20e0,#00ef00
132,62,5,83,6,#00dc00,0x20d0,#00de00
132,62,6,84,7,#00cb00,0x20c0,#00ce00
132,63,1,84,7,#00cb00,0x20c0,#00ce00
132,63,2,85,8,#00ba00,0x20b0,#00bd00
132,63,3,86,9,#00a900,0x20a0,#00ad00
132,63,4,87,10,#009800,0x0090,#009400
132,63,5,90,13,#006500,0x0060,#006300
132,63,6,91,14,#005400,0x0050,#005200
132,64,1,84,7,#00cb00,0x20c0,#00ce00
132,64,2,85,8,#00ba00,0x20b0,#00bd00
132,64,3,86,9,#00a900,0x20a0,#00ad00
132,64,4,87,10,#009800,0x0090,#009400
132,64,5,88,11,#008700,0x0080,#008400
132,64,6,89,12,#007600,0x0070,#007300
132,65,1,90,13,#006500,0x0060,#006300
132,65,2,91,14,#005400,0x0050,#005200
132,65,3,92,15,#004300,0x0040,#004200
132,65,4,93,16,#003200,0x0030,#003100
132,65,5,94,17,#002100,0x0020,#002100
132,65,6,95,18,#171700,0x6110,#191900
132,66,1,79,2,#00ed00,0x20e0,#00ef00
132,66,2,80,3,#00fe00,0x20f0,#00ff00
132,66,3,81,4,#00fe00,0x20f0,#00ff00
132,66,4,82,5,#00ed00,0x20e0,#00ef00
132,66,5,83,6,#00dc00,0x20d0,#00de00
132,66,6,84,7,#00cb00,0x20c0,#00ce00
132,68,1,79,2,#00ed00,0x20e0,#00ef00
132,68,2,80,3,#00fe00,0x20f0,#00ff00
132,68,3,84,7,#00cb00,0x20c0,#00ce00
132,69,1,90,13,#006500,0x0060,#006300
132,70,1,85,8,#00ba00,0x20b0,#00bd00
132,70,2,86,9,#00a900,0x20a0,#00ad00
132,70,3,87,10,#009800,0x0090,#009400
132,70,4,88,11,#008700,0x0080,#008400
132,70,5,89,12,#007600,0x0070,#007300
132,70,6,95,18,#171700,0x6110,#191900
132,70,7,96,19,#1f1f00,0x0220,#212100
132,74,1,84,7,#00cb00,0x20c0,#00ce00
132,74,2,85,8,#00ba00,0x20b0,#00bd00
132,74,3,86,9,#00a900,0x20a0,#00ad00
132,74,4,87,10,#009800,0x0090,#009400
132,74,5,88,11,#008700,0x0080,#008400
132,74,6,89,12,#007600,0x0070,#007300
132,76,1,77,0,#00cb00,0x20c0,#00ce00
132,76,2,78,1,#00dc00,0x20d0,#00de00
132,76,3,79,2,#00ed00,0x20e0,#00ef00
132,79,1,84,7,#00cb00,0x20c0,#00ce00
132,79,2,85,8,#00ba00,0x20b0,#00bd00
132,79,3,86,9,#00a900,0x20a0,#00ad00
132,79,4,87,10,#009800,0x0090,#009400
133,34,1,77,0,#00dc00,0x20d0,#00de00
133,34,2,78,1,#00ed00,0x20e0,#00ef00
133,34,3,79,2,#00fe00,0x20f0,#00ff00
133,35,1,78,1,#00ed00,0x20e0,#00ef00
133,35,2,79,2,#00fe00,0x20f0,#00ff00
133,36,1,84,7,#00ba00,0x20b0,#00bd00
133,36,2,85,8,#00a900,0x20a0,#00ad00
133,36,3,86,9,#009800,0x0090,#009400
133,36,4,87,10,#008700,0x0080,#008400
133,37,1,84,7,#00ba00,0x20b0,#00bd00
133,37,2,85,8,#00a900,0x20a0,#00ad00
133,37,3,86,9,#009800,0x0090,#009400
133,37,4,87,10,#008700,0x0080,#008400
133,37,5,88,11,#007600,0x0070,#007300
133,38,1,79,2,#00fe00,0x20f0,#00ff00
133,38,2,80,3,#00fe00,0x20f0,#00ff00
133,38,3,81,4,#00ed00,0x20e0,#00ef00
133,38,4,82,5,#00dc00,0x20d0,#00de00
133,38,5,83,6,#00cb00,0x20c0,#00ce00
133,38,6,84,7,#00ba00,0x20b0,#00bd00
133,49,1,79,2,#00fe00,0x20f0,#00ff00
133,49,2,80,3,#00fe00,0x20f0,#00ff00
133,49,3,81,4,#00ed00,0x20e0,#00ef00
133,49,4,82,5,#00dc00,0x20d0,#00de00
133,49,5,83,6,#00cb00,0x20c0,#00ce00
133,49,6,84,7,#00ba00,0x20b0,#00bd00
133,50,1,90,13,#005400,0x0050,#005200
133,50,2,94,17,#171700,0x6110,#191900
133,50,3,95,18,#1f1f00,0x0220,#212100
133,56,1,77,0,#00dc00,0x20d0,#00de00
133,56,2,78,1,#00ed00,0x20e0,#00ef00
133,56,3,79,2,#00fe00,0x20f0,#00ff00
133,59,1,77,0,#00dc00,0x20d0,#00de00
133,59,2,78,1,#00ed00,0x20e0,#00ef00
133,59,3,79,2,#00fe00,0x20f0,#00ff00
133,60,1,83,6,#00cb00,0x20c0,#00ce00
133,60,2,84,7,#00ba00,0x20b0,#00bd00
133,62,1,79,2,#00fe00,0x20f0,#00ff00
133,62,2,80,3,#00fe00,0x20f0,#00ff00
133,62,3,81,4,#00ed00,0x20e0,#00ef00
133,62,4,82,5,#00dc00,0x20d0,#00de00
133,62,5,83,6,#00cb00,0x20c0,#00ce00
133,62,6,84,7,#00ba00,0x20b0,#00bd00
133,63,1,84,7,#00ba00,0x20b0,#00bd00
133,63,2,85,8,#00a900,0x20a0,#00ad00
133,63,3,86,9,#009800,0x0090,#009400
133,63,4,87,10,#008700,0x0080,#008400
133,63,5,90,13,#005400,0x0050,#005200
133,63,6,91,14,#004300,0x0040,#004200
133,64,1,84,7,#00ba00,0x20b0,#00bd00
133,64,2,85,8,#00a900,0x20a0,#00ad00
133,64,3,86,9,#009800,0x0090,#009400
133,64,4,87,10,#008700,0x0080,#008400
133,64,5,88,11,#007600,0x0070,#007300
133,64,6,89,12,#006500,0x0060,#006300
133,65,1,90,13,#005400,0x0050,#005200
133,65,2,91,14,#004300,0x0040,#004200
133,65,3,92,15,#003200,0x0030,#003100
133,65,4,93,16,#002100,0x0020,#002100
133,65,5,94,17,#171700,0x6110,#191900
133,65,6,95,18,#1f1f00,0x0220,#212100
133,66,1,79,2,#00fe00,0x20f0,#00ff00
133,66,2,80,3,#00fe00,0x20f0,#00ff00
133,66,3,81,4,#00ed00,0x20e0,#00ef00
133,66,4,82,5,#00dc00,0x20d0,#00de00
133,66,5,83,6,#00cb00,0x20c0,#00ce00
133,66,6,84,7,#00ba00,0x20b0,#00bd00
133,68,1,79,2,#00fe00,0x20f0,#00ff00
133,68,2,80,3,#00fe00,0x20f0,#00ff00
133,68,3,84,7,#00ba00,0x20b0,#00bd00
133,69,1,90,13,#005400,0x0050,#005200
133,70,1,85,8,#00a900,0x20a0,#00ad00
133,70,2,86,9,#009800,0x0090,#009400
133,70,3,87,10,#008700,0x0080,#008400
133,70,4,88,11,#007600,0x0070,#007300
133,70,5,89,12,#006500,0x0060,#006300
133,70,6,95,18,#1f1f00,0x0220,#212100
133,70,7,96,19,#272700,0x6220,#292900
133,74,1,84,7,#00ba00,0x20b0,#00bd00
133,74,2,85,8,#00a900,0x20a0,#00ad00
133,74,3,86,9,#009800,0x0090,#009400
133,74,4,87,10,#008700,0x0080,#008400
133,74,5,88,11,#007600,0x0070,#007300
133,74,6,89,12,#006500,0x0060,#006300
133,76,1,77,0,#00dc00,0x20d0,#00de00
133,76,2,78,1,#00ed00,0x20e0,#00ef00
133,76,3,79,2,#00fe00,0x20f0,#00ff00
133,79,1,84,7,#00ba00,0x20b0,#00bd00
133,79,2,85,8,#00a900,0x20a0,#00ad00
133,79,3,86,9,#009800,0x0090,#009400
133,79,4,87,10,#008700,0x0080,#008400
134,34,1,77,0,#00ed00,0x20e0,#00ef00
134,34,2,78,1,#00fe00,0x20f0,#00ff00
134,34,3,79,2,#00fe00,0x20f0,#00ff00
134,35,1,78,1,#00fe00,0x20f0,#00ff00
134,35,2,79,2,#00fe00,0x20f0,#00ff00
134,36,1,84,7,#00a900,0x20a0,#00ad00
134,36,2,85,8,#009800,0x0090,#009400
134,36,3,86,9,#008700,0x0080,#008400
134,36,4,87,10,#007600,0x0070,#007300
134,37,1,84,7,#00a900,0x20a0,#00ad00
134,37,2,85,8,#009800,0x0090,#009400
134,37,3,86,9,#008700,0x0080,#008400
134,37,4,87,10,#007600,0x0070,#007300
134,37,5,88,11,#006500,0x0060,#006300
134,38,1,79,2,#00fe00,0x20f0,#00ff00
134,38,2,80,3,#00ed00,0x20e0,#00ef00
134,38,3,81,4,#00dc00,0x20d0,#00de00
134,38,4,82,5,#00cb00,0x20c0,#00ce00
134,38,5,83,6,#00ba00,0x20b0,#00bd00
134,38,6,84,7,#00a900,0x20a0,#00ad00
134,49,1,79,2,#00fe00,0x20f0,#00ff00
134,49,2,80,3,#00ed00,0x20e0,#00ef00
134,49,3,81,4,#00dc00,0x20d0,#00de00
134,49,4,82,5,#00cb00,0x20c0,#00ce00
134,49,5,83,6,#00ba00,0x20b0,#00bd00
134,49,6,84,7,#00a900,0x20a0,#00ad00
134,50,1,90,13,#004300,0x0040,#004200
134,50,2,94,17,#1f1f00,0x0220,#212100
134,50,3,95,18,#272700,0x6220,#292900
134,56,1,77,0,#00ed00,0x20e0,#00ef00
134,56,2,78,1,#00fe00,0x20f0,#00ff00
134,56,3,79,2,#00fe00,0x20f0,#00ff00
134,59,1,77,0,#00ed00,0x20e0,#00ef00
134,59,2,78,1,#00fe00,0x20f0,#00ff00
134,59,3,79,2,#00fe00,0x20f0,#00ff00
134,60,1,83,6,#00ba00,0x20b0,#00bd00
134,60,2,84,7,#00a900,0x20a0,#00ad00
134,62,1,79,2,#00fe00,0x20f0,#00ff00
134,62,2,80,3,#00ed00,0x20e0,#00ef00
134,62,3,81,4,#00dc00,0x20d0,#00de00
134,62,4,82,5,#00cb00,0x20c0,#00ce00
134,62,5,83,6,#00ba00,0x20b0,#00bd00
134,62,6,84,7,#00a900,0x20a0,#00ad00
134,63,1,84,7,#00a900,0x20a0,#00ad00
134,63,2,85,8,#009800,0x0090,#009400
134,63,3,86,9,#008700,0x0080,#008400
134,63,4,87,10,#007600,0x0070,#007300
134,63,5,90,13,#004300,0x0040,#004200
134,63,6,91,14,#003200,0x0030,#003100
134,64,1,84,7,#00a900,0x20a0,#00ad00
134,64,2,85,8,#009800,0x0090,#009400
134,64,3,86,9,#008700,0x0080,#008400
134,64,4,87,10,#007600,0x0070,#007300
134,64,5,88,11,#006500,0x0060,#006300
134,64,6,89,12,#005400,0x0050,#005200
134,65,1,90,13,#004300,0x0040,#004200
134,65,2,91,14,#003200,0x0030,#003100
134,65,3,92,15,#002100,0x0020,#002100
134,65,4,93,16,#171700,0x6110,#191900
134,65,5,94,17,#1f1f00,0x0220,#212100
134,65,6,95,18,#272700,0x6220,#292900
134,66,1,79,2,#00fe00,0x20f0,#00ff00
134,66,2,80,3,#00ed00,0x20e0,#00ef00
134,66,3,81,4,#00dc00,0x20d0,#00de00
134,66,4,82,5,#00cb00,0x20c0,#00ce00
134,66,5,83,6,#00ba00,0x20b0,#00bd00
134,66,6,84,7,#00a900,0x20a0,#00ad00
134,68,1,79,2,#00fe00,0x20f0,#00ff00
134,68,2,80,3,#00ed00,0x20e0,#00ef00
134,68,3,84,7,#00a900,0x20a0,#00ad00
134,69,1,90,13,#004300,0x0040,#004200
134,70,1,85,8,#009800,0x0090,#009400
134,70,2,86,9,#008700,0x0080,#008400
134,70,3,87,10,#007600,0x0070,#007300
134,70,4,88,11,#006500,0x0060,#006300
134,70,5,89,12,#005400,0x0050,#005200
134,70,6,95,18,#272700,0x6220,#292900
134,70,7,96,19,#2f2f00,0x0330,#313100
134,74,1,84,7,#00a900,0x20a0,#00ad00
134,74,2,85,8,#009800,0x0090,#009400
134,74,3,86,9,#008700,0x0080,#008400
134,74,4,87,10,#007600,0x0070,#007300
134,74,5,88,11,#006500,0x0060,#006300
134,74,6,89,12,#005400,0x0050,#005200
134,76,1,77,0,#00ed00,0x20e0,#00ef00
134,76,2,78,1,#00fe00,0x20f0,#00ff00
134,76,3,79,2,#00fe00,0x20f0,#00ff00
134,79,1,84,7,#00a900,0x20a0,#00ad00
134,79,2,85,8,#009800,0x0090,#009400
134,79,3,86,9,#008700,0x0080,#008400
134,79,4,87,10,#007600,0x0070,#007300
135,34,1,77,0,#00fe00,0x20f0,#00ff00
135,34,2,78,1,#00fe00,0x20f0,#00ff00
135,34,3,79,2,#00ed00,0x20e0,#00ef00
135,35,1,78,1,#00fe00,0x20f0,#00ff00
135,35,2,79,2,#00ed00,0x20e0,#00ef00
135,36,1,84,7,#009800,0x0090,#009400
135,36,2,85,8,#008700,0x0080,#008400
135,36,3,86,9,#007600,0x0070,#007300
135,36,4,87,10,#006500,0x0060,#006300
135,37,1,84,7,#009800,0x0090,#009400
135,37,2,85,8,#008700,0x0080,#008400
135,37,3,86,9,#007600,0x0070,#007300
135,37,4,87,10,#006500,0x0060,#006300
135,37,5,88,11,#005400,0x0050,#005200
135,38,1,79,2,#00ed00,0x20e0,#00ef00
135,38,2,80,3,#00dc00,0x20d0,#00de00
135,38,3,81,4,#00cb00,0x20c0,#00ce00
135,38,4,82,5,#00ba00,0x20b0,#00bd00
135,38,5,83,6,#00a900,0x20a0,#00ad00
135,38,6,84,7,#009800,0x0090,#009400
135,49,1,79,2,#00ed00,0x20e0,#00ef00
135,49,2,80,3,#00dc00,0x20d0,#00de00
135,49,3,81,4,#00cb00,0x20c0,#00ce00
135,49,4,82,5,#00ba00,0x20b0,#00bd00
135,49,5,83,6,#00a900,0x20a0,#00ad00
135,49,6,84,7,#009800,0x0090,#009400
135,50,1,90,13,#003200,0x0030,#003100
135,50,2,94,17,#272700,0x6220,#292900
135,50,3,95,18,#2f2f00,0x0330,#313100
135,56,1,77,0,#00fe00,0x20f0,#00ff00
135,56,2,78,1,#00fe00,0x20f0,#00ff00
135,56,3,79,2,#00ed00,0x20e0,#00ef00
135,59,1,77,0,#00fe00,0x20f0,#00ff00
135,59,2,78,1,#00fe00,0x20f0,#00ff00
135,59,3,79,2,#00ed00,0x20e0,#00ef00
135,60,1,83,6,#00a900,0x20a0,#00ad00
135,60,2,84,7,#009800,0x0090,#009400
135,62,1,79,2,#00ed00,0x20e0,#00ef00
135,62,2,80,3,#00dc00,0x20d0,#00de00
135,62,3,81,4,#00cb00,0x20c0,#00ce00
135,62,4,82,5,#00ba00,0x20b0,#00bd00
135,62,5,83,6,#00a900,0x20a0,#00ad00
135,62,6,84,7,#009800,0x0090,#009400
135,63,1,84,7,#009800,0x0090,#009400
135,63,2,85,8,#008700,0x0080,#008400
135,63,3,86,9,#007600,0x0070,#007300
135,63,4,87,10,#006500,0x0060,#006300
135,63,5,90,13,#003200,0x0030,#003100
135,63,6,91,14,#002100,0x0020,#002100
135,64,1,84,7,#009800,0x0090,#009400
135,64,2,85,8,#008700,0x0080,#008400
135,64,3,86,9,#007600,0x0070,#007300
135,64,4,87,10,#006500,0x0060,#006300
135,64,5,88,11,#005400,0x0050,#005200
135,64,6,89,12,#004300,0x0040,#004200
135,65,1,90,13,#003200,0x0030,#003100
135,65,2,91,14,#002100,0x0020,#002100
135,65,3,92,15,#171700,0x6110,#191900
135,65,4,93,16,#1f1f00,0x0220,#212100
135,65,5,94,17,#272700,0x6220,#292900
135,65,6,95,18,#2f2f00,0x0330,#313100
135,66,1,79,2,#00ed00,0x20e0,#00ef00
135,66,2,80,3,#00dc00,0x20d0,#00de00
135,66,3,81,4,#00cb00,0x20c0,#00ce00
135,66,4,82,5,#00ba00,0x20b0,#00bd00
135,66,5,83,6,#00a900,0x20a0,#00ad00
135,66,6,84,7,#009800,0x0090,#009400
135,68,1,79,2,#00ed00,0x20e0,#00ef00
135,68,2,80,3,#00dc00,0x20d0,#00de00
135,68,3,84,7,#009800,0x0090,#009400
135,69,1,90,13,#003200,0x0030,#003100
135,70,1,85,8,#008700,0x0080,#008400
135,70,2,86,9,#007600,0x0070,#007300
135,70,3,87,10,#006500,0x0060,#006300
135,70,4,88,11,#005400,0x0050,#005200
135,70,5,89,12,#004300,0x0040,#004200
135,70,6,95,18,#2f2f00,0x0330,#313100
135,70,7,96,19,#373700,0x6330,#3a3a00
135,74,1,84,7,#009800,0x0090,#009400
135,74,2,85,8,#008700,0x0080,#008400
135,74,3,86,9,#007600,0x0070,#007300
135,74,4,87,10,#006500,0x0060,#006300
135,74,5,88,11,#005400,0x0050,#005200
135,74,6,89,12,#004300,0x0040,#004200
135,76,1,77,0,#00fe00,0x20f0,#00ff00
135,76,2,78,1,#00fe00,0x20f0,#00ff00
135,76,3,79,2,#00ed00,0x20e0,#00ef00
135,79,1,84,7,#009800,0x0090,#009400
135,79,2,85,8,#008700,0x0080,#008400
135,79,3,86,9,#007600,0x0070,#007300
135,79,4,87,10,#006500,0x0060,#006300
136,34,1,77,0,#00fe00,0x20f0,#00ff00
136,34,2,78,1,#00ed00,0x20e0,#00ef00
136,34,3,79,2,#00dc00,0x20d0,#00de00
136,35,1,78,1,#00ed00,0x20e0,#00ef00
136,35,2,79,2,#00dc00,0x20d0,#00de00
136,36,1,84,7,#008700,0x0080,#008400
136,36,2,85,8,#007600,0x0070,#007300
136,36,3,86,9,#006500,0x0060,#006300
136,36,4,87,10,#005400,0x0050,#005200
136,37,1,84,7,#008700,0x0080,#008400
136,37,2,85,8,#007600,0x0070,#007300
136,37,3,86,9,#006500,0x0060,#006300
136,37,4,87,10,#005400,0x0050,#005200
136,37,5,88,11,#004300,0x0040,#004200
136,38,1,79,2,#00dc00,0x20d0,#00de00
136,38,2,80,3,#00cb00,0x20c0,#00ce00
136,38,3,81,4,#00ba00,0x20b0,#00bd00
136,38,4,82,5,#00a900,0x20a0,#00ad00
136,38,5,83,6,#009800,0x0090,#009400
136,38,6,84,7,#008700,0x0080,#008400
136,49,1,79,2,#00dc00,0x20d0,#00de00
136,49,2,80,3,#00cb00,0x20c0,#00ce00
136,49,3,81,4,#00ba00,0x20b0,#00bd00
136,49,4,82,5,#00a900,0x20a0,#00ad00
136,49,5,83,6,#009800,0x0090,#009400
136,49,6,84,7,#008700,0x0080,#008400
136,50,1,90,13,#002100,0x0020,#002100
136,50,2,94,17,#2f2f00,0x0330,#313100
136,50,3,95,18,#373700,0x6330,#3a3a00
136,56,1,77,0,#00fe00,0x20f0,#00ff00
136,56,2,78,1,#00ed00,0x20e0,#00ef00
136,56,3,79,2,#00dc00,0x20d0,#00de00
136,59,1,77,0,#00fe00,0x20f0,#00ff00
136,59,2,78,1,#00ed00,0x20e0,#00ef00
136,59,3,79,2,#00dc00,0x20d0,#00de00
136,60,1,83,6,#009800,0x0090,#009400
136,60,2,84,7,#008700,0x0080,#008400
136,62,1,79,2,#00dc00,0x20d0,#00de00
136,62,2,80,3,#00cb00,0x20c0,#00ce00
136,62,3,81,4,#00ba00,0x20b0,#00bd00
136,62,4,82,5,#00a900,0x20a0,#00ad00
136,62,5,83,6,#009800,0x0090,#009400
136,62,6,84,7,#008700,0x0080,#008400
136,63,1,84,7,#008700,0x0080,#008400
136,63,2,85,8,#007600,0x0070,#007300
136,63,3,86,9,#006500,0x0060,#006300
136,63,4,87,10,#005400,0x0050,#005200
136,63,5,90,13,#002100,0x0020,#002100
136,63,6,91,14,#171700,0x6110,#191900
136,64,1,84,7,#008700,0x0080,#008400
136,64,2,85,8,#007600,0x0070,#007300
136,64,3,86,9,#006500,0x0060,#006300
136,64,4,87,10,#005400,0x0050,#005200
136,64,5,88,11,#004300,0x0040,#004200
136,64,6,89,12,#003200,0x0030,#003100
136,65,1,90,13,#002100,0x0020,#002100
136,65,2,91,14,#171700,0x6110,#191900
136,65,3,92,15,#1f1f00,0x0220,#212100
136,65,4,93,16,#272700,0x6220,#292900
136,65,5,94,17,#2f2f00,0x0330,#313100
136,65,6,95,18,#373700,0x6330,#3a3a00
136,66,1,79,2,#00dc00,0x20d0,#00de00
136,66,2,80,3,#00cb00,0x20c0,#00ce00
136,66,3,81,4,#00ba00,0x20b0,#00bd00
136,66,4,82,5,#00a900,0x20a0,#00ad00
136,66,5,83,6,#009800,0x0090,#009400
136,66,6,84,7,#008700,0x0080,#008400
136,68,1,79,2,#00dc00,0x20d0,#00de00
136,68,2,80,3,#00cb00,0x20c0,#00ce00
136,68,3,84,7,#008700,0x0080,#008400
136,69,1,90,13,#002100,0x0020,#002100
136,70,1,85,8,#007600,0x0070,#007300
136,70,2,86,9,#006500,0x0060,#006300
136,70,3,87,10,#005400,0x0050,#005200
136,70,4,88,11,#004300,0x0040,#004200
136,70,5,89,12,#003200,0x0030,#003100
136,70,6,95,18,#373700,0x6330,#3a3a00
136,70,7,96,19,#3f3f00,0x0440,#424200
136,74,1,84,7,#008700,0x0080,#008400
136,74,2,85,8,#007600,0x0070,#007300
136,74,3,86,9,#006500,0x0060,#006300
136,74,4,87,10,#005400,0x0050,#005200
136,74,5,88,11,#004300,0x0040,#004200
136,74,6,89,12,#003200,0x0030,#003100
136,76,1,77,0,#00fe00,0x20f0,#00ff00
136,76,2,78,1,#00ed00,0x20e0,#00ef00
136,76,3,79,2,#00dc00,0x20d0,#00de00
136,79,1,84,7,#008700,0x0080,#008400
136,79,2,85,8,#007600,0x0070,#007300
136,79,3,86,9,#006500,0x0060,#006300
136,79,4,87,10,#005400,0x0050,#005200
137,34,1,77,0,#00ed00,0x20e0,#00ef00
137,34,2,78,1,#00dc00,0x20d0,#00de00
137,34,3,79,2,#00cb00,0x20c0,#00ce00
137,35,1,78,1,#00dc00,0x20d0,#00de00
137,35,2,79,2,#00cb00,0x20c0,#00ce00
137,36,1,84,7,#007600,0x0070,#007300
137,36,2,85,8,#006500,0x0060,#006300
137,36,3,86,9,#005400,0x0050,#005200
137,36,4,87,10,#004300,0x0040,#004200
137,37,1,84,7,#007600,0x0070,#007300
137,37,2,85,8,#006500,0x0060,#006300
137,37,3,86,9,#005400,0x0050,#005200
137,37,4,87,10,#004300,0x0040,#004200
137,37,5,88,11,#003200,0x0030,#003100
137,38,1,79,2,#00cb00,0x20c0,#00ce00
137,38,2,80,3,#00ba00,0x20b0,#00bd00
137,38,3,81,4,#00a900,0x20a0,#00ad00
137,38,4,82,5,#009800,0x0090,#009400
137,38,5,83,6,#008700,0x0080,#008400
137,38,6,84,7,#007600,0x0070,#007300
137,49,1,79,2,#00cb00,0x20c0,#00ce00
137,49,2,80,3,#00ba00,0x20b0,#00bd00
137,49,3,81,4,#00a900,0x20a0,#00ad00
137,49,4,82,5,#009800,0x0090,#009400
137,49,5,83,6,#008700,0x0080,#008400
137,49,6,84,7,#007600,0x0070,#007300
137,50,1,90,13,#171700,0x6110,#191900
137,50,2,94,17,#373700,0x6330,#3a3a00
137,50,3,95,18,#3f3f00,0x0440,#424200
137,56,1,77,0,#00ed00,0x20e0,#00ef00
137,56,2,78,1,#00dc00,0x20d0,#00de00
137,56,3,79,2,#00cb00,0x20c0,#00ce00
137,59,1,77,0,#00ed00,0x20e0,#00ef00
137,59,2,78,1,#00dc00,0x20d0,#00de00
137,59,3,79,2,#00cb00,0x20c0,#00ce00
137,60,1,83,6,#008700,0x0080,#008400
137,60,2,84,7,#007600,0x0070,#007300
137,62,1,79,2,#00cb00,0x20c0,#00ce00
137,62,2,80,3,#00ba00,0x20b0,#00bd00
137,62,3,81,4,#00a900,0x20a0,#00ad00
137,62,4,82,5,#009800,0x0090,#009400
137,62,5,83,6,#008700,0x0080,#008400
137,62,6,84,7,#007600,0x0070,#007300
137,63,1,84,7,#007600,0x0070,#007300
137,63,2,85,8,#006500,0x0060,#006300
137,63,3,86,9,#005400,0x0050,#005200
137,63,4,87,10,#004300,0x0040,#004200
137,63,5,90,13,#171700,0x6110,#191900
137,63,6,91,14,#1f1f00,0x0220,#212100
137,64,1,84,7,#007600,0x0070,#007300
137,64,2,85,8,#006500,0x0060,#006300
137,64,3,86,9,#005400,0x0050,#005200
137,64,4,87,10,#004300,0x0040,#004200
137,64,5,88,11,#003200,0x0030,#003100
137,64,6,89,12,#002100,0x0020,#002100
137,65,1,90,13,#171700,0x6110,#191900
137,65,2,91,14,#1f1f00,0x0220,#212100
137,65,3,92,15,#272700,0x6220,#292900
137,65,4,93,16,#2f2f00,0x0330,#313100
137,65,5,94,17,#373700,0x6330,#3a3a00
137,65,6,95,18,#3f3f00,0x0440,#424200
137,66,1,79,2,#00cb00,0x20c0,#00ce00
137,66,2,80,3,#00ba00,0x20b0,#00bd00
137,66,3,81,4,#00a900,0x20a0,#00ad00
137,66,4,82,5,#009800,0x0090,#009400
137,66,5,83,6,#008700,0x0080,#008400
137,66,6,84,7,#007600,0x0070,#007300
137,68,1,79,2,#00cb00,0x20c0,#00ce00
137,68,2,80,3,#00ba00,0x20b0,#00bd00
137,68,3,84,7,#007600,0x0070,#007300
137,69,1,90,13,#171700,0x6110,#191900
137,70,1,85,8,#006500,0x0060,#006300
137,70,2,86,9,#005400,0x0050,#005200
137,70,3,87,10,#004300,0x0040,#004200
137,70,4,88,11,#003200,0x0030,#003100
137,70,5,89,12,#002100,0x0020,#002100
137,70,6,95,18,#3f3f00,0x0440,#424200
137,70,7,96,19,#474700,0x6440,#4a4a00
137,74,1,84,7,#007600,0x0070,#007300
137,74,2,85,8,#006500,0x0060,#006300
137,74,3,86,9,#005400,0x0050,#005200
137,74,4,87,10,#004300,0x0040,#004200
137,74,5,88,11,#003200,0x0030,#003100
137,74,6,89,12,#002100,0x0020,#002100
137,76,1,77,0,#00ed00,0x20e0,#00ef00
137,76,2,78,1,#00dc00,0x20d0,#00de00
137,76,3,79,2,#00cb00,0x20c0,#00ce00
137,79,1,84,7,#007600,0x0070,#007300
137,79,2,85,8,#006500,0x0060,#006300
137,79,3,86,9,#005400,0x0050,#005200
137,79,4,87,10,#004300,0x0040,#004200
138,34,1,77,0,#00dc00,0x20d0,#00de00
138,34,2,78,1,#00cb00,0x20c0,#00ce00
138,34,3,79,2,#00ba00,0x20b0,#00bd00
138,35,1,78,1,#00cb00,0x20c0,#00ce00
138,35,2,79,2,#00ba00,0x20b0,#00bd00
138,36,1,84,7,#006500,0x0060,#006300
138,36,2,85,8,#005400,0x0050,#005200
138,36,3,86,9,#004300,0x0040,#004200
138,36,4,87,10,#003200,0x0030,#003100
138,37,1,84,7,#006500,0x0060,#006300
138,37,2,85,8,#005400,0x0050,#005200
138,37,3,86,9,#004300,0x0040,#004200
138,37,4,87,10,#003200,0x0030,#003100
138,37,5,88,11,#002100,0x0020,#002100
138,38,1,79,2,#00ba00,0x20b0,#00bd00
138,38,2,80,3,#00a900,0x20a0,#00ad00
138,38,3,81,4,#009800,0x0090,#009400
138,38,4,82,5,#008700,0x0080,#008400
138,38,5,83,6,#007600,0x0070,#007300
138,38,6,84,7,#006500,0x0060,#006300
138,49,1,79,2,#00ba00,0x20b0,#00bd00
138,49,2,80,3,#00a900,0x20a0,#00ad00
138,49,3,81,4,#009800,0x0090,#009400
138,49,4,82,5,#008700,0x0080,#008400
138,49,5,83,6,#007600,0x0070,#007300
138,49,6,84,7,#006500,0x0060,#006300
138,50,1,90,13,#1f1f00,0x0220,#212100
138,50,2,94,17,#3f3f00,0x0440,#424200
138,50,3,95,18,#474700,0x6440,#4a4a00
138,56,1,77,0,#00dc00,0x20d0,#00de00
138,56,2,78,1,#00cb00,0x20c0,#00ce00
138,56,3,79,2,#00ba00,0x20b0,#00bd00
138,59,1,77,0,#00dc00,0x20d0,#00de00
138,59,2,78,1,#00cb00,0x20c0,#00ce00
138,59,3,79,2,#00ba00,0x20b0,#00bd00
138,60,1,83,6,#007600,0x0070,#007300
138,60,2,84,7,#006500,0x0060,#006300
138,62,1,79,2,#00ba00,0x20b0,#00bd00
138,62,2,80,3,#00a900,0x20a0,#00ad00
138,62,3,81,4,#009800,0x0090,#009400
138,62,4,82,5,#008700,0x0080,#008400
138,62,5,83,6,#007600,0x0070,#007300
138,62,6,84,7,#006500,0x0060,#006300
138,63,1,84,7,#006500,0x0060,#006300
138,63,2,85,8,#005400,0x0050,#005200
138,63,3,86,9,#004300,0x0040,#004200
138,63,4,87,10,#003200,0x0030,#003100
138,63,5,90,13,#1f1f00,0x0220,#212100
138,63,6,91,14,#272700,0x6220,#292900
138,64,1,84,7,#006500,0x0060,#006300
138,64,2,85,8,#005400,0x0050,#005200
138,64,3,86,9,#004300,0x0040,#004200
138,64,4,87,10,#003200,0x0030,#003100
138,64,5,88,11,#002100,0x0020,#002100
138,64,6,89,12,#171700,0x6110,#191900
138,65,1,90,13,#1f1f00,0x0220,#212100
138,65,2,91,14,#272700,0x6220,#292900
138,65,3,92,15,#2f2f00,0x0330,#313100
138,65,4,93,16,#373700,0x6330,#3a3a00
138,65,5,94,17,#3f3f00,0x0440,#424200
138,65,6,95,18,#474700,0x6440,#4a4a00
138,66,1,79,2,#00ba00,0x20b0,#00bd00
138,66,2,80,3,#00a900,0x20a0,#00ad00
138,66,3,81,4,#009800,0x0090,#009400
138,66,4,82,5,#008700,0x0080,#008400
138,66,5,83,6,#007600,0x0070,#007300
138,66,6,84,7,#006500,0x0060,#006300
138,68,1,79,2,#00ba00,0x20b0,#00bd00
138,68,2,80,3,#00a900,0x20a0,#00ad00
138,68,3,84,7,#006500,0x0060,#006300
138,69,1,90,13,#1f1f00,0x0220,#212100
138,70,1,85,8,#005400,0x0050,#005200
138,70,2,86,9,#004300,0x0040,#004200
138,70,3,87,10,#003200,0x0030,#003100
138,70,4,88,11,#002100,0x0020,#002100
138,70,5,89,12,#171700,0x6110,#191900
138,70,6,95,18,#474700,0x6440,#4a4a00
138,70,7,96,19,#4f4f00,0x0550,#525200
138,74,1,84,7,#006500,0x0060,#006300
138,74,2,85,8,#005400,0x0050,#005200
138,74,3,86,9,#004300,0x0040,#004200
138,74,4,87,10,#003200,0x0030,#003100
138,74,5,88,11,#002100,0x0020,#002100
138,74,6,89,12,#171700,0x6110,#191900
138,76,1,77,0,#00dc00,0x20d0,#00de00
138,76,2,78,1,#00cb00,0x20c0,#00ce00
138,76,3,79,2,#00ba00,0x20b0,#00bd00
138,79,1,84,7,#006500,0x0060,#006300
138,79,2,85,8,#005400,0x0050,#005200
138,79,3,86,9,#004300,0x0040,#004200
138,79,4,87,10,#003200,0x0030,#003100
139,34,1,77,0,#00cb00,0x20c0,#00ce00
139,34,2,78,1,#00ba00,0x20b0,#00bd00
139,34,3,79,2,#00a900,0x20a0,#00ad00
139,35,1,78,1,#00ba00,0x20b0,#00bd00
139,35,2,79,2,#00a900,0x20a0,#00ad00
139,36,1,84,7,#005400,0x0050,#005200
139,36,2,85,8,#004300,0x0040,#004200
139,36,3,86,9,#003200,0x0030,#003100
139,36,4,87,10,#002100,0x0020,#002100
139,37,1,84,7,#005400,0x0050,#005200
139,37,2,85,8,#004300,0x0040,#004200
139,37,3,86,9,#003200,0x0030,#003100
139,37,4,87,10,#002100,0x0020,#002100
139,37,5,88,11,#171700,0x6110,#191900
139,38,1,79,2,#00a900,0x20a0,#00ad00
139,38,2,80,3,#009800,0x0090,#009400
139,38,3,81,4,#008700,0x0080,#008400
139,38,4,82,5,#007600,0x0070,#007300
139,38,5,83,6,#006500,0x0060,#006300
139,38,6,84,7,#005400,0x0050,#005200
139,49,1,79,2,#00a900,0x20a0,#00ad00
139,49,2,80,3,#009800,0x0090,#009400
139,49,3,81,4,#008700,0x0080,#008400
139,49,4,82,5,#007600,0x0070,#007300
139,49,5,83,6,#006500,0x0060,#006300
139,49,6,84,7,#005400,0x0050,#005200
139,50,1,90,13,#272700,0x6220,#292900
139,50,2,94,17,#474700,0x6440,#4a4a00
139,50,3,95,18,#4f4f00,0x0550,#525200
139,56,1,77,0,#00cb00,0x20c0,#00ce00
139,56,2,78,1,#00ba00,0x20b0,#00bd00
139,56,3,79,2,#00a900,0x20a0,#00ad00
139,59,1,77,0,#00cb00,0x20c0,#00ce00
139,59,2,78,1,#00ba00,0x20b0,#00bd00
139,59,3,79,2,#00a900,0x20a0,#00ad00
139,60,1,83,6,#006500,0x0060,#006300
139,60,2,84,7,#005400,0x0050,#005200
139,62,1,79,2,#00a900,0x20a0,#00ad00
139,62,2,80,3,#009800,0x0090,#009400
139,62,3,81,4,#008700,0x0080,#008400
139,62,4,82,5,#007600,0x0070,#007300
139,62,5,83,6,#006500,0x0060,#006300
139,62,6,84,7,#005400,0x0050,#005200
139,63,1,84,7,#005400,0x0050,#005200
139,63,2,85,8,#004300,0x0040,#004200
139,63,3,86,9,#003200,0x0030,#003100
139,63,4,87,10,#002100,0x0020,#002100
139,63,5,90,13,#272700,0x6220,#292900
139,63,6,91,14,#2f2f00,0x0330,#313100
139,64,1,84,7,#005400,0x0050,#005200
139,64,2,85,8,#004300,0x0040,#004200
139,64,3,86,9,#003200,0x0030,#003100
139,64,4,87,10,#002100,0x0020,#002100
139,64,5,88,11,#171700,0x6110,#191900
139,64,6,89,12,#1f1f00,0x0220,#212100
139,65,1,90,13,#272700,0x6220,#292900
139,65,2,91,14,#2f2f00,0x0330,#313100
139,65,3,92,15,#373700,0x6330,#3a3a00
139,65,4,93,16,#3f3f00,0x0440,#424200
139,65,5,94,17,#474700,0x6440,#4a4a00
139,65,6,95,18,#4f4f00,0x0550,#525200
139,66,1,79,2,#00a900,0x20a0,#00ad00
139,66,2,80,3,#009800,0x0090,#009400
139,66,3,81,4,#008700,0x0080,#008400
139,66,4,82,5,#007600,0x0070,#007300
139,66,5,83,6,#006500,0x0060,#006300
139,66,6,84,7,#005400,0x0050,#005200
139,68,1,79,2,#00a900,0x20a0,#00ad00
139,68,2,80,3,#009800,0x0090,#009400
139,68,3,84,7,#005400,0x0050,#005200
139,69,1,90,13,#272700,0x6220,#292900
139,70,1,85,8,#004300,0x0040,#004200
139,70,2,86,9,#003200,0x0030,#003100
139,70,3,87,10,#002100,0x0020,#002100
139,70,4,88,11,#171700,0x6110,#191900
139,70,5,89,12,#1f1f00,0x0220,#212100
139,70,6,95,18,#4f4f00,0x0550,#525200
139,70,7,96,19,#565600,0x0550,#525200
139,74,1,84,7,#005400,0x0050,#005200
139,74,2,85,8,#004300,0x0040,#004200
139,74,3,86,9,#003200,0x0030,#003100
139,74,4,87,10,#002100,0x0020,#002100
139,74,5,88,11,#171700,0x6110,#191900
139,74,6,89,12,#1f1f00,0x0220,#212100
139,76,1,77,0,#00cb00,0x20c0,#00ce00
139,76,2,78,1,#00ba00,0x20b0,#00bd00
139,76,3,79,2,#00a900,0x20a0,#00ad00
139,79,1,84,7,#005400,0x0050,#005200
139,79,2,85,8,#004300,0x0040,#004200
139,79,3,86,9,#003200,0x0030,#003100
139,79,4,87,10,#002100,0x0020,#002100
140,34,1,77,0,#00ba00,0x20b0,#00bd00
140,34,2,78,1,#00a900,0x20a0,#00ad00
140,34,3,79,2,#009800,0x0090,#009400
140,35,1,78,1,#00a900,0x20a0,#00ad00
140,35,2,79,2,#009800,0x0090,#009400
140,36,1,84,7,#004300,0x0040,#004200
140,36,2,85,8,#003200,0x0030,#003100
140,36,3,86,9,#002100,0x0020,#002100
140,36,4,87,10,#171700,0x6110,#191900
140,37,1,84,7,#004300,0x0040,#004200
140,37,2,85,8,#003200,0x0030,#003100
140,37,3,86,9,#002100,0x0020,#002100
140,37,4,87,10,#171700,0x6110,#191900
140,37,5,88,11,#1f1f00,0x0220,#212100
140,38,1,79,2,#009800,0x0090,#009400
140,38,2,80,3,#008700,0x0080,#008400
140,38,3,81,4,#007600,0x0070,#007300
140,38,4,82,5,#006500,0x0060,#006300
140,38,5,83,6,#005400,0x0050,#005200
140,38,6,84,7,#004300,0x0040,#004200
140,49,1,79,2,#009800,0x0090,#009400
140,49,2,80,3,#008700,0x0080,#008400
140,49,3,81,4,#007600,0x0070,#007300
140,49,4,82,5,#006500,0x0060,#006300
140,49,5,83,6,#005400,0x0050,#005200
140,49,6,84,7,#004300,0x0040,#004200
140,50,1,90,13,#2f2f00,0x0330,#313100
140,50,2,94,17,#4f4f00,0x0550,#525200
140,50,3,95,18,#565600,0x0550,#525200
140,56,1,77,0,#00ba00,0x20b0,#00bd00
140,56,2,78,1,#00a900,0x20a0,#00ad00
140,56,3,79,2,#009800,0x0090,#009400
140,59,1,77,0,#00ba00,0x20b0,#00bd00
140,59,2,78,1,#00a900,0x20a0,#00ad00
140,59,3,79,2,#009800,0x0090,#009400
140,60,1,83,6,#005400,0x0050,#005200
140,60,2,84,7,#004300,0x0040,#004200
140,62,1,79,2,#009800,0x0090,#009400
140,62,2,80,3,#008700,0x0080,#008400
140,62,3,81,4,#007600,0x0070,#007300
140,62,4,82,5,#006500,0x0060,#006300
140,62,5,83,6,#005400,0x0050,#005200
140,62,6,84,7,#004300,0x0040,#004200
140,63,1,84,7,#004300,0x0040,#004200
140,63,2,85,8,#003200,0x0030,#003100
140,63,3,86,9,#002100,0x0020,#002100
140,63,4,87,10,#171700,0x6110,#191900
140,63,5,90,13,#2f2f00,0x0330,#313100
140,63,6,91,14,#373700,0x6330,#3a3a00
140,64,1,84,7,#004300,0x0040,#004200
140,64,2,85,8,#003200,0x0030,#003100
140,64,3,86,9,#002100,0x0020,#002100
140,64,4,87,10,#171700,0x6110,#191900
140,64,5,88,11,#1f1f00,0x0220,#212100
140,64,6,89,12,#272700,0x6220,#292900
140,65,1,90,13,#2f2f00,0x0330,#313100
140,65,2,91,14,#373700,0x6330,#3a3a00
140,65,3,92,15,#3f3f00,0x0440,#424200
140,65,4,93,16,#474700,0x6440,#4a4a00
140,65,5,94,17,#4f4f00,0x0550,#525200
140,65,6,95,18,#565600,0x0550,#525200
140,66,1,79,2,#009800,0x0090,#009400
140,66,2,80,3,#008700,0x0080,#008400
140,66,3,81,4,#007600,0x0070,#007300
140,66,4,82,5,#006500,0x0060,#006300
140,66,5,83,6,#005400,0x0050,#005200
140,66,6,84,7,#004300,0x0040,#004200
140,68,1,79,2,#009800,0x0090,#009400
140,68,2,80,3,#008700,0x0080,#008400
140,68,3,84,7,#004300,0x0040,#004200
140,69,1,90,13,#2f2f00,0x0330,#313100
140,70,1,85,8,#003200,0x0030,#003100
140,70,2,86,9,#002100,0x0020,#002100
140,70,3,87,10,#171700,0x6110,#191900
140,70,4,88,11,#1f1f00,0x0220,#212100
140,70,5,89,12,#272700,0x6220,#292900
140,70,6,95,18,#565600,0x0550,#525200
140,70,7,96,19,#5e5e00,0x6550,#5a5a00
140,74,1,84,7,#004300,0x0040,#004200
140,74,2,85,8,#003200,0x0030,#003100
140,74,3,86,9,#002100,0x0020,#002100
140,74,4,87,10,#171700,0x6110,#191900
140,74,5,88,11,#1f1f00,0x0220,#212100
140,74,6,89,12,#272700,0x6220,#292900
140,76,1,77,0,#00ba00,0x20b0,#00bd00
140,76,2,78,1,#00a900,0x20a0,#00ad00
140,76,3,79,2,#009800,0x0090,#009400
140,79,1,84,7,#004300,0x0040,#004200
140,79,2,85,8,#003200,0x0030,#003100
140,79,3,86,9,#002100,0x0020,#002100
140,79,4,87,10,#171700,0x6110,#191900
141,34,1,77,0,#00a900,0x20a0,#00ad00
141,34,2,78,1,#009800,0x0090,#009400
141,34,3,79,2,#008700,0x0080,#008400
141,35,1,78,1,#009800,0x0090,#009400
141,35,2,79,2,#008700,0x0080,#008400
141,36,1,84,7,#003200,0x0030,#003100
141,36,2,85,8,#002100,0x0020,#002100
141,36,3,86,9,#171700,0x6110,#191900
141,36,4,87,10,#1f1f00,0x0220,#212100
141,37,1,84,7,#003200,0x0030,#003100
141,37,2,85,8,#002100,0x0020,#002100
141,37,3,86,9,#171700,0x6110,#191900
141,37,4,87,10,#1f1f00,0x0220,#212100
141,37,5,88,11,#272700,0x6220,#292900
141,38,1,79,2,#008700,0x0080,#008400
141,38,2,80,3,#007600,0x0070,#007300
141,38,3,81,4,#006500,0x0060,#006300
141,38,4,82,5,#005400,0x0050,#005200
141,38,5,83,6,#004300,0x0040,#004200
141,38,6,84,7,#003200,0x0030,#003100
141,49,1,79,2,#008700,0x0080,#008400
141,49,2,80,3,#007600,0x0070,#007300
141,49,3,81,4,#006500,0x0060,#006300
141,49,4,82,5,#005400,0x0050,#005200
141,49,5,83,6,#004300,0x0040,#004200
141,49,6,84,7,#003200,0x0030,#003100
141,50,1,90,13,#373700,0x6330,#3a3a00
141,50,2,94,17,#565600,0x0550,#525200
141,50,3,95,18,#5e5e00,0x6550,#5a5a00
141,56,1,77,0,#00a900,0x20a0,#00ad00
141,56,2,78,1,#009800,0x0090,#009400
141,56,3,79,2,#008700,0x0080,#008400
141,59,1,77,0,#00a900,0x20a0,#00ad00
141,59,2,78,1,#009800,0x0090,#009400
141,59,3,79,2,#008700,0x0080,#008400
141,60,1,83,6,#004300,0x0040,#004200
141,60,2,84,7,#003200,0x0030,#003100
141,62,1,79,2,#008700,0x0080,#008400
141,62,2,80,3,#007600,0x0070,#007300
141,62,3,81,4,#006500,0x0060,#006300
141,62,4,82,5,#005400,0x0050,#005200
141,62,5,83,6,#004300,0x0040,#004200
141,62,6,84,7,#003200,0x0030,#003100
141,63,1,84,7,#003200,0x0030,#003100
141,63,2,85,8,#002100,0x0020,#002100
141,63,3,86,9,#171700,0x6110,#191900
141,63,4,87,10,#1f1f00,0x0220,#212100
141,63,5,90,13,#373700,0x6330,#3a3a00
141,63,6,91,14,#3f3f00,0x0440,#424200
141,64,1,84,7,#003200,0x0030,#003100
141,64,2,85,8,#002100,0x0020,#002100
141,64,3,86,9,#171700,0x6110,#191900
141,64,4,87,10,#1f1f00,0x0220,#212100
141,64,5,88,11,#272700,0x6220,#292900
141,64,6,89,12,#2f2f00,0x0330,#313100
141,65,1,90,13,#373700,0x6330,#3a3a00
141,65,2,91,14,#3f3f00,0x0440,#424200
141,65,3,92,15,#474700,0x6440,#4a4a00
141,65,4,93,16,#4f4f00,0x0550,#525200
141,65,5,94,17,#565600,0x0550,#525200
141,65,6,95,18,#5e5e00,0x6550,#5a5a00
141,66,1,79,2,#008700,0x0080,#008400
141,66,2,80,3,#007600,0x0070,#007300
141,66,3,81,4,#006500,0x0060,#006300
141,66,4,82,5,#005400,0x0050,#005200
141,66,5,83,6,#004300,0x0040,#004200
141,66,6,84,7,#003200,0x0030,#003100
141,68,1,79,2,#008700,0x0080,#008400
141,68,2,80,3,#007600,0x0070,#007300
141,68,3,84,7,#003200,0x0030,#003100
141,69,1,90,13,#373700,0x6330,#3a3a00
141,70,1,85,8,#002100,0x0020,#002100
141,70,2,86,9,#171700,0x6110,#191900
141,70,3,87,10,#1f1f00,0x0220,#212100
141,70,4,88,11,#272700,0x6220,#292900
141,70,5,89,12,#2f2f00,0x0330,#313100
141,70,6,95,18,#5e5e00,0x6550,#5a5a00
141,70,7,96,19,#666600,0x0660,#636300
141,74,1,84,7,#003200,0x0030,#003100
141,74,2,85,8,#002100,0x0020,#002100
141,74,3,86,9,#171700,0x6110,#191900
141,74,4,87,10,#1f1f00,0x0220,#212100
141,74,5,88,11,#272700,0x6220,#292900
141,74,6,89,12,#2f2f00,0x0330,#313100
141,76,1,77,0,#00a900,0x20a0,#00ad00
141,76,2,78,1,#009800,0x0090,#009400
141,76,3,79,2,#008700,0x0080,#008400
141,79,1,84,7,#003200,0x0030,#003100
141,79,2,85,8,#002100,0x0020,#002100
141,79,3,86,9,#171700,0x6110,#191900
141,79,4,87,10,#1f1f00,0x0220,#212100
142,34,1,77,0,#009800,0x0090,#009400
142,34,2,78,1,#008700,0x0080,#008400
142,34,3,79,2,#007600,0x0070,#007300
142,35,1,78,1,#008700,0x0080,#008400
142,35,2,79,2,#007600,0x0070,#007300
142,36,1,84,7,#002100,0x0020,#002100
142,36,2,85,8,#171700,0x6110,#191900
142,36,3,86,9,#1f1f00,0x0220,#212100
142,36,4,87,10,#272700,0x6220,#292900
142,37,1,84,7,#002100,0x0020,#002100
142,37,2,85,8,#171700,0x6110,#191900
142,37,3,86,9,#1f1f00,0x0220,#212100
142,37,4,87,10,#272700,0x6220,#292900
142,37,5,88,11,#2f2f00,0x0330,#313100
142,38,1,79,2,#007600,0x0070,#007300
142,38,2,80,3,#006500,0x0060,#006300
142,38,3,81,4,#005400,0x0050,#005200
142,38,4,82,5,#004300,0x0040,#004200
142,38,5,83,6,#003200,0x0030,#003100
142,38,6,84,7,#002100,0x0020,#002100
142,49,1,79,2,#007600,0x0070,#007300
142,49,2,80,3,#006500,0x0060,#006300
142,49,3,81,4,#005400,0x0050,#005200
142,49,4,82,5,#004300,0x0040,#004200
142,49,5,83,6,#003200,0x0030,#003100
142,49,6,84,7,#002100,0x0020,#002100
142,50,1,90,13,#3f3f00,0x0440,#424200
142,50,2,94,17,#5e5e00,0x6550,#5a5a00
142,50,3,95,18,#666600,0x0660,#636300
142,56,1,77,0,#009800,0x0090,#009400
142,56,2,78,1,#008700,0x0080,#008400
142,56,3,79,2,#007600,0x0070,#007300
142,59,1,77,0,#009800,0x0090,#009400
142,59,2,78,1,#008700,0x0080,#008400
142,59,3,79,2,#007600,0x0070,#007300
142,60,1,83,6,#003200,0x0030,#003100
142,60,2,84,7,#002100,0x0020,#002100
142,62,1,79,2,#007600,0x0070,#007300
142,62,2,80,3,#006500,0x0060,#006300
142,62,3,81,4,#005400,0x0050,#005200
142,62,4,82,5,#004300,0x0040,#004200
142,62,5,83,6,#003200,0x0030,#003100
142,62,6,84,7,#002100,0x0020,#002100
142,63,1,84,7,#002100,0x0020,#002100
142,63,2,85,8,#171700,0x6110,#191900
142,63,3,86,9,#1f1f00,0x0220,#212100
142,63,4,87,10,#272700,0x6220,#292900
142,63,5,90,13,#3f3f00,0x0440,#424200
142,63,6,91,14,#474700,0x6440,#4a4a00
142,64,1,84,7,#002100,0x0020,#002100
142,64,2,85,8,#171700,0x6110,#191900
142,64,3,86,9,#1f1f00,0x0220,#212100
142,64,4,87,10,#272700,0x6220,#292900
142,64,5,88,11,#2f2f00,0x0330,#313100
142,64,6,89,12,#373700,0x6330,#3a3a00
142,65,1,90,13,#3f3f00,0x0440,#424200
142,65,2,91,14,#474700,0x6440,#4a4a00
142,65,3,92,15,#4f4f00,0x0550,#525200
142,65,4,93,16,#565600,0x0550,#525200
142,65,5,94,17,#5e5e00,0x6550,#5a5a00
142,65,6,95,18,#666600,0x0660,#636300
142,66,1,79,2,#007600,0x0070,#007300
142,66,2,80,3,#006500,0x0060,#006300
142,66,3,81,4,#005400,0x0050,#005200
142,66,4,82,5,#004300,0x0040,#004200
142,66,5,83,6,#003200,0x0030,#003100
142,66,6,84,7,#002100,0x0020,#002100
142,68,1,79,2,#007600,0x0070,#007300
142,68,2,80,3,#006500,0x0060,#006300
142,68,3,84,7,#002100,0x0020,#002100
142,69,1,90,13,#3f3f00,0x0440,#424200
142,70,1,85,8,#171700,0x6110,#191900
142,70,2,86,9,#1f1f00,0x0220,#212100
142,70,3,87,10,#272700,0x6220,#292900
142,70,4,88,11,#2f2f00,0x0330,#313100
142,70,5,89,12,#373700,0x6330,#3a3a00
142,70,6,95,18,#666600,0x0660,#636300
142,70,7,96,19,#6e6e00,0x6660,#6b6b00
142,74,1,84,7,#002100,0x0020,#002100
142,74,2,85,8,#171700,0x6110,#191900
142,74,3,86,9,#1f1f00,0x0220,#212100
142,74,4,87,10,#272700,0x6220,#292900
142,74,5,88,11,#2f2f00,0x0330,#313100
142,74,6,89,12,#373700,0x6330,#3a3a00
142,76,1,77,0,#009800,0x0090,#009400
142,76,2,78,1,#008700,0x0080,#008400
142,76,3,79,2,#007600,0x0070,#007300
142,79,1,84,7,#002100,0x0020,#002100
142,79,2,85,8,#171700,0x6110,#191900
142,79,3,86,9,#1f1f00,0x0220,#212100
142,79,4,87,10,#272700,0x6220,#292900
143,34,1,77,0,#008700,0x0080,#008400
143,34,2,78,1,#007600,0x0070,#007300
143,34,3,79,2,#006500,0x0060,#006300
143,35,1,78,1,#007600,0x0070,#007300
143,35,2,79,2,#006500,0x0060,#006300
143,36,1,84,7,#171700,0x6110,#191900
143,36,2,85,8,#1f1f00,0x0220,#212100
143,36,3,86,9,#272700,0x6220,#292900
143,36,4,87,10,#2f2f00,0x0330,#313100
143,37,1,84,7,#171700,0x6110,#191900
143,37,2,85,8,#1f1f00,0x0220,#212100
143,37,3,86,9,#272700,0x6220,#292900
143,37,4,87,10,#2f2f00,0x0330,#313100
143,37,5,88,11,#373700,0x6330,#3a3a00
143,38,1,79,2,#006500,0x0060,#006300
143,38,2,80,3,#005400,0x0050,#005200
143,38,3,81,4,#004300,0x0040,#004200
143,38,4,82,5,#003200,0x0030,#003100
143,38,5,83,6,#002100,0x0020,#002100
143,38,6,84,7,#171700,0x6110,#191900
143,49,1,79,2,#006500,0x0060,#006300
143,49,2,80,3,#005400,0x0050,#005200
143,49,3,81,4,#004300,0x0040,#004200
143,49,4,82,5,#003200,0x0030,#003100
143,49,5,83,6,#002100,0x0020,#002100
143,49,6,84,7,#171700,0x6110,#191900
143,50,1,90,13,#474700,0x6440,#4a4a00
143,50,2,94,17,#666600,0x0660,#636300
143,50,3,95,18,#6e6e00,0x6660,#6b6b00
143,56,1,77,0,#008700,0x0080,#008400
143,56,2,78,1,#007600,0x0070,#007300
143,56,3,79,2,#006500,0x0060,#006300
143,59,1,77,0,#008700,0x0080,#008400
143,59,2,78,1,#007600,0x0070,#007300
143,59,3,79,2,#006500,0x0060,#006300
143,60,1,83,6,#002100,0x0020,#002100
143,60,2,84,7,#171700,0x6110,#191900
143,62,1,79,2,#006500,0x0060,#006300
143,62,2,80,3,#005400,0x0050,#005200
143,62,3,81,4,#004300,0x0040,#004200
143,62,4,82,5,#003200,0x0030,#003100
143,62,5,83,6,#002100,0x0020,#002100
143,62,6,84,7,#171700,0x6110,#191900
143,63,1,84,7,#171700,0x6110,#191900
143,63,2,85,8,#1f1f00,0x0220,#212100
143,63,3,86,9,#272700,0x6220,#292900
143,63,4,87,10,#2f2f00,0x0330,#313100
143,63,5,90,13,#474700,0x6440,#4a4a00
143,63,6,91,14,#4f4f00,0x0550,#525200
143,64,1,84,7,#171700,0x6110,#191900
143,64,2,85,8,#1f1f00,0x0220,#212100
143,64,3,86,9,#272700,0x6220,#292900
143,64,4,87,10,#2f2f00,0x0330,#313100
143,64,5,88,11,#373700,0x6330,#3a3a00
143,64,6,89,12,#3f3f00,0x0440,#424200
143,65,1,90,13,#474700,0x6440,#4a4a00
143,65,2,91,14,#4f4f00,0x0550,#525200
143,65,3,92,15,#565600,0x0550,#525200
143,65,4,93,16,#5e5e00,0x6550,#5a5a00
143,65,5,94,17,#666600,0x0660,#636300
143,65,6,95,18,#6e6e00,0x6660,#6b6b00
143,66,1,79,2,#006500,0x0060,#006300
143,66,2,80,3,#005400,0x0050,#005200
143,66,3,81,4,#004300,0x0040,#004200
143,66,4,82,5,#003200,0x0030,#003100
143,66,5,83,6,#002100,0x0020,#002100
143,66,6,84,7,#171700,0x6110,#191900
143,68,1,79,2,#006500,0x0060,#006300
143,68,2,80,3,#005400,0x0050,#005200
143,68,3,84,7,#171700,0x6110,#191900
143,69,1,90,13,#474700,0x6440,#4a4a00
143,70,1,85,8,#1f1f00,0x0220,#212100
143,70,2,86,9,#272700,0x6220,#292900
143,70,3,87,10,#2f2f00,0x0330,#313100
143,70,4,88,11,#373700,0x6330,#3a3a00
143,70,5,89,12,#3f3f00,0x0440,#424200
143,70,6,95,18,#6e6e00,0x6660,#6b6b00
143,70,7,96,19,#767600,0x0770,#737300
143,74,1,84,7,#171700,0x6110,#191900
143,74,2,85,8,#1f1f00,0x0220,#212100
143,74,3,86,9,#272700,0x6220,#292900
143,74,4,87,10,#2f2f00,0x0330,#313100
143,74,5,88,11,#373700,0x6330,#3a3a00
143,74,6,89,12,#3f3f00,0x0440,#424200
143,76,1,77,0,#008700,0x0080,#008400
143,76,2,78,1,#007600,0x0070,#007300
143,76,3,79,2,#006500,0x0060,#006300
143,79,1,84,7,#171700,0x6110,#191900
143,79,2,85,8,#1f1f00,0x0220,#212100
143,79,3,86,9,#272700,0x6220,#292900
143,79,4,87,10,#2f2f00,0x0330,#313100
144,34,1,77,0,#007600,0x0070,#007300
144,34,2,78,1,#006500,0x0060,#006300
144,34,3,79,2,#005400,0x0050,#005200
144,35,1,78,1,#006500,0x0060,#006300
144,35,2,79,2,#005400,0x0050,#005200
144,36,1,84,7,#1f1f00,0x0220,#212100
144,36,2,85,8,#272700,0x6220,#292900
144,36,3,86,9,#2f2f00,0x0330,#313100
144,36,4,87,10,#373700,0x6330,#3a3a00
144,37,1,84,7,#1f1f00,0x0220,#212100
144,37,2,85,8,#272700,0x6220,#292900
144,37,3,86,9,#2f2f00,0x0330,#313100
144,37,4,87,10,#373700,0x6330,#3a3a00
144,37,5,88,11,#3f3f00,0x0440,#424200
144,38,1,79,2,#005400,0x0050,#005200
144,38,2,80,3,#004300,0x0040,#004200
144,38,3,81,4,#003200,0x0030,#003100
144,38,4,82,5,#002100,0x0020,#002100
144,38,5,83,6,#171700,0x6110,#191900
144,38,6,84,7,#1f1f00,0x0220,#212100
144,49,1,79,2,#005400,0x0050,#005200
144,49,2,80,3,#004300,0x0040,#004200
144,49,3,81,4,#003200,0x0030,#003100
144,49,4,82,5,#002100,0x0020,#002100
144,49,5,83,6,#171700,0x6110,#191900
144,49,6,84,7,#1f1f00,0x0220,#212100
144,50,1,90,13,#4f4f00,0x0550,#525200
144,50,2,94,17,#6e6e00,0x6660,#6b6b00
144,50,3,95,18,#767600,0x0770,#737300
144,56,1,77,0,#007600,0x0070,#007300
144,56,2,78,1,#006500,0x0060,#006300
144,56,3,79,2,#005400,0x0050,#005200
144,59,1,77,0,#007600,0x0070,#007300
144,59,2,78,1,#006500,0x0060,#006300
144,59,3,79,2,#005400,0x0050,#005200
144,60,1,83,6,#171700,0x6110,#191900
144,60,2,84,7,#1f1f00,0x0220,#212100
144,62,1,79,2,#005400,0x0050,#005200
144,62,2,80,3,#004300,0x0040,#004200
144,62,3,81,4,#003200,0x0030,#003100
144,62,4,82,5,#002100,0x0020,#002100
144,62,5,83,6,#171700,0x6110,#191900
144,62,6,84,7,#1f1f00,0x0220,#212100
144,63,1,84,7,#1f1f00,0x0220,#212100
144,63,2,85,8,#272700,0x6220,#292900
144,63,3,86,9,#2f2f00,0x0330,#313100
144,63,4,87,10,#373700,0x6330,#3a3a00
144,63,5,90,13,#4f4f00,0x0550,#525200
144,63,6,91,14,#565600,0x0550,#525200
144,64,1,84,7,#1f1f00,0x0220,#212100
144,64,2,85,8,#272700,0x6220,#292900
144,64,3,86,9,#2f2f00,0x0330,#313100
144,64,4,87,10,#373700,0x6330,#3a3a00
144,64,5,88,11,#3f3f00,0x0440,#424200
144,64,6,89,12,#474700,0x6440,#4a4a00
144,65,1,90,13,#4f4f00,0x0550,#525200
144,65,2,91,14,#565600,0x0550,#525200
144,65,3,92,15,#5e5e00,0x6550,#5a5a00
144,65,4,93,16,#666600,0x0660,#636300
144,65,5,94,17,#6e6e00,0x6660,#6b6b00
144,65,6,95,18,#767600,0x0770,#737300
144,66,1,79,2,#005400,0x0050,#005200
144,66,2,80,3,#004300,0x0040,#004200
144,66,3,81,4,#003200,0x0030,#003100
144,66,4,82,5,#002100,0x0020,#002100
144,66,5,83,6,#171700,0x6110,#191900
144,66,6,84,7,#1f1f00,0x0220,#212100
144,68,1,79,2,#005400,0x0050,#005200
144,68,2,80,3,#004300,0x0040,#004200
144,68,3,84,7,#1f1f00,0x0220,#212100
144,69,1,90,13,#4f4f00,0x0550,#525200
144,70,1,85,8,#272700,0x6220,#292900
144,70,2,86,9,#2f2f00,0x0330,#313100
144,70,3,87,10,#373700,0x6330,#3a3a00
144,70,4,88,11,#3f3f00,0x0440,#424200
144,70,5,89,12,#474700,0x6440,#4a4a00
144,70,6,95,18,#767600,0x0770,#737300
144,70,7,96,19,#767600,0x0770,#737300
144,74,1,84,7,#1f1f00,0x0220,#212100
144,74,2,85,8,#272700,0x6220,#292900
144,74,3,86,9,#2f2f00,0x0330,#313100
144,74,4,87,10,#373700,0x6330,#3a3a00
144,74,5,88,11,#3f3f00,0x0440,#424200
144,74,6,89,12,#474700,0x6440,#4a4a00
144,76,1,77,0,#007600,0x0070,#007300
144,76,2,78,1,#006500,0x0060,#006300
144,76,3,79,2,#005400,0x0050,#005200
144,79,1,84,7,#1f1f00,0x0220,#212100
144,79,2,85,8,#272700,0x6220,#292900
144,79,3,86,9,#2f2f00,0x0330,#313100
144,79,4,87,10,#373700,0x6330,#3a3a00
145,34,1,77,0,#006500,0x0060,#006300
145,34,2,78,1,#005400,0x0050,#005200
145,34,3,79,2,#004300,0x0040,#004200
145,35,1,78,1,#005400,0x0050,#005200
145,35,2,79,2,#004300,0x0040,#004200
145,36,1,84,7,#272700,0x6220,#292900
145,36,2,85,8,#2f2f00,0x0330,#313100
145,36,3,86,9,#373700,0x6330,#3a3a00
145,36,4,87,10,#3f3f00,0x0440,#424200
145,37,1,84,7,#272700,0x6220,#292900
145,37,2,85,8,#2f2f00,0x0330,#313100
145,37,3,86,9,#373700,0x6330,#3a3a00
145,37,4,87,10,#3f3f00,0x0440,#424200
145,37,5,88,11,#474700,0x6440,#4a4a00
145,38,1,79,2,#004300,0x0040,#004200
145,38,2,80,3,#003200,0x0030,#003100
145,38,3,81,4,#002100,0x0020,#002100
145,38,4,82,5,#171700,0x6110,#191900
145,38,5,83,6,#1f1f00,0x0220,#212100
145,38,6,84,7,#272700,0x6220,#292900
145,49,1,79,2,#004300,0x0040,#004200
145,49,2,80,3,#003200,0x0030,#003100
145,49,3,81,4,#002100,0x0020,#002100
145,49,4,82,5,#171700,0x6110,#191900
145,49,5,83,6,#1f1f00,0x0220,#212100
145,49,6,84,7,#272700,0x6220,#292900
145,50,1,90,13,#565600,0x0550,#525200
145,50,2,94,17,#767600,0x0770,#737300
145,50,3,95,18,#767600,0x0770,#737300
145,56,1,77,0,#006500,0x0060,#006300
145,56,2,78,1,#005400,0x0050,#005200
145,56,3,79,2,#004300,0x0040,#004200
145,59,1,77,0,#006500,0x0060,#006300
145,59,2,78,1,#005400,0x0050,#005200
145,59,3,79,2,#004300,0x0040,#004200
145,60,1,83,6,#1f1f00,0x0220,#212100
145,60,2,84,7,#272700,0x6220,#292900
145,62,1,79,2,#004300,0x0040,#004200
145,62,2,80,3,#003200,0x0030,#003100
145,62,3,81,4,#002100,0x0020,#002100
145,62,4,82,5,#171700,0x6110,#191900
145,62,5,83,6,#1f1f00,0x0220,#212100
145,62,6,84,7,#272700,0x6220,#292900
145,63,1,84,7,#272700,0x6220,#292900
145,63,2,85,8,#2f2f00,0x0330,#313100
145,63,3,86,9,#373700,0x6330,#3a3a00
145,63,4,87,10,#3f3f00,0x0440,#424200
145,63,5,90,13,#565600,0x0550,#525200
145,63,6,91,14,#5e5e00,0x6550,#5a5a00
145,64,1,84,7,#272700,0x6220,#292900
145,64,2,85,8,#2f2f00,0x0330,#313100
145,64,3,86,9,#373700,0x6330,#3a3a00
145,64,4,87,10,#3f3f00,0x0440,#424200
145,64,5,88,11,#474700,0x6440,#4a4a00
145,64,6,89,12,#4f4f00,0x0550,#525200
145,65,1,90,13,#565600,0x0550,#525200
145,65,2,91,14,#5e5e00,0x6550,#5a5a00
145,65,3,92,15,#666600,0x0660,#636300
145,65,4,93,16,#6e6e00,0x6660,#6b6b00
145,65,5,94,17,#767600,0x0770,#737300
145,65,6,95,18,#767600,0x0770,#737300
145,66,1,79,2,#004300,0x0040,#004200
145,66,2,80,3,#003200,0x0030,#003100
145,66,3,81,4,#002100,0x0020,#002100
145,66,4,82,5,#171700,0x6110,#191900
145,66,5,83,6,#1f1f00,0x0220,#212100
145,66,6,84,7,#272700,0x6220,#292900
145,68,1,79,2,#004300,0x0040,#004200
145,68,2,80,3,#003200,0x0030,#003100
145,68,3,84,7,#272700,0x6220,#292900
145,69,1,90,13,#565600,0x0550,#525200
145,70,1,85,8,#2f2f00,0x0330,#313100
145,70,2,86,9,#373700,0x6330,#3a3a00
145,70,3,87,10,#3f3f00,0x0440,#424200
145,70,4,88,11,#474700,0x6440,#4a4a00
145,70,5,89,12,#4f4f00,0x0550,#525200
145,70,6,95,18,#767600,0x0770,#737300
145,70,7,96,19,#6e6e00,0x6660,#6b6b00
145,74,1,84,7,#272700,0x6220,#292900
145,74,2,85,8,#2f2f00,0x0330,#313100
145,74,3,86,9,#373700,0x6330,#3a3a00
145,74,4,87,10,#3f3f00,0x0440,#424200
145,74,5,88,11,#474700,0x6440,#4a4a00
145,74,6,89,12,#4f4f00,0x0550,#525200
145,76,1,77,0,#006500,0x0060,#006300
145,76,2,78,1,#005400,0x0050,#005200
145,76,3,79,2,#004300,0x0040,#004200
145,79,1,84,7,#272700,0x6220,#292900
145,79,2,85,8,#2f2f00,0x0330,#313100
145,79,3,86,9,#373700,0x6330,#3a3a00
145,79,4,87,10,#3f3f00,0x0440,#424200
146,34,1,77,0,#005400,0x0050,#005200
146,34,2,78,1,#004300,0x0040,#004200
146,34,3,79,2,#003200,0x0030,#003100
146,35,1,78,1,#004300,0x0040,#004200
146,35,2,79,2,#003200,0x0030,#003100
146,36,1,84,7,#2f2f00,0x0330,#313100
146,36,2,85,8,#373700,0x6330,#3a3a00
146,36,3,86,9,#3f3f00,0x0440,#424200
146,36,4,87,10,#474700,0x6440,#4a4a00
146,37,1,84,7,#2f2f00,0x0330,#313100
146,37,2,85,8,#373700,0x6330,#3a3a00
146,37,3,86,9,#3f3f00,0x0440,#424200
146,37,4,87,10,#474700,0x6440,#4a4a00
146,37,5,88,11,#4f4f00,0x0550,#525200
146,38,1,79,2,#003200,0x0030,#003100
146,38,2,80,3,#002100,0x0020,#002100
146,38,3,81,4,#171700,0x6110,#191900
146,38,4,82,5,#1f1f00,0x0220,#212100
146,38,5,83,6,#272700,0x6220,#292900
146,38,6,84,7,#2f2f00,0x0330,#313100
146,49,1,79,2,#003200,0x0030,#003100
146,49,2,80,3,#002100,0x0020,#002100
146,49,3,81,4,#171700,0x6110,#191900
146,49,4,82,5,#1f1f00,0x0220,#212100
146,49,5,83,6,#272700,0x6220,#292900
146,49,6,84,7,#2f2f00,0x0330,#313100
146,50,1,90,13,#5e5e00,0x6550,#5a5a00
146,50,2,94,17,#767600,0x0770,#737300
146,50,3,95,18,#6e6e00,0x6660,#6b6b00
146,56,1,77,0,#005400,0x0050,#005200
146,56,2,78,1,#004300,0x0040,#004200
146,56,3,79,2,#003200,0x0030,#003100
146,59,1,77,0,#005400,0x0050,#005200
146,59,2,78,1,#004300,0x0040,#004200
146,59,3,79,2,#003200,0x0030,#003100
146,60,1,83,6,#272700,0x6220,#292900
146,60,2,84,7,#2f2f00,0x0330,#313100
146,62,1,79,2,#003200,0x0030,#003100
146,62,2,80,3,#002100,0x0020,#002100
146,62,3,81,4,#171700,0x6110,#191900
146,62,4,82,5,#1f1f00,0x0220,#212100
146,62,5,83,6,#272700,0x6220,#292900
146,62,6,84,7,#2f2f00,0x0330,#313100
146,63,1,84,7,#2f2f00,0x0330,#313100
146,63,2,85,8,#373700,0x6330,#3a3a00
146,63,3,86,9,#3f3f00,0x0440,#424200
146,63,4,87,10,#474700,0x6440,#4a4a00
146,63,5,90,13,#5e5e00,0x6550,#5a5a00
146,63,6,91,14,#666600,0x0660,#636300
146,64,1,84,7,#2f2f00,0x0330,#313100
146,64,2,85,8,#373700,0x6330,#3a3a00
146,64,3,86,9,#3f3f00,0x0440,#424200
146,64,4,87,10,#474700,0x6440,#4a4a00
146,64,5,88,11,#4f4f00,0x0550,#525200
146,64,6,89,12,#565600,0x0550,#525200
146,65,1,90,13,#5e5e00,0x6550,#5a5a00
146,65,2,91,14,#666600,0x0660,#636300
146,65,3,92,15,#6e6e00,0x6660,#6b6b00
146,65,4,93,16,#767600,0x0770,#737300
146,65,5,94,17,#767600,0x0770,#737300
146,65,6,95,18,#6e6e00,0x6660,#6b6b00
146,66,1,79,2,#003200,0x0030,#003100
146,66,2,80,3,#002100,0x0020,#002100
146,66,3,81,4,#171700,0x6110,#191900
146,66,4,82,5,#1f1f00,0x0220,#212100
146,66,5,83,6,#272700,0x6220,#292900
146,66,6,84,7,#2f2f00,0x0330,#313100
146,68,1,79,2,#003200,0x0030,#003100
146,68,2,80,3,#002100,0x0020,#002100
146,68,3,84,7,#2f2f00,0x0330,#313100
146,69,1,90,13,#5e5e00,0x6550,#5a5a00
146,70,1,85,8,#373700,0x6330,#3a3a00
146,70,2,86,9,#3f3f00,0x0440,#424200
146,70,3,87,10,#474700,0x6440,#4a4a00
146,70,4,88,11,#4f4f00,0x0550,#525200
146,70,5,89,12,#565600,0x0550,#525200
146,70,6,95,18,#6e6e00,0x6660,#6b6b00
146,70,7,96,19,#666600,0x0660,#636300
146,74,1,84,7,#2f2f00,0x0330,#313100
146,74,2,85,8,#373700,0x6330,#3a3a00
146,74,3,86,9,#3f3f00,0x0440,#424200
146,74,4,87,10,#474700,0x6440,#4a4a00
146,74,5,88,11,#4f4f00,0x0550,#525200
146,74,6,89,12,#565600,0x0550,#525200
146,76,1,77,0,#005400,0x0050,#005200
146,76,2,78,1,#004300,0x0040,#004200
146,76,3,79,2,#003200,0x0030,#003100
146,79,1,84,7,#2f2f00,0x0330,#313100
146,79,2,85,8,#373700,0x6330,#3a3a00
146,79,3,86,9,#3f3f00,0x0440,#424200
146,79,4,87,10,#474700,0x6440,#4a4a00
147,34,1,77,0,#004300,0x0040,#004200
147,34,2,78,1,#003200,0x0030,#003100
147,34,3,79,2,#002100,0x0020,#002100
147,35,1,78,1,#003200,0x0030,#003100
147,35,2,79,2,#002100,0x0020,#002100
147,36,1,84,7,#373700,0x6330,#3a3a00
147,36,2,85,8,#3f3f00,0x0440,#424200
147,36,3,86,9,#474700,0x6440,#4a4a00
147,36,4,87,10,#4f4f00,0x0550,#525200
147,37,1,84,7,#373700,0x6330,#3a3a00
147,37,2,85,8,#3f3f00,0x0440,#424200
147,37,3,86,9,#474700,0x6440,#4a4a00
147,37,4,87,10,#4f4f00,0x0550,#525200
147,37,5,88,11,#565600,0x0550,#525200
147,38,1,79,2,#002100,0x0020,#002100
147,38,2,80,3,#171700,0x6110,#191900
147,38,3,81,4,#1f1f00,0x0220,#212100
147,38,4,82,5,#272700,0x6220,#292900
147,38,5,83,6,#2f2f00,0x0330,#313100
147,38,6,84,7,#373700,0x6330,#3a3a00
147,49,1,79,2,#002100,0x0020,#002100
147,49,2,80,3,#171700,0x6110,#191900
147,49,3,81,4,#1f1f00,0x0220,#212100
147,49,4,82,5,#272700,0x6220,#292900
147,49,5,83,6,#2f2f00,0x0330,#313100
147,49,6,84,7,#373700,0x6330,#3a3a00
147,50,1,90,13,#666600,0x0660,#636300
147,50,2,94,17,#6e6e00,0x6660,#6b6b00
147,50,3,95,18,#666600,0x0660,#636300
147,56,1,77,0,#004300,0x0040,#004200
147,56,2,78,1,#003200,0x0030,#003100
147,56,3,79,2,#002100,0x0020,#002100
147,59,1,77,0,#004300,0x0040,#004200
147,59,2,78,1,#003200,0x0030,#003100
147,59,3,79,2,#002100,0x0020,#002100
147,60,1,83,6,#2f2f00,0x0330,#313100
147,60,2,84,7,#373700,0x6330,#3a3a00
147,62,1,79,2,#002100,0x0020,#002100
147,62,2,80,3,#171700,0x6110,#191900
147,62,3,81,4,#1f1f00,0x0220,#212100
147,62,4,82,5,#272700,0x6220,#292900
147,62,5,83,6,#2f2f00,0x0330,#313100
147,62,6,84,7,#373700,0x6330,#3a3a00
147,63,1,84,7,#373700,0x6330,#3a3a00
147,63,2,85,8,#3f3f00,0x0440,#424200
147,63,3,86,9,#474700,0x6440,#4a4a00
147,63,4,87,10,#4f4f00,0x0550,#525200
147,63,5,90,13,#666600,0x0660,#636300
147,63,6,91,14,#6e6e00,0x6660,#6b6b00
147,64,1,84,7,#373700,0x6330,#3a3a00
147,64,2,85,8,#3f3f00,0x0440,#424200
147,64,3,86,9,#474700,0x6440,#4a4a00
147,64,4,87,10,#4f4f00,0x0550,#525200
147,64,5,88,11,#565600,0x0550,#525200
147,64,6,89,12,#5e5e00,0x6550,#5a5a00
147,65,1,90,13,#666600,0x0660,#636300
147,65,2,91,14,#6e6e00,0x6660,#6b6b00
147,65,3,92,15,#767600,0x0770,#737300
147,65,4,93,16,#767600,0x0770,#737300
147,65,5,94,17,#6e6e00,0x6660,#6b6b00
147,65,6,95,18,#666600,0x0660,#636300
147,66,1,79,2,#002100,0x0020,#002100
147,66,2,80,3,#171700,0x6110,#191900
147,66,3,81,4,#1f1f00,0x0220,#212100
147,66,4,82,5,#272700,0x6220,#292900
147,66,5,83,6,#2f2f00,0x0330,#313100
147,66,6,84,7,#373700,0x6330,#3a3a00
147,68,1,79,2,#002100,0x0020,#002100
147,68,2,80,3,#171700,0x6110,#191900
147,68,3,84,7,#373700,0x6330,#3a3a00
147,69,1,90,13,#666600,0x0660,#636300
147,70,1,85,8,#3f3f00,0x0440,#424200
147,70,2,86,9,#474700,0x6440,#4a4a00
147,70,3,87,10,#4f4f00,0x0550,#525200
147,70,4,88,11,#565600,0x0550,#525200
147,70,5,89,12,#5e5e00,0x6550,#5a5a00
147,70,6,95,18,#666600,0x0660,#636300
147,70,7,96,19,#5e5e00,0x6550,#5a5a00
147,74,1,84,7,#373700,0x6330,#3a3a00
147,74,2,85,8,#3f3f00,0x0440,#424200
147,74,3,86,9,#474700,0x6440,#4a4a00
147,74,4,87,10,#4f4f00,0x0550,#525200
147,74,5,88,11,#565600,0x0550,#525200
147,74,6,89,12,#5e5e00,0x6550,#5a5a00
147,76,1,77,0,#004300,0x0040,#004200
147,76,2,78,1,#003200,0x0030,#003100
147,76,3,79,2,#002100,0x0020,#002100
147,79,1,84,7,#373700,0x6330,#3a3a00
147,79,2,85,8,#3f3f00,0x0440,#424200
147,79,3,86,9,#474700,0x6440,#4a4a00
147,79,4,87,10,#4f4f00,0x0550,#525200
148,34,1,77,0,#003200,0x0030,#003100
148,34,2,78,1,#002100,0x0020,#002100
148,34,3,79,2,#171700,0x6110,#191900
148,35,1,78,1,#002100,0x0020,#002100
148,35,2,79,2,#171700,0x6110,#191900
148,36,1,84,7,#3f3f00,0x0440,#424200
148,36,2,85,8,#474700,0x6440,#4a4a00
148,36,3,86,9,#4f4f00,0x0550,#525200
148,36,4,87,10,#565600,0x0550,#525200
148,37,1,84,7,#3f3f00,0x0440,#424200
148,37,2,85,8,#474700,0x6440,#4a4a00
148,37,3,86,9,#4f4f00,0x0550,#525200
148,37,4,87,10,#565600,0x0550,#525200
148,37,5,88,11,#5e5e00,0x6550,#5a5a00
148,38,1,79,2,#171700,0x6110,#191900
148,38,2,80,3,#1f1f00,0x0220,#212100
148,38,3,81,4,#272700,0x6220,#292900
148,38,4,82,5,#2f2f00,0x0330,#313100
148,38,5,83,6,#373700,0x6330,#3a3a00
148,38,6,84,7,#3f3f00,0x0440,#424200
148,49,1,79,2,#171700,0x6110,#191900
148,49,2,80,3,#1f1f00,0x0220,#212100
148,49,3,81,4,#272700,0x6220,#292900
148,49,4,82,5,#2f2f00,0x0330,#313100
148,49,5,83,6,#373700,0x6330,#3a3a00
148,49,6,84,7,#3f3f00,0x0440,#424200
148,50,1,90,13,#6e6e00,0x6660,#6b6b00
148,50,2,94,17,#666600,0x0660,#636300
148,50,3,95,18,#5e5e00,0x6550,#5a5a00
148,56,1,77,0,#003200,0x0030,#003100
148,56,2,78,1,#002100,0x0020,#002100
148,56,3,79,2,#171700,0x6110,#191900
148,59,1,77,0,#003200,0x0030,#003100
148,59,2,78,1,#002100,0x0020,#002100
148,59,3,79,2,#171700,0x6110,#191900
148,60,1,83,6,#373700,0x6330,#3a3a00
148,60,2,84,7,#3f3f00,0x0440,#424200
148,62,1,79,2,#171700,0x6110,#191900
148,62,2,80,3,#1f1f00,0x0220,#212100
148,62,3,81,4,#272700,0x6220,#292900
148,62,4,82,5,#2f2f00,0x0330,#313100
148,62,5,83,6,#373700,0x6330,#3a3a00
148,62,6,84,7,#3f3f00,0x0440,#424200
148,63,1,84,7,#3f3f00,0x0440,#424200
148,63,2,85,8,#474700,0x6440,#4a4a00
148,63,3,86,9,#4f4f00,0x0550,#525200
148,63,4,87,10,#565600,0x0550,#525200
148,63,5,90,13,#6e6e00,0x6660,#6b6b00
148,63,6,91,14,#767600,0x0770,#737300
148,64,1,84,7,#3f3f00,0x0440,#424200
148,64,2,85,8,#474700,0x6440,#4a4a00
148,64,3,86,9,#4f4f00,0x0550,#525200
148,64,4,87,10,#565600,0x0550,#525200
148,64,5,88,11,#5e5e00,0x6550,#5a5a00
148,64,6,89,12,#666600,0x0660,#636300
148,65,1,90,13,#6e6e00,0x6660,#6b6b00
148,65,2,91,14,#767600,0x0770,#737300
148,65,3,92,15,#767600,0x0770,#737300
148,65,4,93,16,#6e6e00,0x6660,#6b6b00
148,65,5,94,17,#666600,0x0660,#636300
148,65,6,95,18,#5e5e00,0x6550,#5a5a00
148,66,1,79,2,#171700,0x6110,#191900
148,66,2,80,3,#1f1f00,0x0220,#212100
148,66,3,81,4,#272700,0x6220,#292900
148,66,4,82,5,#2f2f00,0x0330,#313100
148,66,5,83,6,#373700,0x6330,#3a3a00
148,66,6,84,7,#3f3f00,0x0440,#424200
148,68,1,79,2,#171700,0x6110,#191900
148,68,2,80,3,#1f1f00,0x0220,#212100
148,68,3,84,7,#3f3f00,0x0440,#424200
148,69,1,90,13,#6e6e00,0x6660,#6b6b00
148,70,1,85,8,#474700,0x6440,#4a4a00
148,70,2,86,9,#4f4f00,0x0550,#525200
148,70,3,87,10,#565600,0x0550,#525200
148,70,4,88,11,#5e5e00,0x6550,#5a5a00
148,70,5,89,12,#666600,0x0660,#636300
148,70,6,95,18,#5e5e00,0x6550,#5a5a00
148,70,7,96,19,#565600,0x0550,#525200
148,74,1,84,7,#3f3f00,0x0440,#424200
148,74,2,85,8,#474700,0x6440,#4a4a00
148,74,3,86,9,#4f4f00,0x0550,#525200
148,74,4,87,10,#565600,0x0550,#525200
148,74,5,88,11,#5e5e00,0x6550,#5a5a00
148,74,6,89,12,#666600,0x0660,#636300
148,76,1,77,0,#003200,0x0030,#003100
148,76,2,78,1,#002100,0x0020,#002100
148,76,3,79,2,#171700,0x6110,#191900
148,79,1,84,7,#3f3f00,0x0440,#424200
148,79,2,85,8,#474700,0x6440,#4a4a00
148,79,3,86,9,#4f4f00,0x0550,#525200
148,79,4,87,10,#565600,0x0550,#525200
149,34,1,77,0,#002100,0x0020,#002100
149,34,2,78,1,#171700,0x6110,#191900
149,34,3,79,2,#1f1f00,0x0220,#212100
149,35,1,78,1,#171700,0x6110,#191900
149,35,2,79,2,#1f1f00,0x0220,#212100
149,36,1,84,7,#474700,0x6440,#4a4a00
149,36,2,85,8,#4f4f00,0x0550,#525200
149,36,3,86,9,#565600,0x0550,#525200
149,36,4,87,10,#5e5e00,0x6550,#5a5a00
149,37,1,84,7,#474700,0x6440,#4a4a00
149,37,2,85,8,#4f4f00,0x0550,#525200
149,37,3,86,9,#565600,0x0550,#525200
149,37,4,87,10,#5e5e00,0x6550,#5a5a00
149,37,5,88,11,#666600,0x0660,#636300
149,38,1,79,2,#1f1f00,0x0220,#212100
149,38,2,80,3,#272700,0x6220,#292900
149,38,3,81,4,#2f2f00,0x0330,#313100
149,38,4,82,5,#373700,0x6330,#3a3a00
149,38,5,83,6,#3f3f00,0x0440,#424200
149,38,6,84,7,#474700,0x6440,#4a4a00
149,49,1,79,2,#1f1f00,0x0220,#212100
149,49,2,80,3,#272700,0x6220,#292900
149,49,3,81,4,#2f2f00,0x0330,#313100
149,49,4,82,5,#373700,0x6330,#3a3a00
149,49,5,83,6,#3f3f00,0x0440,#424200
149,49,6,84,7,#474700,0x6440,#4a4a00
149,50,1,90,13,#767600,0x0770,#737300
149,50,2,94,17,#5e5e00,0x6550,#5a5a00
149,50,3,95,18,#565600,0x0550,#525200
149,56,1,77,0,#002100,0x0020,#002100
149,56,2,78,1,#171700,0x6110,#191900
149,56,3,79,2,#1f1f00,0x0220,#212100
149,59,1,77,0,#002100,0x0020,#002100
149,59,2,78,1,#171700,0x6110,#191900
149,59,3,79,2,#1f1f00,0x0220,#212100
149,60,1,83,6,#3f3f00,0x0440,#424200
149,60,2,84,7,#474700,0x6440,#4a4a00
149,62,1,79,2,#1f1f00,0x0220,#212100
149,62,2,80,3,#272700,0x6220,#292900
149,62,3,81,4,#2f2f00,0x0330,#313100
149,62,4,82,5,#373700,0x6330,#3a3a00
149,62,5,83,6,#3f3f00,0x0440,#424200
149,62,6,84,7,#474700,0x6440,#4a4a00
149,63,1,84,7,#474700,0x6440,#4a4a00
149,63,2,85,8,#4f4f00,0x0550,#525200
149,63,3,86,9,#565600,0x0550,#525200
149,63,4,87,10,#5e5e00,0x6550,#5a5a00
149,63,5,90,13,#767600,0x0770,#737300
149,63,6,91,14,#767600,0x0770,#737300
149,64,1,84,7,#474700,0x6440,#4a4a00
149,64,2,85,8,#4f4f00,0x0550,#525200
149,64,3,86,9,#565600,0x0550,#525200
149,64,4,87,10,#5e5e00,0x6550,#5a5a00
149,64,5,88,11,#666600,0x0660,#636300
149,64,6,89,12,#6e6e00,0x6660,#6b6b00
149,65,1,90,13,#767600,0x0770,#737300
149,65,2,91,14,#767600,0x0770,#737300
149,65,3,92,15,#6e6e00,0x6660,#6b6b00
149,65,4,93,16,#666600,0x0660,#636300
149,65,5,94,17,#5e5e00,0x6550,#5a5a00
149,65,6,95,18,#565600,0x0550,#525200
149,66,1,79,2,#1f1f00,0x0220,#212100
149,66,2,80,3,#272700,0x6220,#292900
149,66,3,81,4,#2f2f00,0x0330,#313100
149,66,4,82,5,#373700,0x6330,#3a3a00
149,66,5,83,6,#3f3f00,0x0440,#424200
149,66,6,84,7,#474700,0x6440,#4a4a00
149,68,1,79,2,#1f1f00,0x0220,#212100
149,68,2,80,3,#272700,0x6220,#292900
149,68,3,84,7,#474700,0x6440,#4a4a00
149,69,1,90,13,#767600,0x0770,#737300
149,70,1,85,8,#4f4f00,0x0550,#525200
149,70,2,86,9,#565600,0x0550,#525200
149,70,3,87,10,#5e5e00,0x6550,#5a5a00
149,70,4,88,11,#666600,0x0660,#636300
149,70,5,89,12,#6e6e00,0x6660,#6b6b00
149,70,6,95,18,#565600,0x0550,#525200
149,70,7,96,19,#4f4f00,0x0550,#525200
149,74,1,84,7,#474700,0x6440,#4a4a00
149,74,2,85,8,#4f4f00,0x0550,#525200
149,74,3,86,9,#565600,0x0550,#525200
149,74,4,87,10,#5e5e00,0x6550,#5a5a00
149,74,5,88,11,#666600,0x0660,#636300
149,74,6,89,12,#6e6e00,0x6660,#6b6b00
149,76,1,77,0,#002100,0x0020,#002100
149,76,2,78,1,#171700,0x6110,#191900
149,76,3,79,2,#1f1f00,0x0220,#212100
149,79,1,84,7,#474700,0x6440,#4a4a00
149,79,2,85,8,#4f4f00,0x0550,#525200
149,79,3,86,9,#565600,0x0550,#525200
149,79,4,87,10,#5e5e00,0x6550,#5a5a00
150,34,1,77,0,#171700,0x6110,#191900
150,34,2,78,1,#1f1f00,0x0220,#212100
150,34,3,79,2,#272700,0x6220,#292900
150,35,1,78,1,#1f1f00,0x0220,#212100
150,35,2,79,2,#272700,0x6220,#292900
150,36,1,84,7,#4f4f00,0x0550,#525200
150,36,2,85,8,#565600,0x0550,#525200
150,36,3,86,9,#5e5e00,0x6550,#5a5a00
150,36,4,87,10,#666600,0x0660,#636300
150,37,1,84,7,#4f4f00,0x0550,#525200
150,37,2,85,8,#565600,0x0550,#525200
150,37,3,86,9,#5e5e00,0x6550,#5a5a00
150,37,4,87,10,#666600,0x0660,#636300
150,37,5,88,11,#6e6e00,0x6660,#6b6b00
150,38,1,79,2,#272700,0x6220,#292900
150,38,2,80,3,#2f2f00,0x0330,#313100
150,38,3,81,4,#373700,0x6330,#3a3a00
150,38,4,82,5,#3f3f00,0x0440,#424200
150,38,5,83,6,#474700,0x6440,#4a4a00
150,38,6,84,7,#4f4f00,0x0550,#525200
150,49,1,79,2,#272700,0x6220,#292900
150,49,2,80,3,#2f2f00,0x0330,#313100
150,49,3,81,4,#373700,0x6330,#3a3a00
150,49,4,82,5,#3f3f00,0x0440,#424200
150,49,5,83,6,#474700,0x6440,#4a4a00
150,49,6,84,7,#4f4f00,0x0550,#525200
150,50,1,90,13,#767600,0x0770,#737300
150,50,2,94,17,#565600,0x0550,#525200
150,50,3,95,18,#4f4f00,0x0550,#525200
150,56,1,77,0,#171700,0x6110,#191900
150,56,2,78,1,#1f1f00,0x0220,#212100
150,56,3,79,2,#272700,0x6220,#292900
150,59,1,77,0,#171700,0x6110,#191900
150,59,2,78,1,#1f1f00,0x0220,#212100
150,59,3,79,2,#272700,0x6220,#292900
150,60,1,83,6,#474700,0x6440,#4a4a00
150,60,2,84,7,#4f4f00,0x0550,#525200
150,62,1,79,2,#272700,0x6220,#292900
150,62,2,80,3,#2f2f00,0x0330,#313100
150,62,3,81,4,#373700,0x6330,#3a3a00
150,62,4,82,5,#3f3f00,0x0440,#424200
150,62,5,83,6,#474700,0x6440,#4a4a00
150,62,6,84,7,#4f4f00,0x0550,#525200
150,63,1,84,7,#4f4f00,0x0550,#525200
150,63,2,85,8,#565600,0x0550,#525200
150,63,3,86,9,#5e5e00,0x6550,#5a5a00
150,63,4,87,10,#666600,0x0660,#636300
150,63,5,90,13,#767600,0x0770,#737300
150,63,6,91,14,#6e6e00,0x6660,#6b6b00
150,64,1,84,7,#4f4f00,0x0550,#525200
150,64,2,85,8,#565600,0x0550,#525200
150,64,3,86,9,#5e5e00,0x6550,#5a5a00
150,64,4,87,10,#666600,0x0660,#636300
150,64,5,88,11,#6e6e00,0x6660,#6b6b00
150,64,6,89,12,#767600,0x0770,#737300
150,65,1,90,13,#767600,0x0770,#737300
150,65,2,91,14,#6e6e00,0x6660,#6b6b00
150,65,3,92,15,#666600,0x0660,#636300
150,65,4,93,16,#5e5e00,0x6550,#5a5a00
150,65,5,94,17,#565600,0x0550,#525200
150,65,6,95,18,#4f4f00,0x0550,#525200
150,66,1,79,2,#272700,0x6220,#292900
150,66,2,80,3,#2f2f00,0x0330,#313100
150,66,3,81,4,#373700,0x6330,#3a3a00
150,66,4,82,5,#3f3f00,0x0440,#424200
150,66,5,83,6,#474700,0x6440,#4a4a00
150,66,6,84,7,#4f4f00,0x0550,#525200
150,68,1,79,2,#272700,0x6220,#292900
150,68,2,80,3,#2f2f00,0x0330,#313100
150,68,3,84,7,#4f4f00,0x0550,#525200
150,69,1,90,13,#767600,0x0770,#737300
150,70,1,85,8,#565600,0x0550,#525200
150,70,2,86,9,#5e5e00,0x6550,#5a5a00
150,70,3,87,10,#666600,0x0660,#636300
150,70,4,88,11,#6e6e00,0x6660,#6b6b00
150,70,5,89,12,#767600,0x0770,#737300
150,70,6,95,18,#4f4f00,0x0550,#525200
150,70,7,96,19,#474700,0x6440,#4a4a00
150,74,1,84,7,#4f4f00,0x0550,#525200
150,74,2,85,8,#565600,0x0550,#525200
150,74,3,86,9,#5e5e00,0x6550,#5a5a00
150,74,4,87,10,#666600,0x0660,#636300
150,74,5,88,11,#6e6e00,0x6660,#6b6b00
150,74,6,89,12,#767600,0x0770,#737300
150,76,1,77,0,#171700,0x6110,#191900
150,76,2,78,1,#1f1f00,0x0220,#212100
150,76,3,79,2,#272700,0x6220,#292900
150,79,1,84,7,#4f4f00,0x0550,#525200
150,79,2,85,8,#565600,0x0550,#525200
150,79,3,86,9,#5e5e00,0x6550,#5a5a00
150,79,4,87,10,#666600,0x0660,#636300
151,34,1,77,0,#1f1f00,0x0220,#212100
151,34,2,78,1,#272700,0x6220,#292900
151,34,3,79,2,#2f2f00,0x0330,#313100
151,35,1,78,1,#272700,0x6220,#292900
151,35,2,79,2,#2f2f00,0x0330,#313100
151,36,1,84,7,#565600,0x0550,#525200
151,36,2,85,8,#5e5e00,0x6550,#5a5a00
151,36,3,86,9,#666600,0x0660,#636300
151,36,4,87,10,#6e6e00,0x6660,#6b6b00
151,37,1,84,7,#565600,0x0550,#525200
151,37,2,85,8,#5e5e00,0x6550,#5a5a00
151,37,3,86,9,#666600,0x0660,#636300
151,37,4,87,10,#6e6e00,0x6660,#6b6b00
151,37,5,88,11,#767600,0x0770,#737300
151,38,1,79,2,#2f2f00,0x0330,#313100
151,38,2,80,3,#373700,0x6330,#3a3a00
151,38,3,81,4,#3f3f00,0x0440,#424200
151,38,4,82,5,#474700,0x6440,#4a4a00
151,38,5,83,6,#4f4f00,0x0550,#525200
151,38,6,84,7,#565600,0x0550,#525200
151,49,1,79,2,#2f2f00,0x0330,#313100
151,49,2,80,3,#373700,0x6330,#3a3a00
151,49,3,81,4,#3f3f00,0x0440,#424200
151,49,4,82,5,#474700,0x6440,#4a4a00
151,49,5,83,6,#4f4f00,0x0550,#525200
151,49,6,84,7,#565600,0x0550,#525200
151,50,1,90,13,#6e6e00,0x6660,#6b6b00
151,50,2,94,17,#4f4f00,0x0550,#525200
151,50,3,95,18,#474700,0x6440,#4a4a00
151,56,1,77,0,#1f1f00,0x0220,#212100
151,56,2,78,1,#272700,0x6220,#292900
151,56,3,79,2,#2f2f00,0x0330,#313100
151,59,1,77,0,#1f1f00,0x0220,#212100
151,59,2,78,1,#272700,0x6220,#292900
151,59,3,79,2,#2f2f00,0x0330,#313100
151,60,1,83,6,#4f4f00,0x0550,#525200
151,60,2,84,7,#565600,0x0550,#525200
151,62,1,79,2,#2f2f00,0x0330,#313100
151,62,2,80,3,#373700,0x6330,#3a3a00
151,62,3,81,4,#3f3f00,0x0440,#424200
151,62,4,82,5,#474700,0x6440,#4a4a00
151,62,5,83,6,#4f4f00,0x0550,#525200
151,62,6,84,7,#565600,0x0550,#525200
151,63,1,84,7,#565600,0x0550,#525200
151,63,2,85,8,#5e5e00,0x6550,#5a5a00
151,63,3,86,9,#666600,0x0660,#636300
151,63,4,87,10,#6e6e00,0x6660,#6b6b00
151,63,5,90,13,#6e6e00,0x6660,#6b6b00
151,63,6,91,14,#666600,0x0660,#636300
151,64,1,84,7,#565600,0x0550,#525200
151,64,2,85,8,#5e5e00,0x6550,#5a5a00
151,64,3,86,9,#666600,0x0660,#636300
151,64,4,87,10,#6e6e00,0x6660,#6b6b00
151,64,5,88,11,#767600,0x0770,#737300
151,64,6,89,12,#767600,0x0770,#737300
151,65,1,90,13,#6e6e00,0x6660,#6b6b00
151,65,2,91,14,#666600,0x0660,#636300
151,65,3,92,15,#5e5e00,0x6550,#5a5a00
151,65,4,93,16,#565600,0x0550,#525200
151,65,5,94,17,#4f4f00,0x0550,#525200
151,65,6,95,18,#474700,0x6440,#4a4a00
151,66,1,79,2,#2f2f00,0x0330,#313100
151,66,2,80,3,#373700,0x6330,#3a3a00
151,66,3,81,4,#3f3f00,0x0440,#424200
151,66,4,82,5,#474700,0x6440,#4a4a00
151,66,5,83,6,#4f4f00,0x0550,#525200
151,66,6,84,7,#565600,0x0550,#525200
151,68,1,79,2,#2f2f00,0x0330,#313100
151,68,2,80,3,#373700,0x6330,#3a3a00
151,68,3,84,7,#565600,0x0550,#525200
151,69,1,90,13,#6e6e00,0x6660,#6b6b00
151,70,1,85,8,#5e5e00,0x6550,#5a5a00
151,70,2,86,9,#666600,0x0660,#636300
151,70,3,87,10,#6e6e00,0x6660,#6b6b00
151,70,4,88,11,#767600,0x0770,#737300
151,70,5,89,12,#767600,0x0770,#737300
151,70,6,95,18,#474700,0x6440,#4a4a00
151,70,7,96,19,#3f3f00,0x0440,#424200
151,74,1,84,7,#565600,0x0550,#525200
151,74,2,85,8,#5e5e00,0x6550,#5a5a00
151,74,3,86,9,#666600,0x0660,#636300
151,74,4,87,10,#6e6e00,0x6660,#6b6b00
151,74,5,88,11,#767600,0x0770,#737300
151,74,6,89,12,#767600,0x0770,#737300
151,76,1,77,0,#1f1f00,0x0220,#212100
151,76,2,78,1,#272700,0x6220,#292900
151,76,3,79,2,#2f2f00,0x0330,#313100
151,79,1,84,7,#565600,0x0550,#525200
151,79,2,85,8,#5e5e00,0x6550,#5a5a00
151,79,3,86,9,#666600,0x0660,#636300
151,79,4,87,10,#6e6e00,0x6660,#6b6b00
152,34,1,77,0,#272700,0x6220,#292900
152,34,2,78,1,#2f2f00,0x0330,#313100
152,34,3,79,2,#373700,0x6330,#3a3a00
152,35,1,78,1,#2f2f00,0x0330,#313100
152,35,2,79,2,#373700,0x6330,#3a3a00
152,36,1,84,7,#5e5e00,0x6550,#5a5a00
152,36,2,85,8,#666600,0x0660,#636300
152,36,3,86,9,#6e6e00,0x6660,#6b6b00
152,36,4,87,10,#767600,0x0770,#737300
152,37,1,84,7,#5e5e00,0x6550,#5a5a00
152,37,2,85,8,#666600,0x0660,#636300
152,37,3,86,9,#6e6e00,0x6660,#6b6b00
152,37,4,87,10,#767600,0x0770,#737300
152,37,5,88,11,#767600,0x0770,#737300
152,38,1,79,2,#373700,0x6330,#3a3a00
152,38,2,80,3,#3f3f00,0x0440,#424200
152,38,3,81,4,#474700,0x6440,#4a4a00
152,38,4,82,5,#4f4f00,0x0550,#525200
152,38,5,83,6,#565600,0x0550,#525200
152,38,6,84,7,#5e5e00,0x6550,#5a5a00
152,49,1,79,2,#373700,0x6330,#3a3a00
152,49,2,80,3,#3f3f00,0x0440,#424200
152,49,3,81,4,#474700,0x6440,#4a4a00
152,49,4,82,5,#4f4f00,0x0550,#525200
152,49,5,83,6,#565600,0x0550,#525200
152,49,6,84,7,#5e5e00,0x6550,#5a5a00
152,50,1,90,13,#666600,0x0660,#636300
152,50,2,94,17,#474700,0x6440,#4a4a00
152,50,3,95,18,#3f3f00,0x0440,#424200
152,56,1,77,0,#272700,0x6220,#292900
152,56,2,78,1,#2f2f00,0x0330,#313100
152,56,3,79,2,#373700,0x6330,#3a3a00
152,59,1,77,0,#272700,0x6220,#292900
152,59,2,78,1,#2f2f00,0x0330,#313100
152,59,3,79,2,#373700,0x6330,#3a3a00
152,60,1,83,6,#565600,0x0550,#525200
152,60,2,84,7,#5e5e00,0x6550,#5a5a00
152,62,1,79,2,#373700,0x6330,#3a3a00
152,62,2,80,3,#3f3f00,0x0440,#424200
152,62,3,81,4,#474700,0x6440,#4a4a00
152,62,4,82,5,#4f4f00,0x0550,#525200
152,62,5,83,6,#565600,0x0550,#525200
152,62,6,84,7,#5e5e00,0x6550,#5a5a00
152,63,1,84,7,#5e5e00,0x6550,#5a5a00
152,63,2,85,8,#666600,0x0660,#636300
152,63,3,86,9,#6e6e00,0x6660,#6b6b00
152,63,4,87,10,#767600,0x0770,#737300
152,63,5,90,13,#666600,0x0660,#636300
152,63,6,91,14,#5e5e00,0x6550,#5a5a00
152,64,1,84,7,#5e5e00,0x6550,#5a5a00
152,64,2,85,8,#666600,0x0660,#636300
152,64,3,86,9,#6e6e00,0x6660,#6b6b00
152,64,4,87,10,#767600,0x0770,#737300
152,64,5,88,11,#767600,0x0770,#737300
152,64,6,89,12,#6e6e00,0x6660,#6b6b00
152,65,1,90,13,#666600,0x0660,#636300
152,65,2,91,14,#5e5e00,0x6550,#5a5a00
152,65,3,92,15,#565600,0x0550,#525200
152,65,4,93,16,#4f4f00,0x0550,#525200
152,65,5,94,17,#474700,0x6440,#4a4a00
152,65,6,95,18,#3f3f00,0x0440,#424200
152,66,1,79,2,#373700,0x6330,#3a3a00
152,66,2,80,3,#3f3f00,0x0440,#424200
152,66,3,81,4,#474700,0x6440,#4a4a00
152,66,4,82,5,#4f4f00,0x0550,#525200
152,66,5,83,6,#565600,0x0550,#525200
152,66,6,84,7,#5e5e00,0x6550,#5a5a00
152,68,1,79,2,#373700,0x6330,#3a3a00
152,68,2,80,3,#3f3f00,0x0440,#424200
152,68,3,84,7,#5e5e00,0x6550,#5a5a00
152,69,1,90,13,#666600,0x0660,#636300
152,70,1,85,8,#666600,0x0660,#636300
152,70,2,86,9,#6e6e00,0x6660,#6b6b00
152,70,3,87,10,#767600,0x0770,#737300
152,70,4,88,11,#767600,0x0770,#737300
152,70,5,89,12,#6e6e00,0x6660,#6b6b00
152,70,6,95,18,#3f3f00,0x0440,#424200
152,70,7,96,19,#373700,0x6330,#3a3a00
152,74,1,84,7,#5e5e00,0x6550,#5a5a00
152,74,2,85,8,#666600,0x0660,#636300
152,74,3,86,9,#6e6e00,0x6660,#6b6b00
152,74,4,87,10,#767600,0x0770,#737300
152,74,5,88,11,#767600,0x0770,#737300
152,74,6,89,12,#6e6e00,0x6660,#6b6b00
152,76,1,77,0,#272700,0x6220,#292900
152,76,2,78,1,#2f2f00,0x0330,#313100
152,76,3,79,2,#373700,0x6330,#3a3a00
152,79,1,84,7,#5e5e00,0x6550,#5a5a00
152,79,2,85,8,#666600,0x0660,#636300
152,79,3,86,9,#6e6e00,0x6660,#6b6b00
152,79,4,87,10,#767600,0x0770,#737300
153,34,1,77,0,#2f2f00,0x0330,#313100
153,34,2,78,1,#373700,0x6330,#3a3a00
153,34,3,79,2,#3f3f00,0x0440,#424200
153,35,1,78,1,#373700,0x6330,#3a3a00
153,35,2,79,2,#3f3f00,0x0440,#424200
153,36,1,84,7,#666600,0x0660,#636300
153,36,2,85,8,#6e6e00,0x6660,#6b6b00
153,36,3,86,9,#767600,0x0770,#737300
153,36,4,87,10,#767600,0x0770,#737300
153,37,1,84,7,#666600,0x0660,#636300
153,37,2,85,8,#6e6e00,0x6660,#6b6b00
153,37,3,86,9,#767600,0x0770,#737300
153,37,4,87,10,#767600,0x0770,#737300
153,37,5,88,11,#6e6e00,0x6660,#6b6b00
153,38,1,79,2,#3f3f00,0x0440,#424200
153,38,2,80,3,#474700,0x6440,#4a4a00
153,38,3,81,4,#4f4f00,0x0550,#525200
153,38,4,82,5,#565600,0x0550,#525200
153,38,5,83,6,#5e5e00,0x6550,#5a5a00
153,38,6,84,7,#666600,0x0660,#636300
153,49,1,79,2,#3f3f00,0x0440,#424200
153,49,2,80,3,#474700,0x6440,#4a4a00
153,49,3,81,4,#4f4f00,0x0550,#525200
153,49,4,82,5,#565600,0x0550,#525200
153,49,5,83,6,#5e5e00,0x6550,#5a5a00
153,49,6,84,7,#666600,0x0660,#636300
153,50,1,90,13,#5e5e00,0x6550,#5a5a00
153,50,2,94,17,#3f3f00,0x0440,#424200
153,50,3,95,18,#373700,0x6330,#3a3a00
153,56,1,77,0,#2f2f00,0x0330,#313100
153,56,2,78,1,#373700,0x6330,#3a3a00
153,56,3,79,2,#3f3f00,0x0440,#424200
153,59,1,77,0,#2f2f00,0x0330,#313100
153,59,2,78,1,#373700,0x6330,#3a3a00
153,59,3,79,2,#3f3f00,0x0440,#424200
153,60,1,83,6,#5e5e00,0x6550,#5a5a00
153,60,2,84,7,#666600,0x0660,#636300
153,62,1,79,2,#3f3f00,0x0440,#424200
153,62,2,80,3,#474700,0x6440,#4a4a00
153,62,3,81,4,#4f4f00,0x0550,#525200
153,62,4,82,5,#565600,0x0550,#525200
153,62,5,83,6,#5e5e00,0x6550,#5a5a00
153,62,6,84,7,#666600,0x0660,#636300
153,63,1,84,7,#666600,0x0660,#636300
153,63,2,85,8,#6e6e00,0x6660,#6b6b00
153,63,3,86,9,#767600,0x0770,#737300
153,63,4,87,10,#767600,0x0770,#737300
153,63,5,90,13,#5e5e00,0x6550,#5a5a00
153,63,6,91,14,#565600,0x0550,#525200
153,64,1,84,7,#666600,0x0660,#636300
153,64,2,85,8,#6e6e00,0x6660,#6b6b00
153,64,3,86,9,#767600,0x0770,#737300
153,64,4,87,10,#767600,0x0770,#737300
153,64,5,88,11,#6e6e00,0x6660,#6b6b00
153,64,6,89,12,#666600,0x0660,#636300
153,65,1,90,13,#5e5e00,0x6550,#5a5a00
153,65,2,91,14,#565600,0x0550,#525200
153,65,3,92,15,#4f4f00,0x0550,#525200
153,65,4,93,16,#474700,0x6440,#4a4a00
153,65,5,94,17,#3f3f00,0x0440,#424200
153,65,6,95,18,#373700,0x6330,#3a3a00
153,66,1,79,2,#3f3f00,0x0440,#424200
153,66,2,80,3,#474700,0x6440,#4a4a00
153,66,3,81,4,#4f4f00,0x0550,#525200
153,66,4,82,5,#565600,0x0550,#525200
153,66,5,83,6,#5e5e00,0x6550,#5a5a00
153,66,6,84,7,#666600,0x0660,#636300
153,68,1,79,2,#3f3f00,0x0440,#424200
153,68,2,80,3,#474700,0x6440,#4a4a00
153,68,3,84,7,#666600,0x0660,#636300
153,69,1,90,13,#5e5e00,0x6550,#5a5a00
153,70,1,85,8,#6e6e00,0x6660,#6b6b00
153,70,2,86,9,#767600,0x0770,#737300
153,70,3,87,10,#767600,0x0770,#737300
153,70,4,88,11,#6e6e00,0x6660,#6b6b00
153,70,5,89,12,#666600,0x0660,#636300
153,70,6,95,18,#373700,0x6330,#3a3a00
153,70,7,96,19,#2f2f00,0x0330,#313100
153,74,1,84,7,#666600,0x0660,#636300
153,74,2,85,8,#6e6e00,0x6660,#6b6b00
153,74,3,86,9,#767600,0x0770,#737300
153,74,4,87,10,#767600,0x0770,#737300
153,74,5,88,11,#6e6e00,0x6660,#6b6b00
153,74,6,89,12,#666600,0x0660,#636300
153,76,1,77,0,#2f2f00,0x0330,#313100
153,76,2,78,1,#373700,0x6330,#3a3a00
153,76,3,79,2,#3f3f00,0x0440,#424200
153,79,1,84,7,#666600,0x0660,#636300
153,79,2,85,8,#6e6e00,0x6660,#6b6b00
153,79,3,86,9,#767600,0x0770,#737300
153,79,4,87,10,#767600,0x0770,#737300
154,34,1,77,0,#373700,0x6330,#3a3a00
154,34,2,78,1,#3f3f00,0x0440,#424200
154,34,3,79,2,#474700,0x6440,#4a4a00
154,35,1,78,1,#3f3f00,0x0440,#424200
154,35,2,79,2,#474700,0x6440,#4a4a00
154,36,1,84,7,#6e6e00,0x6660,#6b6b00
154,36,2,85,8,#767600,0x0770,#737300
154,36,3,86,9,#767600,0x0770,#737300
154,36,4,87,10,#6e6e00,0x6660,#6b6b00
154,37,1,84,7,#6e6e00,0x6660,#6b6b00
154,37,2,85,8,#767600,0x0770,#737300
154,37,3,86,9,#767600,0x0770,#737300
154,37,4,87,10,#6e6e00,0x6660,#6b6b00
154,37,5,88,11,#666600,0x0660,#636300
154,38,1,79,2,#474700,0x6440,#4a4a00
154,38,2,80,3,#4f4f00,0x0550,#525200
154,38,3,81,4,#565600,0x0550,#525200
154,38,4,82,5,#5e5e00,0x6550,#5a5a00
154,38,5,83,6,#666600,0x0660,#636300
154,38,6,84,7,#6e6e00,0x6660,#6b6b00
154,49,1,79,2,#474700,0x6440,#4a4a00
154,49,2,80,3,#4f4f00,0x0550,#525200
154,49,3,81,4,#565600,0x0550,#525200
154,49,4,82,5,#5e5e00,0x6550,#5a5a00
154,49,5,83,6,#666600,0x0660,#636300
154,49,6,84,7,#6e6e00,0x6660,#6b6b00
154,50,1,90,13,#565600,0x0550,#525200
154,50,2,94,17,#373700,0x6330,#3a3a00
154,50,3,95,18,#2f2f00,0x0330,#313100
154,56,1,77,0,#373700,0x6330,#3a3a00
154,56,2,78,1,#3f3f00,0x0440,#424200
154,56,3,79,2,#474700,0x6440,#4a4a00
154,59,1,77,0,#373700,0x6330,#3a3a00
154,59,2,78,1,#3f3f00,0x0440,#424200
154,59,3,79,2,#474700,0x6440,#4a4a00
154,60,1,83,6,#666600,0x0660,#636300
154,60,2,84,7,#6e6e00,0x6660,#6b6b00
154,62,1,79,2,#474700,0x6440,#4a4a00
154,62,2,80,3,#4f4f00,0x0550,#525200
154,62,3,81,4,#565600,0x0550,#525200
154,62,4,82,5,#5e5e00,0x6550,#5a5a00
154,62,5,83,6,#666600,0x0660,#636300
154,62,6,84,7,#6e6e00,0x6660,#6b6b00
154,63,1,84,7,#6e6e00,0x6660,#6b6b00
154,63,2,85,8,#767600,0x0770,#737300
154,63,3,86,9,#767600,0x0770,#737300
154,63,4,87,10,#6e6e00,0x6660,#6b6b00
154,63,5,90,13,#565600,0x0550,#525200
154,63,6,91,14,#4f4f00,0x0550,#525200
154,64,1,84,7,#6e6e00,0x6660,#6b6b00
154,64,2,85,8,#767600,0x0770,#737300
154,64,3,86,9,#767600,0x0770,#737300
154,64,4,87,10,#6e6e00,0x6660,#6b6b00
154,64,5,88,11,#666600,0x0660,#636300
154,64,6,89,12,#5e5e00,0x6550,#5a5a00
154,65,1,90,13,#565600,0x0550,#525200
154,65,2,91,14,#4f4f00,0x0550,#525200
154,65,3,92,15,#474700,0x6440,#4a4a00
154,65,4,93,16,#3f3f00,0x0440,#424200
154,65,5,94,17,#373700,0x6330,#3a3a00
154,65,6,95,18,#2f2f00,0x0330,#313100
154,66,1,79,2,#474700,0x6440,#4a4a00
154,66,2,80,3,#4f4f00,0x0550,#525200
154,66,3,81,4,#565600,0x0550,#525200
154,66,4,82,5,#5e5e00,0x6550,#5a5a00
154,66,5,83,6,#666600,0x0660,#636300
154,66,6,84,7,#6e6e00,0x6660,#6b6b00
154,68,1,79,2,#474700,0x6440,#4a4a00
154,68,2,80,3,#4f4f00,0x0550,#525200
154,68,3,84,7,#6e6e00,0x6660,#6b6b00
154,69,1,90,13,#565600,0x0550,#525200
154,70,1,85,8,#767600,0x0770,#737300
154,70,2,86,9,#767600,0x0770,#737300
154,70,3,87,10,#6e6e00,0x6660,#6b6b00
154,70,4,88,11,#666600,0x0660,#636300
154,70,5,89,12,#5e5e00,0x6550,#5a5a00
154,70,6,95,18,#2f2f00,0x0330,#313100
154,70,7,96,19,#272700,0x6220,#292900
154,74,1,84,7,#6e6e00,0x6660,#6b6b00
154,74,2,85,8,#767600,0x0770,#737300
154,74,3,86,9,#767600,0x0770,#737300
154,74,4,87,10,#6e6e00,0x6660,#6b6b00
154,74,5,88,11,#666600,0x0660,#636300
154,74,6,89,12,#5e5e00,0x6550,#5a5a00
154,76,1,77,0,#373700,0x6330,#3a3a00
154,76,2,78,1,#3f3f00,0x0440,#424200
154,76,3,79,2,#474700,0x6440,#4a4a00
154,79,1,84,7,#6e6e00,0x6660,#6b6b00
154,79,2,85,8,#767600,0x0770,#737300
154,79,3,86,9,#767600,0x0770,#737300
154,79,4,87,10,#6e6e00,0x6660,#6b6b00
155,34,1,77,0,#3f3f00,0x0440,#424200
155,34,2,78,1,#474700,0x6440,#4a4a00
155,34,3,79,2,#4f4f00,0x0550,#525200
155,35,1,78,1,#474700,0x6440,#4a4a00
155,35,2,79,2,#4f4f00,0x0550,#525200
155,36,1,84,7,#767600,0x0770,#737300
155,36,2,85,8,#767600,0x0770,#737300
155,36,3,86,9,#6e6e00,0x6660,#6b6b00
155,36,4,87,10,#666600,0x0660,#636300
155,37,1,84,7,#767600,0x0770,#737300
155,37,2,85,8,#767600,0x0770,#737300
155,37,3,86,9,#6e6e00,0x6660,#6b6b00
155,37,4,87,10,#666600,0x0660,#636300
155,37,5,88,11,#5e5e00,0x6550,#5a5a00
155,38,1,79,2,#4f4f00,0x0550,#525200
155,38,2,80,3,#565600,0x0550,#525200
155,38,3,81,4,#5e5e00,0x6550,#5a5a00
155,38,4,82,5,#666600,0x0660,#636300
155,38,5,83,6,#6e6e00,0x6660,#6b6b00
155,38,6,84,7,#767600,0x0770,#737300
155,49,1,79,2,#4f4f00,0x0550,#525200
155,49,2,80,3,#565600,0x0550,#525200
155,49,3,81,4,#5e5e00,0x6550,#5a5a00
155,49,4,82,5,#666600,0x0660,#636300
155,49,5,83,6,#6e6e00,0x6660,#6b6b00
155,49,6,84,7,#767600,0x0770,#737300
155,50,1,90,13,#4f4f00,0x0550,#525200
155,50,2,94,17,#2f2f00,0x0330,#313100
155,50,3,95,18,#272700,0x6220,#292900
155,56,1,77,0,#3f3f00,0x0440,#424200
155,56,2,78,1,#474700,0x6440,#4a4a00
155,56,3,79,2,#4f4f00,0x0550,#525200
155,59,1,77,0,#3f3f00,0x0440,#424200
155,59,2,78,1,#474700,0x6440,#4a4a00
155,59,3,79,2,#4f4f00,0x0550,#525200
155,60,1,83,6,#6e6e00,0x6660,#6b6b00
155,60,2,84,7,#767600,0x0770,#737300
155,62,1,79,2,#4f4f00,0x0550,#525200
155,62,2,80,3,#565600,0x0550,#525200
155,62,3,81,4,#5e5e00,0x6550,#5a5a00
155,62,4,82,5,#666600,0x0660,#636300
155,62,5,83,6,#6e6e00,0x6660,#6b6b00
155,62,6,84,7,#767600,0x0770,#737300
155,63,1,84,7,#767600,0x0770,#737300
155,63,2,85,8,#767600,0x0770,#737300
155,63,3,86,9,#6e6e00,0x6660,#6b6b00
155,63,4,87,10,#666600,0x0660,#636300
155,63,5,90,13,#4f4f00,0x0550,#525200
155,63,6,91,14,#474700,0x6440,#4a4a00
155,64,1,84,7,#767600,0x0770,#737300
155,64,2,85,8,#767600,0x0770,#737300
155,64,3,86,9,#6e6e00,0x6660,#6b6b00
155,64,4,87,10,#666600,0x0660,#636300
155,64,5,88,11,#5e5e00,0x6550,#5a5a00
155,64,6,89,12,#565600,0x0550,#525200
155,65,1,90,13,#4f4f00,0x0550,#525200
155,65,2,91,14,#474700,0x6440,#4a4a00
155,65,3,92,15,#3f3f00,0x0440,#424200
155,65,4,93,16,#373700,0x6330,#3a3a00
155,65,5,94,17,#2f2f00,0x0330,#313100
155,65,6,95,18,#272700,0x6220,#292900
155,66,1,79,2,#4f4f00,0x0550,#525200
155,66,2,80,3,#565600,0x0550,#525200
155,66,3,81,4,#5e5e00,0x6550,#5a5a00
155,66,4,82,5,#666600,0x0660,#636300
155,66,5,83,6,#6e6e00,0x6660,#6b6b00
155,66,6,84,7,#767600,0x0770,#737300
155,68,1,79,2,#4f4f00,0x0550,#525200
155,68,2,80,3,#565600,0x0550,#525200
155,68,3,84,7,#767600,0x0770,#737300
155,69,1,90,13,#4f4f00,0x0550,#525200
155,70,1,85,8,#767600,0x0770,#737300
155,70,2,86,9,#6e6e00,0x6660,#6b6b00
155,70,3,87,10,#666600,0x0660,#636300
155,70,4,88,11,#5e5e00,0x6550,#5a5a00
155,70,5,89,12,#565600,0x0550,#525200
155,70,6,95,18,#272700,0x6220,#292900
155,70,7,96,19,#1f1f00,0x0220,#212100
155,74,1,84,7,#767600,0x0770,#737300
155,74,2,85,8,#767600,0x0770,#737300
155,74,3,86,9,#6e6e00,0x6660,#6b6b00
155,74,4,87,10,#666600,0x0660,#636300
155,74,5,88,11,#5e5e00,0x6550,#5a5a00
155,74,6,89,12,#565600,0x0550,#525200
155,76,1,77,0,#3f3f00,0x0440,#424200
155,76,2,78,1,#474700,0x6440,#4a4a00
155,76,3,79,2,#4f4f00,0x0550,#525200
155,79,1,84,7,#767600,0x0770,#737300
155,79,2,85,8,#767600,0x0770,#737300
155,79,3,86,9,#6e6e00,0x6660,#6b6b00
155,79,4,87,10,#666600,0x0660,#636300
156,34,1,77,0,#474700,0x6440,#4a4a00
156,34,2,78,1,#4f4f00,0x0550,#525200
156,34,3,79,2,#565600,0x0550,#525200
156,35,1,78,1,#4f4f00,0x0550,#525200
156,35,2,79,2,#565600,0x0550,#525200
156,36,1,84,7,#767600,0x0770,#737300
156,36,2,85,8,#6e6e00,0x6660,#6b6b00
156,36,3,86,9,#666600,0x0660,#636300
156,36,4,87,10,#5e5e00,0x6550,#5a5a00
156,37,1,84,7,#767600,0x0770,#737300
156,37,2,85,8,#6e6e00,0x6660,#6b6b00
156,37,3,86,9,#666600,0x0660,#636300
156,37,4,87,10,#5e5e00,0x6550,#5a5a00
156,37,5,88,11,#565600,0x0550,#525200
156,38,1,79,2,#565600,0x0550,#525200
156,38,2,80,3,#5e5e00,0x6550,#5a5a00
156,38,3,81,4,#666600,0x0660,#636300
156,38,4,82,5,#6e6e00,0x6660,#6b6b00
156,38,5,83,6,#767600,0x0770,#737300
156,38,6,84,7,#767600,0x0770,#737300
156,49,1,79,2,#565600,0x0550,#525200
156,49,2,80,3,#5e5e00,0x6550,#5a5a00
156,49,3,81,4,#666600,0x0660,#636300
156,49,4,82,5,#6e6e00,0x6660,#6b6b00
156,49,5,83,6,#767600,0x0770,#737300
156,49,6,84,7,#767600,0x0770,#737300
156,50,1,90,13,#474700,0x6440,#4a4a00
156,50,2,94,17,#272700,0x6220,#292900
156,50,3,95,18,#1f1f00,0x0220,#212100
156,56,1,77,0,#474700,0x6440,#4a4a00
156,56,2,78,1,#4f4f00,0x0550,#525200
156,56,3,79,2,#565600,0x0550,#525200
156,59,1,77,0,#474700,0x6440,#4a4a00
156,59,2,78,1,#4f4f00,0x0550,#525200
156,59,3,79,2,#565600,0x0550,#525200
156,60,1,83,6,#767600,0x0770,#737300
156,60,2,84,7,#767600,0x0770,#737300
156,62,1,79,2,#565600,0x0550,#525200
156,62,2,80,3,#5e5e00,0x6550,#5a5a00
156,62,3,81,4,#666600,0x0660,#636300
156,62,4,82,5,#6e6e00,0x6660,#6b6b00
156,62,5,83,6,#767600,0x0770,#737300
156,62,6,84,7,#767600,0x0770,#737300
156,63,1,84,7,#767600,0x0770,#737300
156,63,2,85,8,#6e6e00,0x6660,#6b6b00
156,63,3,86,9,#666600,0x0660,#636300
156,63,4,87,10,#5e5e00,0x6550,#5a5a00
156,63,5,90,13,#474700,0x6440,#4a4a00
156,63,6,91,14,#3f3f00,0x0440,#424200
156,64,1,84,7,#767600,0x0770,#737300
156,64,2,85,8,#6e6e00,0x6660,#6b6b00
156,64,3,86,9,#666600,0x0660,#636300
156,64,4,87,10,#5e5e00,0x6550,#5a5a00
156,64,5,88,11,#565600,0x0550,#525200
156,64,6,89,12,#4f4f00,0x0550,#525200
156,65,1,90,13,#474700,0x6440,#4a4a00
156,65,2,91,14,#3f3f00,0x0440,#424200
156,65,3,92,15,#373700,0x6330,#3a3a00
156,65,4,93,16,#2f2f00,0x0330,#313100
156,65,5,94,17,#272700,0x6220,#292900
156,65,6,95,18,#1f1f00,0x0220,#212100
156,66,1,79,2,#565600,0x0550,#525200
156,66,2,80,3,#5e5e00,0x6550,#5a5a00
156,66,3,81,4,#666600,0x0660,#636300
156,66,4,82,5,#6e6e00,0x6660,#6b6b00
156,66,5,83,6,#767600,0x0770,#737300
156,66,6,84,7,#767600,0x0770,#737300
156,68,1,79,2,#565600,0x0550,#525200
156,68,2,80,3,#5e5e00,0x6550,#5a5a00
156,68,3,84,7,#767600,0x0770,#737300
156,69,1,90,13,#474700,0x6440,#4a4a00
156,70,1,85,8,#6e6e00,0x6660,#6b6b00
156,70,2,86,9,#666600,0x0660,#636300
156,70,3,87,10,#5e5e00,0x6550,#5a5a00
156,70,4,88,11,#565600,0x0550,#525200
156,70,5,89,12,#4f4f00,0x0550,#525200
156,70,6,95,18,#1f1f00,0x0220,#212100
156,70,7,96,19,#171700,0x6110,#191900
156,74,1,84,7,#767600,0x0770,#737300
156,74,2,85,8,#6e6e00,0x6660,#6b6b00
156,74,3,86,9,#666600,0x0660,#636300
156,74,4,87,10,#5e5e00,0x6550,#5a5a00
156,74,5,88,11,#565600,0x0550,#525200
156,74,6,89,12,#4f4f00,0x0550,#525200
156,76,1,77,0,#474700,0x6440,#4a4a00
156,76,2,78,1,#4f4f00,0x0550,#525200
156,76,3,79,2,#565600,0x0550,#525200
156,79,1,84,7,#767600,0x0770,#737300
156,79,2,85,8,#6e6e00,0x6660,#6b6b00
156,79,3,86,9,#666600,0x0660,#636300
156,79,4,87,10,#5e5e00,0x6550,#5a5a00
157,34,1,77,0,#4f4f00,0x0550,#525200
157,34,2,78,1,#565600,0x0550,#525200
157,34,3,79,2,#5e5e00,0x6550,#5a5a00
157,35,1,78,1,#565600,0x0550,#525200
157,35,2,79,2,#5e5e00,0x6550,#5a5a00
157,36,1,84,7,#6e6e00,0x6660,#6b6b00
157,36,2,85,8,#666600,0x0660,#636300
157,36,3,86,9,#5e5e00,0x6550,#5a5a00
157,36,4,87,10,#565600,0x0550,#525200
157,37,1,84,7,#6e6e00,0x6660,#6b6b00
157,37,2,85,8,#666600,0x0660,#636300
157,37,3,86,9,#5e5e00,0x6550,#5a5a00
157,37,4,87,10,#565600,0x0550,#525200
157,37,5,88,11,#4f4f00,0x0550,#525200
157,38,1,79,2,#5e5e00,0x6550,#5a5a00
157,38,2,80,3,#666600,0x0660,#636300
157,38,3,81,4,#6e6e00,0x6660,#6b6b00
157,38,4,82,5,#767600,0x0770,#737300
157,38,5,83,6,#767600,0x0770,#737300
157,38,6,84,7,#6e6e00,0x6660,#6b6b00
157,49,1,79,2,#5e5e00,0x6550,#5a5a00
157,49,2,80,3,#666600,0x0660,#636300
157,49,3,81,4,#6e6e00,0x6660,#6b6b00
157,49,4,82,5,#767600,0x0770,#737300
157,49,5,83,6,#767600,0x0770,#737300
157,49,6,84,7,#6e6e00,0x6660,#6b6b00
157,50,1,90,13,#3f3f00,0x0440,#424200
157,50,2,94,17,#1f1f00,0x0220,#212100
157,50,3,95,18,#171700,0x6110,#191900
157,56,1,77,0,#4f4f00,0x0550,#525200
157,56,2,78,1,#565600,0x0550,#525200
157,56,3,79,2,#5e5e00,0x6550,#5a5a00
157,59,1,77,0,#4f4f00,0x0550,#525200
157,59,2,78,1,#565600,0x0550,#525200
157,59,3,79,2,#5e5e00,0x6550,#5a5a00
157,60,1,83,6,#767600,0x0770,#737300
157,60,2,84,7,#6e6e00,0x6660,#6b6b00
157,62,1,79,2,#5e5e00,0x6550,#5a5a00
157,62,2,80,3,#666600,0x0660,#636300
157,62,3,81,4,#6e6e00,0x6660,#6b6b00
157,62,4,82,5,#767600,0x0770,#737300
157,62,5,83,6,#767600,0x0770,#737300
157,62,6,84,7,#6e6e00,0x6660,#6b6b00
157,63,1,84,7,#6e6e00,0x6660,#6b6b00
157,63,2,85,8,#666600,0x0660,#636300
157,63,3,86,9,#5e5e00,0x6550,#5a5a00
157,63,4,87,10,#565600,0x0550,#525200
157,63,5,90,13,#3f3f00,0x0440,#424200
157,63,6,91,14,#373700,0x6330,#3a3a00
157,64,1,84,7,#6e6e00,0x6660,#6b6b00
157,64,2,85,8,#666600,0x0660,#636300
157,64,3,86,9,#5e5e00,0x6550,#5a5a00
157,64,4,87,10,#565600,0x0550,#525200
157,64,5,88,11,#4f4f00,0x0550,#525200
157,64,6,89,12,#474700,0x6440,#4a4a00
157,65,1,90,13,#3f3f00,0x0440,#424200
157,65,2,91,14,#373700,0x6330,#3a3a00
157,65,3,92,15,#2f2f00,0x0330,#313100
157,65,4,93,16,#272700,0x6220,#292900
157,65,5,94,17,#1f1f00,0x0220,#212100
157,65,6,95,18,#171700,0x6110,#191900
157,66,1,79,2,#5e5e00,0x6550,#5a5a00
157,66,2,80,3,#666600,0x0660,#636300
157,66,3,81,4,#6e6e00,0x6660,#6b6b00
157,66,4,82,5,#767600,0x0770,#737300
157,66,5,83,6,#767600,0x0770,#737300
157,66,6,84,7,#6e6e00,0x6660,#6b6b00
157,68,1,79,2,#5e5e00,0x6550,#5a5a00
157,68,2,80,3,#666600,0x0660,#636300
157,68,3,84,7,#6e6e00,0x6660,#6b6b00
157,69,1,90,13,#3f3f00,0x0440,#424200
157,70,1,85,8,#666600,0x0660,#636300
157,70,2,86,9,#5e5e00,0x6550,#5a5a00
157,70,3,87,10,#565600,0x0550,#525200
157,70,4,88,11,#4f4f00,0x0550,#525200
157,70,5,89,12,#474700,0x6440,#4a4a00
157,70,6,95,18,#171700,0x6110,#191900
157,70,7,96,19,#0f0f00,0x0110,#101000
157,74,1,84,7,#6e6e00,0x6660,#6b6b00
157,74,2,85,8,#666600,0x0660,#636300
157,74,3,86,9,#5e5e00,0x6550,#5a5a00
157,74,4,87,10,#565600,0x0550,#525200
157,74,5,88,11,#4f4f00,0x0550,#525200
157,74,6,89,12,#474700,0x6440,#4a4a00
157,76,1,77,0,#4f4f00,0x0550,#525200
157,76,2,78,1,#565600,0x0550,#525200
157,76,3,79,2,#5e5e00,0x6550,#5a5a00
157,79,1,84,7,#6e6e00,0x6660,#6b6b00
157,79,2,85,8,#666600,0x0660,#636300
157,79,3,86,9,#5e5e00,0x6550,#5a5a00
157,79,4,87,10,#565600,0x0550,#525200
158,34,1,77,0,#565600,0x0550,#525200
158,34,2,78,1,#5e5e00,0x6550,#5a5a00
158,34,3,79,2,#666600,0x0660,#636300
158,35,1,78,1,#5e5e00,0x6550,#5a5a00
158,35,2,79,2,#666600,0x0660,#636300
158,36,1,84,7,#666600,0x0660,#636300
158,36,2,85,8,#5e5e00,0x6550,#5a5a00
158,36,3,86,9,#565600,0x0550,#525200
158,36,4,87,10,#4f4f00,0x0550,#525200
158,37,1,84,7,#666600,0x0660,#636300
158,37,2,85,8,#5e5e00,0x6550,#5a5a00
158,37,3,86,9,#565600,0x0550,#525200
158,37,4,87,10,#4f4f00,0x0550,#525200
158,37,5,88,11,#474700,0x6440,#4a4a00
158,38,1,79,2,#666600,0x0660,#636300
158,38,2,80,3,#6e6e00,0x6660,#6b6b00
158,38,3,81,4,#767600,0x0770,#737300
158,38,4,82,5,#767600,0x0770,#737300
158,38,5,83,6,#6e6e00,0x6660,#6b6b00
158,38,6,84,7,#666600,0x0660,#636300
158,49,1,79,2,#666600,0x0660,#636300
158,49,2,80,3,#6e6e00,0x6660,#6b6b00
158,49,3,81,4,#767600,0x0770,#737300
158,49,4,82,5,#767600,0x0770,#737300
158,49,5,83,6,#6e6e00,0x6660,#6b6b00
158,49,6,84,7,#666600,0x0660,#636300
158,50,1,90,13,#373700,0x6330,#3a3a00
158,50,2,94,17,#171700,0x6110,#191900
158,50,3,95,18,#0f0f00,0x0110,#101000
158,56,1,77,0,#565600,0x0550,#525200
158,56,2,78,1,#5e5e00,0x6550,#5a5a00
158,56,3,79,2,#666600,0x0660,#636300
158,59,1,77,0,#565600,0x0550,#525200
158,59,2,78,1,#5e5e00,0x6550,#5a5a00
158,59,3,79,2,#666600,0x0660,#636300
158,60,1,83,6,#6e6e00,0x6660,#6b6b00
158,60,2,84,7,#666600,0x0660,#636300
158,62,1,79,2,#666600,0x0660,#636300
158,62,2,80,3,#6e6e00,0x6660,#6b6b00
158,62,3,81,4,#767600,0x0770,#737300
158,62,4,82,5,#767600,0x0770,#737300
158,62,5,83,6,#6e6e00,0x6660,#6b6b00
158,62,6,84,7,#666600,0x0660,#636300
158,63,1,84,7,#666600,0x0660,#636300
158,63,2,85,8,#5e5e00,0x6550,#5a5a00
158,63,3,86,9,#565600,0x0550,#525200
158,63,4,87,10,#4f4f00,0x0550,#525200
158,63,5,90,13,#373700,0x6330,#3a3a00
158,63,6,91,14,#2f2f00,0x0330,#313100
158,64,1,84,7,#666600,0x0660,#636300
158,64,2,85,8,#5e5e00,0x6550,#5a5a00
158,64,3,86,9,#565600,0x0550,#525200
158,64,4,87,10,#4f4f00,0x0550,#525200
158,64,5,88,11,#474700,0x6440,#4a4a00
158,64,6,89,12,#3f3f00,0x0440,#424200
158,65,1,90,13,#373700,0x6330,#3a3a00
158,65,2,91,14,#2f2f00,0x0330,#313100
158,65,3,92,15,#272700,0x6220,#292900
158,65,4,93,16,#1f1f00,0x0220,#212100
158,65,5,94,17,#171700,0x6110,#191900
158,65,6,95,18,#0f0f00,0x0110,#101000
158,66,1,79,2,#666600,0x0660,#636300
158,66,2,80,3,#6e6e00,0x6660,#6b6b00
158,66,3,81,4,#767600,0x0770,#737300
158,66,4,82,5,#767600,0x0770,#737300
158,66,5,83,6,#6e6e00,0x6660,#6b6b00
158,66,6,84,7,#666600,0x0660,#636300
158,68,1,79,2,#666600,0x0660,#636300
158,68,2,80,3,#6e6e00,0x6660,#6b6b00
158,68,3,84,7,#666600,0x0660,#636300
158,69,1,90,13,#373700,0x6330,#3a3a00
158,70,1,85,8,#5e5e00,0x6550,#5a5a00
158,70,2,86,9,#565600,0x0550,#525200
158,70,3,87,10,#4f4f00,0x0550,#525200
158,70,4,88,11,#474700,0x6440,#4a4a00
158,70,5,89,12,#3f3f00,0x0440,#424200
158,70,6,95,18,#0f0f00,0x0110,#101000
158,70,7,96,19,#320000,0x0300,#310000
158,74,1,84,7,#666600,0x0660,#636300
158,74,2,85,8,#5e5e00,0x6550,#5a5a00
158,74,3,86,9,#565600,0x0550,#525200
158,74,4,87,10,#4f4f00,0x0550,#525200
158,74,5,88,11,#474700,0x6440,#4a4a00
158,74,6,89,12,#3f3f00,0x0440,#424200
158,76,1,77,0,#565600,0x0550,#525200
158,76,2,78,1,#5e5e00,0x6550,#5a5a00
158,76,3,79,2,#666600,0x0660,#636300
158,79,1,84,7,#666600,0x0660,#636300
158,79,2,85,8,#5e5e00,0x6550,#5a5a00
158,79,3,86,9,#565600,0x0550,#525200
158,79,4,87,10,#4f4f00,0x0550,#525200
159,34,1,77,0,#5e5e00,0x6550,#5a5a00
159,34,2,78,1,#666600,0x0660,#636300
159,34,3,79,2,#6e6e00,0x6660,#6b6b00
159,35,1,78,1,#666600,0x0660,#636300
159,35,2,79,2,#6e6e00,0x6660,#6b6b00
159,36,1,84,7,#5e5e00,0x6550,#5a5a00
159,36,2,85,8,#565600,0x0550,#525200
159,36,3,86,9,#4f4f00,0x0550,#525200
159,36,4,87,10,#474700,0x6440,#4a4a00
159,37,1,84,7,#5e5e00,0x6550,#5a5a00
159,37,2,85,8,#565600,0x0550,#525200
159,37,3,86,9,#4f4f00,0x0550,#525200
159,37,4,87,10,#474700,0x6440,#4a4a00
159,37,5,88,11,#3f3f00,0x0440,#424200
159,38,1,79,2,#6e6e00,0x6660,#6b6b00
159,38,2,80,3,#767600,0x0770,#737300
159,38,3,81,4,#767600,0x0770,#737300
159,38,4,82,5,#6e6e00,0x6660,#6b6b00
159,38,5,83,6,#666600,0x0660,#636300
159,38,6,84,7,#5e5e00,0x6550,#5a5a00
159,49,1,79,2,#6e6e00,0x6660,#6b6b00
159,49,2,80,3,#767600,0x0770,#737300
159,49,3,81,4,#767600,0x0770,#737300
159,49,4,82,5,#6e6e00,0x6660,#6b6b00
159,49,5,83,6,#666600,0x0660,#636300
159,49,6,84,7,#5e5e00,0x6550,#5a5a00
159,50,1,90,13,#2f2f00,0x0330,#313100
159,50,2,94,17,#0f0f00,0x0110,#101000
159,50,3,95,18,#320000,0x0300,#310000
159,56,1,77,0,#5e5e00,0x6550,#5a5a00
159,56,2,78,1,#666600,0x0660,#636300
159,56,3,79,2,#6e6e00,0x6660,#6b6b00
159,59,1,77,0,#5e5e00,0x6550,#5a5a00
159,59,2,78,1,#666600,0x0660,#636300
159,59,3,79,2,#6e6e00,0x6660,#6b6b00
159,60,1,83,6,#666600,0x0660,#636300
159,60,2,84,7,#5e5e00,0x6550,#5a5a00
159,62,1,79,2,#6e6e00,0x6660,#6b6b00
159,62,2,80,3,#767600,0x0770,#737300
159,62,3,81,4,#767600,0x0770,#737300
159,62,4,82,5,#6e6e00,0x6660,#6b6b00
159,62,5,83,6,#666600,0x0660,#636300
159,62,6,84,7,#5e5e00,0x6550,#5a5a00
159,63,1,84,7,#5e5e00,0x6550,#5a5a00
159,63,2,85,8,#565600,0x0550,#525200
159,63,3,86,9,#4f4f00,0x0550,#525200
159,63,4,87,10,#474700,0x6440,#4a4a00
159,63,5,90,13,#2f2f00,0x0330,#313100
159,63,6,91,14,#272700,0x6220,#292900
159,64,1,84,7,#5e5e00,0x6550,#5a5a00
159,64,2,85,8,#565600,0x0550,#525200
159,64,3,86,9,#4f4f00,0x0550,#525200
159,64,4,87,10,#474700,0x6440,#4a4a00
159,64,5,88,11,#3f3f00,0x0440,#424200
159,64,6,89,12,#373700,0x6330,#3a3a00
159,65,1,90,13,#2f2f00,0x0330,#313100
159,65,2,91,14,#272700,0x6220,#292900
159,65,3,92,15,#1f1f00,0x0220,#212100
159,65,4,93,16,#171700,0x6110,#191900
159,65,5,94,17,#0f0f00,0x0110,#101000
159,65,6,95,18,#320000,0x0300,#310000
159,66,1,79,2,#6e6e00,0x6660,#6b6b00
159,66,2,80,3,#767600,0x0770,#737300
159,66,3,81,4,#767600,0x0770,#737300
159,66,4,82,5,#6e6e00,0x6660,#6b6b00
159,66,5,83,6,#666600,0x0660,#636300
159,66,6,84,7,#5e5e00,0x6550,#5a5a00
159,68,1,79,2,#6e6e00,0x6660,#6b6b00
159,68,2,80,3,#767600,0x0770,#737300
159,68,3,84,7,#5e5e00,0x6550,#5a5a00
159,69,1,90,13,#2f2f00,0x0330,#313100
159,70,1,85,8,#565600,0x0550,#525200
159,70,2,86,9,#4f4f00,0x0550,#525200
159,70,3,87,10,#474700,0x6440,#4a4a00
159,70,4,88,11,#3f3f00,0x0440,#424200
159,70,5,89,12,#373700,0x6330,#3a3a00
159,70,6,95,18,#320000,0x0300,#310000
159,70,7,96,19,#430000,0x0400,#420000
159,74,1,84,7,#5e5e00,0x6550,#5a5a00
159,74,2,85,8,#565600,0x0550,#525200
159,74,3,86,9,#4f4f00,0x0550,#525200
159,74,4,87,10,#474700,0x6440,#4a4a00
159,74,5,88,11,#3f3f00,0x0440,#424200
159,74,6,89,12,#373700,0x6330,#3a3a00
159,76,1,77,0,#5e5e00,0x6550,#5a5a00
159,76,2,78,1,#666600,0x0660,#636300
159,76,3,79,2,#6e6e00,0x6660,#6b6b00
159,79,1,84,7,#5e5e00,0x6550,#5a5a00
159,79,2,85,8,#565600,0x0550,#525200
159,79,3,86,9,#4f4f00,0x0550,#525200
159,79,4,87,10,#474700,0x6440,#4a4a00
160,34,1,77,0,#666600,0x0660,#636300
160,34,2,78,1,#6e6e00,0x6660,#6b6b00
160,34,3,79,2,#767600,0x0770,#737300
160,35,1,78,1,#6e6e00,0x6660,#6b6b00
160,35,2,79,2,#767600,0x0770,#737300
160,36,1,84,7,#565600,0x0550,#525200
160,36,2,85,8,#4f4f00,0x0550,#525200
160,36,3,86,9,#474700,0x6440,#4a4a00
160,36,4,87,10,#3f3f00,0x0440,#424200
160,37,1,84,7,#565600,0x0550,#525200
160,37,2,85,8,#4f4f00,0x0550,#525200
160,37,3,86,9,#474700,0x6440,#4a4a00
160,37,4,87,10,#3f3f00,0x0440,#424200
160,37,5,88,11,#373700,0x6330,#3a3a00
160,38,1,79,2,#767600,0x0770,#737300
160,38,2,80,3,#767600,0x0770,#737300
160,38,3,81,4,#6e6e00,0x6660,#6b6b00
160,38,4,82,5,#666600,0x0660,#636300
160,38,5,83,6,#5e5e00,0x6550,#5a5a00
160,38,6,84,7,#565600,0x0550,#525200
160,49,1,79,2,#767600,0x0770,#737300
160,49,2,80,3,#767600,0x0770,#737300
160,49,3,81,4,#6e6e00,0x6660,#6b6b00
160,49,4,82,5,#666600,0x0660,#636300
160,49,5,83,6,#5e5e00,0x6550,#5a5a00
160,49,6,84,7,#565600,0x0550,#525200
160,50,1,90,13,#272700,0x6220,#292900
160,50,2,94,17,#320000,0x0300,#310000
160,50,3,95,18,#430000,0x0400,#420000
160,56,1,77,0,#666600,0x0660,#636300
160,56,2,78,1,#6e6e00,0x6660,#6b6b00
160,56,3,79,2,#767600,0x0770,#737300
160,59,1,77,0,#666600,0x0660,#636300
160,59,2,78,1,#6e6e00,0x6660,#6b6b00
160,59,3,79,2,#767600,0x0770,#737300
160,60,1,83,6,#5e5e00,0x6550,#5a5a00
160,60,2,84,7,#565600,0x0550,#525200
160,62,1,79,2,#767600,0x0770,#737300
160,62,2,80,3,#767600,0x0770,#737300
160,62,3,81,4,#6e6e00,0x6660,#6b6b00
160,62,4,82,5,#666600,0x0660,#636300
160,62,5,83,6,#5e5e00,0x6550,#5a5a00
160,62,6,84,7,#565600,0x0550,#525200
160,63,1,84,7,#565600,0x0550,#525200
160,63,2,85,8,#4f4f00,0x0550,#525200
160,63,3,86,9,#474700,0x6440,#4a4a00
160,63,4,87,10,#3f3f00,0x0440,#424200
160,63,5,90,13,#272700,0x6220,#292900
160,63,6,91,14,#1f1f00,0x0220,#212100
160,64,1,84,7,#565600,0x0550,#525200
160,64,2,85,8,#4f4f00,0x0550,#525200
160,64,3,86,9,#474700,0x6440,#4a4a00
160,64,4,87,10,#3f3f00,0x0440,#424200
160,64,5,88,11,#373700,0x6330,#3a3a00
160,64,6,89,12,#2f2f00,0x0330,#313100
160,65,1,90,13,#272700,0x6220,#292900
160,65,2,91,14,#1f1f00,0x0220,#212100
160,65,3,92,15,#171700,0x6110,#191900
160,65,4,93,16,#0f0f00,0x0110,#101000
160,65,5,94,17,#320000,0x0300,#310000
160,65,6,95,18,#430000,0x0400,#420000
160,66,1,79,2,#767600,0x0770,#737300
160,66,2,80,3,#767600,0x0770,#737300
160,66,3,81,4,#6e6e00,0x6660,#6b6b00
160,66,4,82,5,#666600,0x0660,#636300
160,66,5,83,6,#5e5e00,0x6550,#5a5a00
160,66,6,84,7,#565600,0x0550,#525200
160,68,1,79,2,#767600,0x0770,#737300
160,68,2,80,3,#767600,0x0770,#737300
160,68,3,84,7,#565600,0x0550,#525200
160,69,1,90,13,#272700,0x6220,#292900
160,70,1,85,8,#4f4f00,0x0550,#525200
160,70,2,86,9,#474700,0x6440,#4a4a00
160,70,3,87,10,#3f3f00,0x0440,#424200
160,70,4,88,11,#373700,0x6330,#3a3a00
160,70,5,89,12,#2f2f00,0x0330,#313100
160,70,6,95,18,#430000,0x0400,#420000
160,70,7,96,19,#540000,0x0500,#520000
160,74,1,84,7,#565600,0x0550,#525200
160,74,2,85,8,#4f4f00,0x0550,#525200
160,74,3,86,9,#474700,0x6440,#4a4a00
160,74,4,87,10,#3f3f00,0x0440,#424200
160,74,5,88,11,#373700,0x6330,#3a3a00
160,74,6,89,12,#2f2f00,0x0330,#313100
160,76,1,77,0,#666600,0x0660,#636300
160,76,2,78,1,#6e6e00,0x6660,#6b6b00
160,76,3,79,2,#767600,0x0770,#737300
160,79,1,84,7,#565600,0x0550,#525200
160,79,2,85,8,#4f4f00,0x0550,#525200
160,79,3,86,9,#474700,0x6440,#4a4a00
160,79,4,87,10,#3f3f00,0x0440,#424200
161,34,1,77,0,#6e6e00,0x6660,#6b6b00
161,34,2,78,1,#767600,0x0770,#737300
161,34,3,79,2,#767600,0x0770,#737300
161,35,1,78,1,#767600,0x0770,#737300
161,35,2,79,2,#767600,0x0770,#737300
161,36,1,84,7,#4f4f00,0x0550,#525200
161,36,2,85,8,#474700,0x6440,#4a4a00
161,36,3,86,9,#3f3f00,0x0440,#424200
161,36,4,87,10,#373700,0x6330,#3a3a00
161,37,1,84,7,#4f4f00,0x0550,#525200
161,37,2,85,8,#474700,0x6440,#4a4a00
161,37,3,86,9,#3f3f00,0x0440,#424200
161,37,4,87,10,#373700,0x6330,#3a3a00
161,37,5,88,11,#2f2f00,0x0330,#313100
161,38,1,79,2,#767600,0x0770,#737300
161,38,2,80,3,#6e6e00,0x6660,#6b6b00
161,38,3,81,4,#666600,0x0660,#636300
161,38,4,82,5,#5e5e00,0x6550,#5a5a00
161,38,5,83,6,#565600,0x0550,#525200
161,38,6,84,7,#4f4f00,0x0550,#525200
161,49,1,79,2,#767600,0x0770,#737300
161,49,2,80,3,#6e6e00,0x6660,#6b6b00
161,49,3,81,4,#666600,0x0660,#636300
161,49,4,82,5,#5e5e00,0x6550,#5a5a00
161,49,5,83,6,#565600,0x0550,#525200
161,49,6,84,7,#4f4f00,0x0550,#525200
161,50,1,90,13,#1f1f00,0x0220,#212100
161,50,2,94,17,#430000,0x0400,#420000
161,50,3,95,18,#540000,0x0500,#520000
161,56,1,77,0,#6e6e00,0x6660,#6b6b00
161,56,2,78,1,#767600,0x0770,#737300
161,56,3,79,2,#767600,0x0770,#737300
161,59,1,77,0,#6e6e00,0x6660,#6b6b00
161,59,2,78,1,#767600,0x0770,#737300
161,59,3,79,2,#767600,0x0770,#737300
161,60,1,83,6,#565600,0x0550,#525200
161,60,2,84,7,#4f4f00,0x0550,#525200
161,62,1,79,2,#767600,0x0770,#737300
161,62,2,80,3,#6e6e00,0x6660,#6b6b00
161,62,3,81,4,#666600,0x0660,#636300
161,62,4,82,5,#5e5e00,0x6550,#5a5a00
161,62,5,83,6,#565600,0x0550,#525200
161,62,6,84,7,#4f4f00,0x0550,#525200
161,63,1,84,7,#4f4f00,0x0550,#525200
161,63,2,85,8,#474700,0x6440,#4a4a00
161,63,3,86,9,#3f3f00,0x0440,#424200
161,63,4,87,10,#373700,0x6330,#3a3a00
161,63,5,90,13,#1f1f00,0x0220,#212100
161,63,6,91,14,#171700,0x6110,#191900
161,64,1,84,7,#4f4f00,0x0550,#525200
161,64,2,85,8,#474700,0x6440,#4a4a00
161,64,3,86,9,#3f3f00,0x0440,#424200
161,64,4,87,10,#373700,0x6330,#3a3a00
161,64,5,88,11,#2f2f00,0x0330,#313100
161,64,6,89,12,#272700,0x6220,#292900
161,65,1,90,13,#1f1f00,0x0220,#212100
161,65,2,91,14,#171700,0x6110,#191900
161,65,3,92,15,#0f0f00,0x0110,#101000
161,65,4,93,16,#320000,0x0300,#310000
161,65,5,94,17,#430000,0x0400,#420000
161,65,6,95,18,#540000,0x0500,#520000
161,66,1,79,2,#767600,0x0770,#737300
161,66,2,80,3,#6e6e00,0x6660,#6b6b00
161,66,3,81,4,#666600,0x0660,#636300
161,66,4,82,5,#5e5e00,0x6550,#5a5a00
161,66,5,83,6,#565600,0x0550,#525200
161,66,6,84,7,#4f4f00,0x0550,#525200
161,68,1,79,2,#767600,0x0770,#737300
161,68,2,80,3,#6e6e00,0x6660,#6b6b00
161,68,3,84,7,#4f4f00,0x0550,#525200
161,69,1,90,13,#1f1f00,0x0220,#212100
161,70,1,85,8,#474700,0x6440,#4a4a00
161,70,2,86,9,#3f3f00,0x0440,#424200
161,70,3,87,10,#373700,0x6330,#3a3a00
161,70,4,88,11,#2f2f00,0x0330,#313100
161,70,5,89,12,#272700,0x6220,#292900
161,70,6,95,18,#540000,0x0500,#520000
161,70,7,96,19,#650000,0x0600,#630000
161,74,1,84,7,#4f4f00,0x0550,#525200
161,74,2,85,8,#474700,0x6440,#4a4a00
161,74,3,86,9,#3f3f00,0x0440,#424200
161,74,4,87,10,#373700,0x6330,#3a3a00
161,74,5,88,11,#2f2f00,0x0330,#313100
161,74,6,89,12,#272700,0x6220,#292900
161,76,1,77,0,#6e6e00,0x6660,#6b6b00
161,76,2,78,1,#767600,0x0770,#737300
161,76,3,79,2,#767600,0x0770,#737300
161,79,1,84,7,#4f4f00,0x0550,#525200
161,79,2,85,8,#474700,0x6440,#4a4a00
161,79,3,86,9,#3f3f00,0x0440,#424200
161,79,4,87,10,#373700,0x6330,#3a3a00
