phase,track,red,green,blue,rgb,neo_word,neo_rgb
0,0,118,118,0,#767600,0x0770,#737300
0,1,118,118,0,#767600,0x0770,#737300
0,2,110,110,0,#6e6e00,0x6660,#6b6b00
0,3,102,102,0,#666600,0x0660,#636300
0,4,94,94,0,#5e5e00,0x6550,#5a5a00
0,5,86,86,0,#565600,0x0550,#525200
0,6,79,79,0,#4f4f00,0x0550,#525200
0,7,71,71,0,#474700,0x6440,#4a4a00
0,8,63,63,0,#3f3f00,0x0440,#424200
0,9,55,55,0,#373700,0x6330,#3a3a00
0,10,47,47,0,#2f2f00,0x0330,#313100
0,11,39,39,0,#272700,0x6220,#292900
0,12,31,31,0,#1f1f00,0x0220,#212100
0,13,23,23,0,#171700,0x6110,#191900
0,14,15,15,0,#0f0f00,0x0110,#101000
0,15,50,0,0,#320000,0x0300,#310000
0,16,67,0,0,#430000,0x0400,#420000
0,17,84,0,0,#540000,0x0500,#520000
0,18,101,0,0,#650000,0x0600,#630000
0,19,118,0,0,#760000,0x0700,#730000
1,0,118,118,0,#767600,0x0770,#737300
1,1,110,110,0,#6e6e00,0x6660,#6b6b00
1,2,102,102,0,#666600,0x0660,#636300
1,3,94,94,0,#5e5e00,0x6550,#5a5a00
1,4,86,86,0,#565600,0x0550,#525200
1,5,79,79,0,#4f4f00,0x0550,#525200
1,6,71,71,0,#474700,0x6440,#4a4a00
1,7,63,63,0,#3f3f00,0x0440,#424200
1,8,55,55,0,#373700,0x6330,#3a3a00
1,9,47,47,0,#2f2f00,0x0330,#313100
1,10,39,39,0,#272700,0x6220,#292900
1,11,31,31,0,#1f1f00,0x0220,#212100
1,12,23,23,0,#171700,0x6110,#191900
1,13,15,15,0,#0f0f00,0x0110,#101000
1,14,50,0,0,#320000,0x0300,#310000
1,15,67,0,0,#430000,0x0400,#420000
1,16,84,0,0,#540000,0x0500,#520000
1,17,101,0,0,#650000,0x0600,#630000
1,18,118,0,0,#760000,0x0700,#730000
1,19,135,0,0,#870000,0x0800,#840000
2,0,110,110,0,#6e6e00,0x6660,#6b6b00
2,1,102,102,0,#666600,0x0660,#636300
2,2,94,94,0,#5e5e00,0x6550,#5a5a00
2,3,86,86,0,#565600,0x0550,#525200
2,4,79,79,0,#4f4f00,0x0550,#525200
2,5,71,71,0,#474700,0x6440,#4a4a00
2,6,63,63,0,#3f3f00,0x0440,#424200
2,7,55,55,0,#373700,0x6330,#3a3a00
2,8,47,47,0,#2f2f00,0x0330,#313100
2,9,39,39,0,#272700,0x6220,#292900
2,10,31,31,0,#1f1f00,0x0220,#212100
2,11,23,23,0,#171700,0x6110,#191900
2,12,15,15,0,#0f0f00,0x0110,#101000
2,13,50,0,0,#320000,0x0300,#310000
2,14,67,0,0,#430000,0x0400,#420000
2,15,84,0,0,#540000,0x0500,#520000
2,16,101,0,0,#650000,0x0600,#630000
2,17,118,0,0,#760000,0x0700,#730000
2,18,135,0,0,#870000,0x0800,#840000
2,19,152,0,0,#980000,0x0900,#940000
3,0,102,102,0,#666600,0x0660,#636300
3,1,94,94,0,#5e5e00,0x6550,#5a5a00
3,2,86,86,0,#565600,0x0550,#525200
3,3,79,79,0,#4f4f00,0x0550,#525200
3,4,71,71,0,#474700,0x6440,#4a4a00
3,5,63,63,0,#3f3f00,0x0440,#424200
3,6,55,55,0,#373700,0x6330,#3a3a00
3,7,47,47,0,#2f2f00,0x0330,#313100
3,8,39,39,0,#272700,0x6220,#292900
3,9,31,31,0,#1f1f00,0x0220,#212100
3,10,23,23,0,#171700,0x6110,#191900
3,11,15,15,0,#0f0f00,0x0110,#101000
3,12,50,0,0,#320000,0x0300,#310000
3,13,67,0,0,#430000,0x0400,#420000
3,14,84,0,0,#540000,0x0500,#520000
3,15,101,0,0,#650000,0x0600,#630000
3,16,118,0,0,#760000,0x0700,#730000
3,17,135,0,0,#870000,0x0800,#840000
3,18,152,0,0,#980000,0x0900,#940000
3,19,169,0,0,#a90000,0x4a00,#ad0000
4,0,94,94,0,#5e5e00,0x6550,#5a5a00
4,1,86,86,0,#565600,0x0550,#525200
4,2,79,79,0,#4f4f00,0x0550,#525200
4,3,71,71,0,#474700,0x6440,#4a4a00
4,4,63,63,0,#3f3f00,0x0440,#424200
4,5,55,55,0,#373700,0x6330,#3a3a00
4,6,47,47,0,#2f2f00,0x0330,#313100
4,7,39,39,0,#272700,0x6220,#292900
4,8,31,31,0,#1f1f00,0x0220,#212100
4,9,23,23,0,#171700,0x6110,#191900
4,10,15,15,0,#0f0f00,0x0110,#101000
4,11,50,0,0,#320000,0x0300,#310000
4,12,67,0,0,#430000,0x0400,#420000
4,13,84,0,0,#540000,0x0500,#520000
4,14,101,0,0,#650000,0x0600,#630000
4,15,118,0,0,#760000,0x0700,#730000
4,16,135,0,0,#870000,0x0800,#840000
4,17,152,0,0,#980000,0x0900,#940000
4,18,169,0,0,#a90000,0x4a00,#ad0000
4,19,186,0,0,#ba0000,0x4b00,#bd0000
5,0,86,86,0,#565600,0x0550,#525200
5,1,79,79,0,#4f4f00,0x0550,#525200
5,2,71,71,0,#474700,0x6440,#4a4a00
5,3,63,63,0,#3f3f00,0x0440,#424200
5,4,55,55,0,#373700,0x6330,#3a3a00
5,5,47,47,0,#2f2f00,0x0330,#313100
5,6,39,39,0,#272700,0x6220,#292900
5,7,31,31,0,#1f1f00,0x0220,#212100
5,8,23,23,0,#171700,0x6110,#191900
5,9,15,15,0,#0f0f00,0x0110,#101000
5,10,50,0,0,#320000,0x0300,#310000
5,11,67,0,0,#430000,0x0400,#420000
5,12,84,0,0,#540000,0x0500,#520000
5,13,101,0,0,#650000,0x0600,#630000
5,14,118,0,0,#760000,0x0700,#730000
5,15,135,0,0,#870000,0x0800,#840000
5,16,152,0,0,#980000,0x0900,#940000
5,17,169,0,0,#a90000,0x4a00,#ad0000
5,18,186,0,0,#ba0000,0x4b00,#bd0000
5,19,203,0,0,#cb0000,0x4c00,#ce0000
6,0,79,79,0,#4f4f00,0x0550,#525200
6,1,71,71,0,#474700,0x6440,#4a4a00
6,2,63,63,0,#3f3f00,0x0440,#424200
6,3,55,55,0,#373700,0x6330,#3a3a00
6,4,47,47,0,#2f2f00,0x0330,#313100
6,5,39,39,0,#272700,0x6220,#292900
6,6,31,31,0,#1f1f00,0x0220,#212100
6,7,23,23,0,#171700,0x6110,#191900
6,8,15,15,0,#0f0f00,0x0110,#101000
6,9,50,0,0,#320000,0x0300,#310000
6,10,67,0,0,#430000,0x0400,#420000
6,11,84,0,0,#540000,0x0500,#520000
6,12,101,0,0,#650000,0x0600,#630000
6,13,118,0,0,#760000,0x0700,#730000
6,14,135,0,0,#870000,0x0800,#840000
6,15,152,0,0,#980000,0x0900,#940000
6,16,169,0,0,#a90000,0x4a00,#ad0000
6,17,186,0,0,#ba0000,0x4b00,#bd0000
6,18,203,0,0,#cb0000,0x4c00,#ce0000
6,19,220,0,0,#dc0000,0x4d00,#de0000
7,0,71,71,0,#474700,0x6440,#4a4a00
7,1,63,63,0,#3f3f00,0x0440,#424200
7,2,55,55,0,#373700,0x6330,#3a3a00
7,3,47,47,0,#2f2f00,0x0330,#313100
7,4,39,39,0,#272700,0x6220,#292900
7,5,31,31,0,#1f1f00,0x0220,#212100
7,6,23,23,0,#171700,0x6110,#191900
7,7,15,15,0,#0f0f00,0x0110,#101000
7,8,50,0,0,#320000,0x0300,#310000
7,9,67,0,0,#430000,0x0400,#420000
7,10,84,0,0,#540000,0x0500,#520000
7,11,101,0,0,#650000,0x0600,#630000
7,12,118,0,0,#760000,0x0700,#730000
7,13,135,0,0,#870000,0x0800,#840000
7,14,152,0,0,#980000,0x0900,#940000
7,15,169,0,0,#a90000,0x4a00,#ad0000
7,16,186,0,0,#ba0000,0x4b00,#bd0000
7,17,203,0,0,#cb0000,0x4c00,#ce0000
7,18,220,0,0,#dc0000,0x4d00,#de0000
7,19,237,0,0,#ed0000,0x4e00,#ef0000
8,0,63,63,0,#3f3f00,0x0440,#424200
8,1,55,55,0,#373700,0x6330,#3a3a00
8,2,47,47,0,#2f2f00,0x0330,#313100
8,3,39,39,0,#272700,0x6220,#292900
8,4,31,31,0,#1f1f00,0x0220,#212100
8,5,23,23,0,#171700,0x6110,#191900
8,6,15,15,0,#0f0f00,0x0110,#101000
8,7,50,0,0,#320000,0x0300,#310000
8,8,67,0,0,#430000,0x0400,#420000
8,9,84,0,0,#540000,0x0500,#520000
8,10,101,0,0,#650000,0x0600,#630000
8,11,118,0,0,#760000,0x0700,#730000
8,12,135,0,0,#870000,0x0800,#840000
8,13,152,0,0,#980000,0x0900,#940000
8,14,169,0,0,#a90000,0x4a00,#ad0000
8,15,186,0,0,#ba0000,0x4b00,#bd0000
8,16,203,0,0,#cb0000,0x4c00,#ce0000
8,17,220,0,0,#dc0000,0x4d00,#de0000
8,18,237,0,0,#ed0000,0x4e00,#ef0000
8,19,254,0,0,#fe0000,0x4f00,#ff0000
9,0,55,55,0,#373700,0x6330,#3a3a00
9,1,47,47,0,#2f2f00,0x0330,#313100
9,2,39,39,0,#272700,0x6220,#292900
9,3,31,31,0,#1f1f00,0x0220,#212100
9,4,23,23,0,#171700,0x6110,#191900
9,5,15,15,0,#0f0f00,0x0110,#101000
9,6,50,0,0,#320000,0x0300,#310000
9,7,67,0,0,#430000,0x0400,#420000
9,8,84,0,0,#540000,0x0500,#520000
9,9,101,0,0,#650000,0x0600,#630000
9,10,118,0,0,#760000,0x0700,#730000
9,11,135,0,0,#870000,0x0800,#840000
9,12,152,0,0,#980000,0x0900,#940000
9,13,169,0,0,#a90000,0x4a00,#ad0000
9,14,186,0,0,#ba0000,0x4b00,#bd0000
9,15,203,0,0,#cb0000,0x4c00,#ce0000
9,16,220,0,0,#dc0000,0x4d00,#de0000
9,17,237,0,0,#ed0000,0x4e00,#ef0000
9,18,254,0,0,#fe0000,0x4f00,#ff0000
9,19,254,0,0,#fe0000,0x4f00,#ff0000
10,0,47,47,0,#2f2f00,0x0330,#313100
10,1,39,39,0,#272700,0x6220,#292900
10,2,31,31,0,#1f1f00,0x0220,#212100
10,3,23,23,0,#171700,0x6110,#191900
10,4,15,15,0,#0f0f00,0x0110,#101000
10,5,50,0,0,#320000,0x0300,#310000
10,6,67,0,0,#430000,0x0400,#420000
10,7,84,0,0,#540000,0x0500,#520000
10,8,101,0,0,#650000,0x0600,#630000
10,9,118,0,0,#760000,0x0700,#730000
10,10,135,0,0,#870000,0x0800,#840000
10,11,152,0,0,#980000,0x0900,#940000
10,12,169,0,0,#a90000,0x4a00,#ad0000
10,13,186,0,0,#ba0000,0x4b00,#bd0000
10,14,203,0,0,#cb0000,0x4c00,#ce0000
10,15,220,0,0,#dc0000,0x4d00,#de0000
10,16,237,0,0,#ed0000,0x4e00,#ef0000
10,17,254,0,0,#fe0000,0x4f00,#ff0000
10,18,254,0,0,#fe0000,0x4f00,#ff0000
10,19,237,0,0,#ed0000,0x4e00,#ef0000
11,0,39,39,0,#272700,0x6220,#292900
11,1,31,31,0,#1f1f00,0x0220,#212100
11,2,23,23,0,#171700,0x6110,#191900
11,3,15,15,0,#0f0f00,0x0110,#101000
11,4,50,0,0,#320000,0x0300,#310000
11,5,67,0,0,#430000,0x0400,#420000
11,6,84,0,0,#540000,0x0500,#520000
11,7,101,0,0,#650000,0x0600,#630000
11,8,118,0,0,#760000,0x0700,#730000
11,9,135,0,0,#870000,0x0800,#840000
11,10,152,0,0,#980000,0x0900,#940000
11,11,169,0,0,#a90000,0x4a00,#ad0000
11,12,186,0,0,#ba0000,0x4b00,#bd0000
11,13,203,0,0,#cb0000,0x4c00,#ce0000
11,14,220,0,0,#dc0000,0x4d00,#de0000
11,15,237,0,0,#ed0000,0x4e00,#ef0000
11,16,254,0,0,#fe0000,0x4f00,#ff0000
11,17,254,0,0,#fe0000,0x4f00,#ff0000
11,18,237,0,0,#ed0000,0x4e00,#ef0000
11,19,220,0,0,#dc0000,0x4d00,#de0000
12,0,31,31,0,#1f1f00,0x0220,#212100
12,1,23,23,0,#171700,0x6110,#191900
12,2,15,15,0,#0f0f00,0x0110,#101000
12,3,50,0,0,#320000,0x0300,#310000
12,4,67,0,0,#430000,0x0400,#420000
12,5,84,0,0,#540000,0x0500,#520000
12,6,101,0,0,#650000,0x0600,#630000
12,7,118,0,0,#760000,0x0700,#730000
12,8,135,0,0,#870000,0x0800,#840000
12,9,152,0,0,#980000,0x0900,#940000
12,10,169,0,0,#a90000,0x4a00,#ad0000
12,11,186,0,0,#ba0000,0x4b00,#bd0000
12,12,203,0,0,#cb0000,0x4c00,#ce0000
12,13,220,0,0,#dc0000,0x4d00,#de0000
12,14,237,0,0,#ed0000,0x4e00,#ef0000
12,15,254,0,0,#fe0000,0x4f00,#ff0000
12,16,254,0,0,#fe0000,0x4f00,#ff0000
12,17,237,0,0,#ed0000,0x4e00,#ef0000
12,18,220,0,0,#dc0000,0x4d00,#de0000
12,19,203,0,0,#cb0000,0x4c00,#ce0000
13,0,23,23,0,#171700,0x6110,#191900
13,1,15,15,0,#0f0f00,0x0110,#101000
13,2,50,0,0,#320000,0x0300,#310000
13,3,67,0,0,#430000,0x0400,#420000
13,4,84,0,0,#540000,0x0500,#520000
13,5,101,0,0,#650000,0x0600,#630000
13,6,118,0,0,#760000,0x0700,#730000
13,7,135,0,0,#870000,0x0800,#840000
13,8,152,0,0,#980000,0x0900,#940000
13,9,169,0,0,#a90000,0x4a00,#ad0000
13,10,186,0,0,#ba0000,0x4b00,#bd0000
13,11,203,0,0,#cb0000,0x4c00,#ce0000
13,12,220,0,0,#dc0000,0x4d00,#de0000
13,13,237,0,0,#ed0000,0x4e00,#ef0000
13,14,254,0,0,#fe0000,0x4f00,#ff0000
13,15,254,0,0,#fe0000,0x4f00,#ff0000
13,16,237,0,0,#ed0000,0x4e00,#ef0000
13,17,220,0,0,#dc0000,0x4d00,#de0000
13,18,203,0,0,#cb0000,0x4c00,#ce0000
13,19,186,0,0,#ba0000,0x4b00,#bd0000
14,0,15,15,0,#0f0f00,0x0110,#101000
14,1,50,0,0,#320000,0x0300,#310000
14,2,67,0,0,#430000,0x0400,#420000
14,3,84,0,0,#540000,0x0500,#520000
14,4,101,0,0,#650000,0x0600,#630000
14,5,118,0,0,#760000,0x0700,#730000
14,6,135,0,0,#870000,0x0800,#840000
14,7,152,0,0,#980000,0x0900,#940000
14,8,169,0,0,#a90000,0x4a00,#ad0000
14,9,186,0,0,#ba0000,0x4b00,#bd0000
14,10,203,0,0,#cb0000,0x4c00,#ce0000
14,11,220,0,0,#dc0000,0x4d00,#de0000
14,12,237,0,0,#ed0000,0x4e00,#ef0000
14,13,254,0,0,#fe0000,0x4f00,#ff0000
14,14,254,0,0,#fe0000,0x4f00,#ff0000
14,15,237,0,0,#ed0000,0x4e00,#ef0000
14,16,220,0,0,#dc0000,0x4d00,#de0000
14,17,203,0,0,#cb0000,0x4c00,#ce0000
14,18,186,0,0,#ba0000,0x4b00,#bd0000
14,19,169,0,0,#a90000,0x4a00,#ad0000
15,0,50,0,0,#320000,0x0300,#310000
15,1,67,0,0,#430000,0x0400,#420000
15,2,84,0,0,#540000,0x0500,#520000
15,3,101,0,0,#650000,0x0600,#630000
15,4,118,0,0,#760000,0x0700,#730000
15,5,135,0,0,#870000,0x0800,#840000
15,6,152,0,0,#980000,0x0900,#940000
15,7,169,0,0,#a90000,0x4a00,#ad0000
15,8,186,0,0,#ba0000,0x4b00,#bd0000
15,9,203,0,0,#cb0000,0x4c00,#ce0000
15,10,220,0,0,#dc0000,0x4d00,#de0000
15,11,237,0,0,#ed0000,0x4e00,#ef0000
15,12,254,0,0,#fe0000,0x4f00,#ff0000
15,13,254,0,0,#fe0000,0x4f00,#ff0000
15,14,237,0,0,#ed0000,0x4e00,#ef0000
15,15,220,0,0,#dc0000,0x4d00,#de0000
15,16,203,0,0,#cb0000,0x4c00,#ce0000
15,17,186,0,0,#ba0000,0x4b00,#bd0000
15,18,169,0,0,#a90000,0x4a00,#ad0000
15,19,152,0,0,#980000,0x0900,#940000
16,0,67,0,0,#430000,0x0400,#420000
16,1,84,0,0,#540000,0x0500,#520000
16,2,101,0,0,#650000,0x0600,#630000
16,3,118,0,0,#760000,0x0700,#730000
16,4,135,0,0,#870000,0x0800,#840000
16,5,152,0,0,#980000,0x0900,#940000
16,6,169,0,0,#a90000,0x4a00,#ad0000
16,7,186,0,0,#ba0000,0x4b00,#bd0000
16,8,203,0,0,#cb0000,0x4c00,#ce0000
16,9,220,0,0,#dc0000,0x4d00,#de0000
16,10,237,0,0,#ed0000,0x4e00,#ef0000
16,11,254,0,0,#fe0000,0x4f00,#ff0000
16,12,254,0,0,#fe0000,0x4f00,#ff0000
16,13,237,0,0,#ed0000,0x4e00,#ef0000
16,14,220,0,0,#dc0000,0x4d00,#de0000
16,15,203,0,0,#cb0000,0x4c00,#ce0000
16,16,186,0,0,#ba0000,0x4b00,#bd0000
16,17,169,0,0,#a90000,0x4a00,#ad0000
16,18,152,0,0,#980000,0x0900,#940000
16,19,135,0,0,#870000,0x0800,#840000
17,0,84,0,0,#540000,0x0500,#520000
17,1,101,0,0,#650000,0x0600,#630000
17,2,118,0,0,#760000,0x0700,#730000
17,3,135,0,0,#870000,0x0800,#840000
17,4,152,0,0,#980000,0x0900,#940000
17,5,169,0,0,#a90000,0x4a00,#ad0000
17,6,186,0,0,#ba0000,0x4b00,#bd0000
17,7,203,0,0,#cb0000,0x4c00,#ce0000
17,8,220,0,0,#dc0000,0x4d00,#de0000
17,9,237,0,0,#ed0000,0x4e00,#ef0000
17,10,254,0,0,#fe0000,0x4f00,#ff0000
17,11,254,0,0,#fe0000,0x4f00,#ff0000
17,12,237,0,0,#ed0000,0x4e00,#ef0000
17,13,220,0,0,#dc0000,0x4d00,#de0000
17,14,203,0,0,#cb0000,0x4c00,#ce0000
17,15,186,0,0,#ba0000,0x4b00,#bd0000
17,16,169,0,0,#a90000,0x4a00,#ad0000
17,17,152,0,0,#980000,0x0900,#940000
17,18,135,0,0,#870000,0x0800,#840000
17,19,118,0,0,#760000,0x0700,#730000
18,0,101,0,0,#650000,0x0600,#630000
18,1,118,0,0,#760000,0x0700,#730000
18,2,135,0,0,#870000,0x0800,#840000
18,3,152,0,0,#980000,0x0900,#940000
18,4,169,0,0,#a90000,0x4a00,#ad0000
18,5,186,0,0,#ba0000,0x4b00,#bd0000
18,6,203,0,0,#cb0000,0x4c00,#ce0000
18,7,220,0,0,#dc0000,0x4d00,#de0000
18,8,237,0,0,#ed0000,0x4e00,#ef0000
18,9,254,0,0,#fe0000,0x4f00,#ff0000
18,10,254,0,0,#fe0000,0x4f00,#ff0000
18,11,237,0,0,#ed0000,0x4e00,#ef0000
18,12,220,0,0,#dc0000,0x4d00,#de0000
18,13,203,0,0,#cb0000,0x4c00,#ce0000
18,14,186,0,0,#ba0000,0x4b00,#bd0000
18,15,169,0,0,#a90000,0x4a00,#ad0000
18,16,152,0,0,#980000,0x0900,#940000
18,17,135,0,0,#870000,0x0800,#840000
18,18,118,0,0,#760000,0x0700,#730000
18,19,101,0,0,#650000,0x0600,#630000
19,0,118,0,0,#760000,0x0700,#730000
19,1,135,0,0,#870000,0x0800,#840000
19,2,152,0,0,#980000,0x0900,#940000
19,3,169,0,0,#a90000,0x4a00,#ad0000
19,4,186,0,0,#ba0000,0x4b00,#bd0000
19,5,203,0,0,#cb0000,0x4c00,#ce0000
19,6,220,0,0,#dc0000,0x4d00,#de0000
19,7,237,0,0,#ed0000,0x4e00,#ef0000
19,8,254,0,0,#fe0000,0x4f00,#ff0000
19,9,254,0,0,#fe0000,0x4f00,#ff0000
19,10,237,0,0,#ed0000,0x4e00,#ef0000
19,11,220,0,0,#dc0000,0x4d00,#de0000
19,12,203,0,0,#cb0000,0x4c00,#ce0000
19,13,186,0,0,#ba0000,0x4b00,#bd0000
19,14,169,0,0,#a90000,0x4a00,#ad0000
19,15,152,0,0,#980000,0x0900,#940000
19,16,135,0,0,#870000,0x0800,#840000
19,17,118,0,0,#760000,0x0700,#730000
19,18,101,0,0,#650000,0x0600,#630000
19,19,84,0,0,#540000,0x0500,#520000
20,0,135,0,0,#870000,0x0800,#840000
20,1,152,0,0,#980000,0x0900,#940000
20,2,169,0,0,#a90000,0x4a00,#ad0000
20,3,186,0,0,#ba0000,0x4b00,#bd0000
20,4,203,0,0,#cb0000,0x4c00,#ce0000
20,5,220,0,0,#dc0000,0x4d00,#de0000
20,6,237,0,0,#ed0000,0x4e00,#ef0000
20,7,254,0,0,#fe0000,0x4f00,#ff0000
20,8,254,0,0,#fe0000,0x4f00,#ff0000
20,9,237,0,0,#ed0000,0x4e00,#ef0000
20,10,220,0,0,#dc0000,0x4d00,#de0000
20,11,203,0,0,#cb0000,0x4c00,#ce0000
20,12,186,0,0,#ba0000,0x4b00,#bd0000
20,13,169,0,0,#a90000,0x4a00,#ad0000
20,14,152,0,0,#980000,0x0900,#940000
20,15,135,0,0,#870000,0x0800,#840000
20,16,118,0,0,#760000,0x0700,#730000
20,17,101,0,0,#650000,0x0600,#630000
20,18,84,0,0,#540000,0x0500,#520000
20,19,67,0,0,#430000,0x0400,#420000
21,0,152,0,0,#980000,0x0900,#940000
21,1,169,0,0,#a90000,0x4a00,#ad0000
21,2,186,0,0,#ba0000,0x4b00,#bd0000
21,3,203,0,0,#cb0000,0x4c00,#ce0000
21,4,220,0,0,#dc0000,0x4d00,#de0000
21,5,237,0,0,#ed0000,0x4e00,#ef0000
21,6,254,0,0,#fe0000,0x4f00,#ff0000
21,7,254,0,0,#fe0000,0x4f00,#ff0000
21,8,237,0,0,#ed0000,0x4e00,#ef0000
21,9,220,0,0,#dc0000,0x4d00,#de0000
21,10,203,0,0,#cb0000,0x4c00,#ce0000
21,11,186,0,0,#ba0000,0x4b00,#bd0000
21,12,169,0,0,#a90000,0x4a00,#ad0000
21,13,152,0,0,#980000,0x0900,#940000
21,14,135,0,0,#870000,0x0800,#840000
21,15,118,0,0,#760000,0x0700,#730000
21,16,101,0,0,#650000,0x0600,#630000
21,17,84,0,0,#540000,0x0500,#520000
21,18,67,0,0,#430000,0x0400,#420000
21,19,50,0,0,#320000,0x0300,#310000
22,0,169,0,0,#a90000,0x4a00,#ad0000
22,1,186,0,0,#ba0000,0x4b00,#bd0000
22,2,203,0,0,#cb0000,0x4c00,#ce0000
22,3,220,0,0,#dc0000,0x4d00,#de0000
22,4,237,0,0,#ed0000,0x4e00,#ef0000
22,5,254,0,0,#fe0000,0x4f00,#ff0000
22,6,254,0,0,#fe0000,0x4f00,#ff0000
22,7,237,0,0,#ed0000,0x4e00,#ef0000
22,8,220,0,0,#dc0000,0x4d00,#de0000
22,9,203,0,0,#cb0000,0x4c00,#ce0000
22,10,186,0,0,#ba0000,0x4b00,#bd0000
22,11,169,0,0,#a90000,0x4a00,#ad0000
22,12,152,0,0,#980000,0x0900,#940000
22,13,135,0,0,#870000,0x0800,#840000
22,14,118,0,0,#760000,0x0700,#730000
22,15,101,0,0,#650000,0x0600,#630000
22,16,84,0,0,#540000,0x0500,#520000
22,17,67,0,0,#430000,0x0400,#420000
22,18,50,0,0,#320000,0x0300,#310000
22,19,33,0,0,#210000,0x0200,#210000
23,0,186,0,0,#ba0000,0x4b00,#bd0000
23,1,203,0,0,#cb0000,0x4c00,#ce0000
23,2,220,0,0,#dc0000,0x4d00,#de0000
23,3,237,0,0,#ed0000,0x4e00,#ef0000
23,4,254,0,0,#fe0000,0x4f00,#ff0000
23,5,254,0,0,#fe0000,0x4f00,#ff0000
23,6,237,0,0,#ed0000,0x4e00,#ef0000
23,7,220,0,0,#dc0000,0x4d00,#de0000
23,8,203,0,0,#cb0000,0x4c00,#ce0000
23,9,186,0,0,#ba0000,0x4b00,#bd0000
23,10,169,0,0,#a90000,0x4a00,#ad0000
23,11,152,0,0,#980000,0x0900,#940000
23,12,135,0,0,#870000,0x0800,#840000
23,13,118,0,0,#760000,0x0700,#730000
23,14,101,0,0,#650000,0x0600,#630000
23,15,84,0,0,#540000,0x0500,#520000
23,16,67,0,0,#430000,0x0400,#420000
23,17,50,0,0,#320000,0x0300,#310000
23,18,33,0,0,#210000,0x0200,#210000
23,19,23,0,23,#170017,0x5101,#190019
24,0,203,0,0,#cb0000,0x4c00,#ce0000
24,1,220,0,0,#dc0000,0x4d00,#de0000
24,2,237,0,0,#ed0000,0x4e00,#ef0000
24,3,254,0,0,#fe0000,0x4f00,#ff0000
24,4,254,0,0,#fe0000,0x4f00,#ff0000
24,5,237,0,0,#ed0000,0x4e00,#ef0000
24,6,220,0,0,#dc0000,0x4d00,#de0000
24,7,203,0,0,#cb0000,0x4c00,#ce0000
24,8,186,0,0,#ba0000,0x4b00,#bd0000
24,9,169,0,0,#a90000,0x4a00,#ad0000
24,10,152,0,0,#980000,0x0900,#940000
24,11,135,0,0,#870000,0x0800,#840000
24,12,118,0,0,#760000,0x0700,#730000
24,13,101,0,0,#650000,0x0600,#630000
24,14,84,0,0,#540000,0x0500,#520000
24,15,67,0,0,#430000,0x0400,#420000
24,16,50,0,0,#320000,0x0300,#310000
24,17,33,0,0,#210000,0x0200,#210000
24,18,23,0,23,#170017,0x5101,#190019
24,19,31,0,31,#1f001f,0x0202,#210021
25,0,220,0,0,#dc0000,0x4d00,#de0000
25,1,237,0,0,#ed0000,0x4e00,#ef0000
25,2,254,0,0,#fe0000,0x4f00,#ff0000
25,3,254,0,0,#fe0000,0x4f00,#ff0000
25,4,237,0,0,#ed0000,0x4e00,#ef0000
25,5,220,0,0,#dc0000,0x4d00,#de0000
25,6,203,0,0,#cb0000,0x4c00,#ce0000
25,7,186,0,0,#ba0000,0x4b00,#bd0000
25,8,169,0,0,#a90000,0x4a00,#ad0000
25,9,152,0,0,#980000,0x0900,#940000
25,10,135,0,0,#870000,0x0800,#840000
25,11,118,0,0,#760000,0x0700,#730000
25,12,101,0,0,#650000,0x0600,#630000
25,13,84,0,0,#540000,0x0500,#520000
25,14,67,0,0,#430000,0x0400,#420000
25,15,50,0,0,#320000,0x0300,#310000
25,16,33,0,0,#210000,0x0200,#210000
25,17,23,0,23,#170017,0x5101,#190019
25,18,31,0,31,#1f001f,0x0202,#210021
25,19,39,0,39,#270027,0x5202,#290029
26,0,237,0,0,#ed0000,0x4e00,#ef0000
26,1,254,0,0,#fe0000,0x4f00,#ff0000
26,2,254,0,0,#fe0000,0x4f00,#ff0000
26,3,237,0,0,#ed0000,0x4e00,#ef0000
26,4,220,0,0,#dc0000,0x4d00,#de0000
26,5,203,0,0,#cb0000,0x4c00,#ce0000
26,6,186,0,0,#ba0000,0x4b00,#bd0000
26,7,169,0,0,#a90000,0x4a00,#ad0000
26,8,152,0,0,#980000,0x0900,#940000
26,9,135,0,0,#870000,0x0800,#840000
26,10,118,0,0,#760000,0x0700,#730000
26,11,101,0,0,#650000,0x0600,#630000
26,12,84,0,0,#540000,0x0500,#520000
26,13,67,0,0,#430000,0x0400,#420000
26,14,50,0,0,#320000,0x0300,#310000
26,15,33,0,0,#210000,0x0200,#210000
26,16,23,0,23,#170017,0x5101,#190019
26,17,31,0,31,#1f001f,0x0202,#210021
26,18,39,0,39,#270027,0x5202,#290029
26,19,47,0,47,#2f002f,0x0303,#310031
27,0,254,0,0,#fe0000,0x4f00,#ff0000
27,1,254,0,0,#fe0000,0x4f00,#ff0000
27,2,237,0,0,#ed0000,0x4e00,#ef0000
27,3,220,0,0,#dc0000,0x4d00,#de0000
27,4,203,0,0,#cb0000,0x4c00,#ce0000
27,5,186,0,0,#ba0000,0x4b00,#bd0000
27,6,169,0,0,#a90000,0x4a00,#ad0000
27,7,152,0,0,#980000,0x0900,#940000
27,8,135,0,0,#870000,0x0800,#840000
27,9,118,0,0,#760000,0x0700,#730000
27,10,101,0,0,#650000,0x0600,#630000
27,11,84,0,0,#540000,0x0500,#520000
27,12,67,0,0,#430000,0x0400,#420000
27,13,50,0,0,#320000,0x0300,#310000
27,14,33,0,0,#210000,0x0200,#210000
27,15,23,0,23,#170017,0x5101,#190019
27,16,31,0,31,#1f001f,0x0202,#210021
27,17,39,0,39,#270027,0x5202,#290029
27,18,47,0,47,#2f002f,0x0303,#310031
27,19,55,0,55,#370037,0x5303,#3a003a
28,0,254,0,0,#fe0000,0x4f00,#ff0000
28,1,237,0,0,#ed0000,0x4e00,#ef0000
28,2,220,0,0,#dc0000,0x4d00,#de0000
28,3,203,0,0,#cb0000,0x4c00,#ce0000
28,4,186,0,0,#ba0000,0x4b00,#bd0000
28,5,169,0,0,#a90000,0x4a00,#ad0000
28,6,152,0,0,#980000,0x0900,#940000
28,7,135,0,0,#870000,0x0800,#840000
28,8,118,0,0,#760000,0x0700,#730000
28,9,101,0,0,#650000,0x0600,#630000
28,10,84,0,0,#540000,0x0500,#520000
28,11,67,0,0,#430000,0x0400,#420000
28,12,50,0,0,#320000,0x0300,#310000
28,13,33,0,0,#210000,0x0200,#210000
28,14,23,0,23,#170017,0x5101,#190019
28,15,31,0,31,#1f001f,0x0202,#210021
28,16,39,0,39,#270027,0x5202,#290029
28,17,47,0,47,#2f002f,0x0303,#310031
28,18,55,0,55,#370037,0x5303,#3a003a
28,19,63,0,63,#3f003f,0x0404,#420042
29,0,237,0,0,#ed0000,0x4e00,#ef0000
29,1,220,0,0,#dc0000,0x4d00,#de0000
29,2,203,0,0,#cb0000,0x4c00,#ce0000
29,3,186,0,0,#ba0000,0x4b00,#bd0000
29,4,169,0,0,#a90000,0x4a00,#ad0000
29,5,152,0,0,#980000,0x0900,#940000
29,6,135,0,0,#870000,0x0800,#840000
29,7,118,0,0,#760000,0x0700,#730000
29,8,101,0,0,#650000,0x0600,#630000
29,9,84,0,0,#540000,0x0500,#520000
29,10,67,0,0,#430000,0x0400,#420000
29,11,50,0,0,#320000,0x0300,#310000
29,12,33,0,0,#210000,0x0200,#210000
29,13,23,0,23,#170017,0x5101,#190019
29,14,31,0,31,#1f001f,0x0202,#210021
29,15,39,0,39,#270027,0x5202,#290029
29,16,47,0,47,#2f002f,0x0303,#310031
29,17,55,0,55,#370037,0x5303,#3a003a
29,18,63,0,63,#3f003f,0x0404,#420042
29,19,71,0,71,#470047,0x5404,#4a004a
30,0,220,0,0,#dc0000,0x4d00,#de0000
30,1,203,0,0,#cb0000,0x4c00,#ce0000
30,2,186,0,0,#ba0000,0x4b00,#bd0000
30,3,169,0,0,#a90000,0x4a00,#ad0000
30,4,152,0,0,#980000,0x0900,#940000
30,5,135,0,0,#870000,0x0800,#840000
30,6,118,0,0,#760000,0x0700,#730000
30,7,101,0,0,#650000,0x0600,#630000
30,8,84,0,0,#540000,0x0500,#520000
30,9,67,0,0,#430000,0x0400,#420000
30,10,50,0,0,#320000,0x0300,#310000
30,11,33,0,0,#210000,0x0200,#210000
30,12,23,0,23,#170017,0x5101,#190019
30,13,31,0,31,#1f001f,0x0202,#210021
30,14,39,0,39,#270027,0x5202,#290029
30,15,47,0,47,#2f002f,0x0303,#310031
30,16,55,0,55,#370037,0x5303,#3a003a
30,17,63,0,63,#3f003f,0x0404,#420042
30,18,71,0,71,#470047,0x5404,#4a004a
30,19,79,0,79,#4f004f,0x0505,#520052
31,0,203,0,0,#cb0000,0x4c00,#ce0000
31,1,186,0,0,#ba0000,0x4b00,#bd0000
31,2,169,0,0,#a90000,0x4a00,#ad0000
31,3,152,0,0,#980000,0x0900,#940000
31,4,135,0,0,#870000,0x0800,#840000
31,5,118,0,0,#760000,0x0700,#730000
31,6,101,0,0,#650000,0x0600,#630000
31,7,84,0,0,#540000,0x0500,#520000
31,8,67,0,0,#430000,0x0400,#420000
31,9,50,0,0,#320000,0x0300,#310000
31,10,33,0,0,#210000,0x0200,#210000
31,11,23,0,23,#170017,0x5101,#190019
31,12,31,0,31,#1f001f,0x0202,#210021
31,13,39,0,39,#270027,0x5202,#290029
31,14,47,0,47,#2f002f,0x0303,#310031
31,15,55,0,55,#370037,0x5303,#3a003a
31,16,63,0,63,#3f003f,0x0404,#420042
31,17,71,0,71,#470047,0x5404,#4a004a
31,18,79,0,79,#4f004f,0x0505,#520052
31,19,86,0,86,#560056,0x0505,#520052
32,0,186,0,0,#ba0000,0x4b00,#bd0000
32,1,169,0,0,#a90000,0x4a00,#ad0000
32,2,152,0,0,#980000,0x0900,#940000
32,3,135,0,0,#870000,0x0800,#840000
32,4,118,0,0,#760000,0x0700,#730000
32,5,101,0,0,#650000,0x0600,#630000
32,6,84,0,0,#540000,0x0500,#520000
32,7,67,0,0,#430000,0x0400,#420000
32,8,50,0,0,#320000,0x0300,#310000
32,9,33,0,0,#210000,0x0200,#210000
32,10,23,0,23,#170017,0x5101,#190019
32,11,31,0,31,#1f001f,0x0202,#210021
32,12,39,0,39,#270027,0x5202,#290029
32,13,47,0,47,#2f002f,0x0303,#310031
32,14,55,0,55,#370037,0x5303,#3a003a
32,15,63,0,63,#3f003f,0x0404,#420042
32,16,71,0,71,#470047,0x5404,#4a004a
32,17,79,0,79,#4f004f,0x0505,#520052
32,18,86,0,86,#560056,0x0505,#520052
32,19,94,0,94,#5e005e,0x5505,#5a005a
33,0,169,0,0,#a90000,0x4a00,#ad0000
33,1,152,0,0,#980000,0x0900,#940000
33,2,135,0,0,#870000,0x0800,#840000
33,3,118,0,0,#760000,0x0700,#730000
33,4,101,0,0,#650000,0x0600,#630000
33,5,84,0,0,#540000,0x0500,#520000
33,6,67,0,0,#430000,0x0400,#420000
33,7,50,0,0,#320000,0x0300,#310000
33,8,33,0,0,#210000,0x0200,#210000
33,9,23,0,23,#170017,0x5101,#190019
33,10,31,0,31,#1f001f,0x0202,#210021
33,11,39,0,39,#270027,0x5202,#290029
33,12,47,0,47,#2f002f,0x0303,#310031
33,13,55,0,55,#370037,0x5303,#3a003a
33,14,63,0,63,#3f003f,0x0404,#420042
33,15,71,0,71,#470047,0x5404,#4a004a
33,16,79,0,79,#4f004f,0x0505,#520052
33,17,86,0,86,#560056,0x0505,#520052
33,18,94,0,94,#5e005e,0x5505,#5a005a
33,19,102,0,102,#660066,0x0606,#630063
34,0,152,0,0,#980000,0x0900,#940000
34,1,135,0,0,#870000,0x0800,#840000
34,2,118,0,0,#760000,0x0700,#730000
34,3,101,0,0,#650000,0x0600,#630000
34,4,84,0,0,#540000,0x0500,#520000
34,5,67,0,0,#430000,0x0400,#420000
34,6,50,0,0,#320000,0x0300,#310000
34,7,33,0,0,#210000,0x0200,#210000
34,8,23,0,23,#170017,0x5101,#190019
34,9,31,0,31,#1f001f,0x0202,#210021
34,10,39,0,39,#270027,0x5202,#290029
34,11,47,0,47,#2f002f,0x0303,#310031
34,12,55,0,55,#370037,0x5303,#3a003a
34,13,63,0,63,#3f003f,0x0404,#420042
34,14,71,0,71,#470047,0x5404,#4a004a
34,15,79,0,79,#4f004f,0x0505,#520052
34,16,86,0,86,#560056,0x0505,#520052
34,17,94,0,94,#5e005e,0x5505,#5a005a
34,18,102,0,102,#660066,0x0606,#630063
34,19,110,0,110,#6e006e,0x5606,#6b006b
35,0,135,0,0,#870000,0x0800,#840000
35,1,118,0,0,#760000,0x0700,#730000
35,2,101,0,0,#650000,0x0600,#630000
35,3,84,0,0,#540000,0x0500,#520000
35,4,67,0,0,#430000,0x0400,#420000
35,5,50,0,0,#320000,0x0300,#310000
35,6,33,0,0,#210000,0x0200,#210000
35,7,23,0,23,#170017,0x5101,#190019
35,8,31,0,31,#1f001f,0x0202,#210021
35,9,39,0,39,#270027,0x5202,#290029
35,10,47,0,47,#2f002f,0x0303,#310031
35,11,55,0,55,#370037,0x5303,#3a003a
35,12,63,0,63,#3f003f,0x0404,#420042
35,13,71,0,71,#470047,0x5404,#4a004a
35,14,79,0,79,#4f004f,0x0505,#520052
35,15,86,0,86,#560056,0x0505,#520052
35,16,94,0,94,#5e005e,0x5505,#5a005a
35,17,102,0,102,#660066,0x0606,#630063
35,18,110,0,110,#6e006e,0x5606,#6b006b
35,19,118,0,118,#760076,0x0707,#730073
36,0,118,0,0,#760000,0x0700,#730000
36,1,101,0,0,#650000,0x0600,#630000
36,2,84,0,0,#540000,0x0500,#520000
36,3,67,0,0,#430000,0x0400,#420000
36,4,50,0,0,#320000,0x0300,#310000
36,5,33,0,0,#210000,0x0200,#210000
36,6,23,0,23,#170017,0x5101,#190019
36,7,31,0,31,#1f001f,0x0202,#210021
36,8,39,0,39,#270027,0x5202,#290029
36,9,47,0,47,#2f002f,0x0303,#310031
36,10,55,0,55,#370037,0x5303,#3a003a
36,11,63,0,63,#3f003f,0x0404,#420042
36,12,71,0,71,#470047,0x5404,#4a004a
36,13,79,0,79,#4f004f,0x0505,#520052
36,14,86,0,86,#560056,0x0505,#520052
36,15,94,0,94,#5e005e,0x5505,#5a005a
36,16,102,0,102,#660066,0x0606,#630063
36,17,110,0,110,#6e006e,0x5606,#6b006b
36,18,118,0,118,#760076,0x0707,#730073
36,19,118,0,118,#760076,0x0707,#730073
37,0,101,0,0,#650000,0x0600,#630000
37,1,84,0,0,#540000,0x0500,#520000
37,2,67,0,0,#430000,0x0400,#420000
37,3,50,0,0,#320000,0x0300,#310000
37,4,33,0,0,#210000,0x0200,#210000
37,5,23,0,23,#170017,0x5101,#190019
37,6,31,0,31,#1f001f,0x0202,#210021
37,7,39,0,39,#270027,0x5202,#290029
37,8,47,0,47,#2f002f,0x0303,#310031
37,9,55,0,55,#370037,0x5303,#3a003a
37,10,63,0,63,#3f003f,0x0404,#420042
37,11,71,0,71,#470047,0x5404,#4a004a
37,12,79,0,79,#4f004f,0x0505,#520052
37,13,86,0,86,#560056,0x0505,#520052
37,14,94,0,94,#5e005e,0x5505,#5a005a
37,15,102,0,102,#660066,0x0606,#630063
37,16,110,0,110,#6e006e,0x5606,#6b006b
37,17,118,0,118,#760076,0x0707,#730073
37,18,118,0,118,#760076,0x0707,#730073
37,19,110,0,110,#6e006e,0x5606,#6b006b
38,0,84,0,0,#540000,0x0500,#520000
38,1,67,0,0,#430000,0x0400,#420000
38,2,50,0,0,#320000,0x0300,#310000
38,3,33,0,0,#210000,0x0200,#210000
38,4,23,0,23,#170017,0x5101,#190019
38,5,31,0,31,#1f001f,0x0202,#210021
38,6,39,0,39,#270027,0x5202,#290029
38,7,47,0,47,#2f002f,0x0303,#310031
38,8,55,0,55,#370037,0x5303,#3a003a
38,9,63,0,63,#3f003f,0x0404,#420042
38,10,71,0,71,#470047,0x5404,#4a004a
38,11,79,0,79,#4f004f,0x0505,#520052
38,12,86,0,86,#560056,0x0505,#520052
38,13,94,0,94,#5e005e,0x5505,#5a005a
38,14,102,0,102,#660066,0x0606,#630063
38,15,110,0,110,#6e006e,0x5606,#6b006b
38,16,118,0,118,#760076,0x0707,#730073
38,17,118,0,118,#760076,0x0707,#730073
38,18,110,0,110,#6e006e,0x5606,#6b006b
38,19,102,0,102,#660066,0x0606,#630063
39,0,67,0,0,#430000,0x0400,#420000
39,1,50,0,0,#320000,0x0300,#310000
39,2,33,0,0,#210000,0x0200,#210000
39,3,23,0,23,#170017,0x5101,#190019
39,4,31,0,31,#1f001f,0x0202,#210021
39,5,39,0,39,#270027,0x5202,#290029
39,6,47,0,47,#2f002f,0x0303,#310031
39,7,55,0,55,#370037,0x5303,#3a003a
39,8,63,0,63,#3f003f,0x0404,#420042
39,9,71,0,71,#470047,0x5404,#4a004a
39,10,79,0,79,#4f004f,0x0505,#520052
39,11,86,0,86,#560056,0x0505,#520052
39,12,94,0,94,#5e005e,0x5505,#5a005a
39,13,102,0,102,#660066,0x0606,#630063
39,14,110,0,110,#6e006e,0x5606,#6b006b
39,15,118,0,118,#760076,0x0707,#730073
39,16,118,0,118,#760076,0x0707,#730073
39,17,110,0,110,#6e006e,0x5606,#6b006b
39,18,102,0,102,#660066,0x0606,#630063
39,19,94,0,94,#5e005e,0x5505,#5a005a
40,0,50,0,0,#320000,0x0300,#310000
40,1,33,0,0,#210000,0x0200,#210000
40,2,23,0,23,#170017,0x5101,#190019
40,3,31,0,31,#1f001f,0x0202,#210021
40,4,39,0,39,#270027,0x5202,#290029
40,5,47,0,47,#2f002f,0x0303,#310031
40,6,55,0,55,#370037,0x5303,#3a003a
40,7,63,0,63,#3f003f,0x0404,#420042
40,8,71,0,71,#470047,0x5404,#4a004a
40,9,79,0,79,#4f004f,0x0505,#520052
40,10,86,0,86,#560056,0x0505,#520052
40,11,94,0,94,#5e005e,0x5505,#5a005a
40,12,102,0,102,#660066,0x0606,#630063
40,13,110,0,110,#6e006e,0x5606,#6b006b
40,14,118,0,118,#760076,0x0707,#730073
40,15,118,0,118,#760076,0x0707,#730073
40,16,110,0,110,#6e006e,0x5606,#6b006b
40,17,102,0,102,#660066,0x0606,#630063
40,18,94,0,94,#5e005e,0x5505,#5a005a
40,19,86,0,86,#560056,0x0505,#520052
41,0,33,0,0,#210000,0x0200,#210000
41,1,23,0,23,#170017,0x5101,#190019
41,2,31,0,31,#1f001f,0x0202,#210021
41,3,39,0,39,#270027,0x5202,#290029
41,4,47,0,47,#2f002f,0x0303,#310031
41,5,55,0,55,#370037,0x5303,#3a003a
41,6,63,0,63,#3f003f,0x0404,#420042
41,7,71,0,71,#470047,0x5404,#4a004a
41,8,79,0,79,#4f004f,0x0505,#520052
41,9,86,0,86,#560056,0x0505,#520052
41,10,94,0,94,#5e005e,0x5505,#5a005a
41,11,102,0,102,#660066,0x0606,#630063
41,12,110,0,110,#6e006e,0x5606,#6b006b
41,13,118,0,118,#760076,0x0707,#730073
41,14,118,0,118,#760076,0x0707,#730073
41,15,110,0,110,#6e006e,0x5606,#6b006b
41,16,102,0,102,#660066,0x0606,#630063
41,17,94,0,94,#5e005e,0x5505,#5a005a
41,18,86,0,86,#560056,0x0505,#520052
41,19,79,0,79,#4f004f,0x0505,#520052
42,0,23,0,23,#170017,0x5101,#190019
42,1,31,0,31,#1f001f,0x0202,#210021
42,2,39,0,39,#270027,0x5202,#290029
42,3,47,0,47,#2f002f,0x0303,#310031
42,4,55,0,55,#370037,0x5303,#3a003a
42,5,63,0,63,#3f003f,0x0404,#420042
42,6,71,0,71,#470047,0x5404,#4a004a
42,7,79,0,79,#4f004f,0x0505,#520052
42,8,86,0,86,#560056,0x0505,#520052
42,9,94,0,94,#5e005e,0x5505,#5a005a
42,10,102,0,102,#660066,0x0606,#630063
42,11,110,0,110,#6e006e,0x5606,#6b006b
42,12,118,0,118,#760076,0x0707,#730073
42,13,118,0,118,#760076,0x0707,#730073
42,14,110,0,110,#6e006e,0x5606,#6b006b
42,15,102,0,102,#660066,0x0606,#630063
42,16,94,0,94,#5e005e,0x5505,#5a005a
42,17,86,0,86,#560056,0x0505,#520052
42,18,79,0,79,#4f004f,0x0505,#520052
42,19,71,0,71,#470047,0x5404,#4a004a
43,0,31,0,31,#1f001f,0x0202,#210021
43,1,39,0,39,#270027,0x5202,#290029
43,2,47,0,47,#2f002f,0x0303,#310031
43,3,55,0,55,#370037,0x5303,#3a003a
43,4,63,0,63,#3f003f,0x0404,#420042
43,5,71,0,71,#470047,0x5404,#4a004a
43,6,79,0,79,#4f004f,0x0505,#520052
43,7,86,0,86,#560056,0x0505,#520052
43,8,94,0,94,#5e005e,0x5505,#5a005a
43,9,102,0,102,#660066,0x0606,#630063
43,10,110,0,110,#6e006e,0x5606,#6b006b
43,11,118,0,118,#760076,0x0707,#730073
43,12,118,0,118,#760076,0x0707,#730073
43,13,110,0,110,#6e006e,0x5606,#6b006b
43,14,102,0,102,#660066,0x0606,#630063
43,15,94,0,94,#5e005e,0x5505,#5a005a
43,16,86,0,86,#560056,0x0505,#520052
43,17,79,0,79,#4f004f,0x0505,#520052
43,18,71,0,71,#470047,0x5404,#4a004a
43,19,63,0,63,#3f003f,0x0404,#420042
44,0,39,0,39,#270027,0x5202,#290029
44,1,47,0,47,#2f002f,0x0303,#310031
44,2,55,0,55,#370037,0x5303,#3a003a
44,3,63,0,63,#3f003f,0x0404,#420042
44,4,71,0,71,#470047,0x5404,#4a004a
44,5,79,0,79,#4f004f,0x0505,#520052
44,6,86,0,86,#560056,0x0505,#520052
44,7,94,0,94,#5e005e,0x5505,#5a005a
44,8,102,0,102,#660066,0x0606,#630063
44,9,110,0,110,#6e006e,0x5606,#6b006b
44,10,118,0,118,#760076,0x0707,#730073
44,11,118,0,118,#760076,0x0707,#730073
44,12,110,0,110,#6e006e,0x5606,#6b006b
44,13,102,0,102,#660066,0x0606,#630063
44,14,94,0,94,#5e005e,0x5505,#5a005a
44,15,86,0,86,#560056,0x0505,#520052
44,16,79,0,79,#4f004f,0x0505,#520052
44,17,71,0,71,#470047,0x5404,#4a004a
44,18,63,0,63,#3f003f,0x0404,#420042
44,19,55,0,55,#370037,0x5303,#3a003a
45,0,47,0,47,#2f002f,0x0303,#310031
45,1,55,0,55,#370037,0x5303,#3a003a
45,2,63,0,63,#3f003f,0x0404,#420042
45,3,71,0,71,#470047,0x5404,#4a004a
45,4,79,0,79,#4f004f,0x0505,#520052
45,5,86,0,86,#560056,0x0505,#520052
45,6,94,0,94,#5e005e,0x5505,#5a005a
45,7,102,0,102,#660066,0x0606,#630063
45,8,110,0,110,#6e006e,0x5606,#6b006b
45,9,118,0,118,#760076,0x0707,#730073
45,10,118,0,118,#760076,0x0707,#730073
45,11,110,0,110,#6e006e,0x5606,#6b006b
45,12,102,0,102,#660066,0x0606,#630063
45,13,94,0,94,#5e005e,0x5505,#5a005a
45,14,86,0,86,#560056,0x0505,#520052
45,15,79,0,79,#4f004f,0x0505,#520052
45,16,71,0,71,#470047,0x5404,#4a004a
45,17,63,0,63,#3f003f,0x0404,#420042
45,18,55,0,55,#370037,0x5303,#3a003a
45,19,47,0,47,#2f002f,0x0303,#310031
46,0,55,0,55,#370037,0x5303,#3a003a
46,1,63,0,63,#3f003f,0x0404,#420042
46,2,71,0,71,#470047,0x5404,#4a004a
46,3,79,0,79,#4f004f,0x0505,#520052
46,4,86,0,86,#560056,0x0505,#520052
46,5,94,0,94,#5e005e,0x5505,#5a005a
46,6,102,0,102,#660066,0x0606,#630063
46,7,110,0,110,#6e006e,0x5606,#6b006b
46,8,118,0,118,#760076,0x0707,#730073
46,9,118,0,118,#760076,0x0707,#730073
46,10,110,0,110,#6e006e,0x5606,#6b006b
46,11,102,0,102,#660066,0x0606,#630063
46,12,94,0,94,#5e005e,0x5505,#5a005a
46,13,86,0,86,#560056,0x0505,#520052
46,14,79,0,79,#4f004f,0x0505,#520052
46,15,71,0,71,#470047,0x5404,#4a004a
46,16,63,0,63,#3f003f,0x0404,#420042
46,17,55,0,55,#370037,0x5303,#3a003a
46,18,47,0,47,#2f002f,0x0303,#310031
46,19,39,0,39,#270027,0x5202,#290029
47,0,63,0,63,#3f003f,0x0404,#420042
47,1,71,0,71,#470047,0x5404,#4a004a
47,2,79,0,79,#4f004f,0x0505,#520052
47,3,86,0,86,#560056,0x0505,#520052
47,4,94,0,94,#5e005e,0x5505,#5a005a
47,5,102,0,102,#660066,0x0606,#630063
47,6,110,0,110,#6e006e,0x5606,#6b006b
47,7,118,0,118,#760076,0x0707,#730073
47,8,118,0,118,#760076,0x0707,#730073
47,9,110,0,110,#6e006e,0x5606,#6b006b
47,10,102,0,102,#660066,0x0606,#630063
47,11,94,0,94,#5e005e,0x5505,#5a005a
47,12,86,0,86,#560056,0x0505,#520052
47,13,79,0,79,#4f004f,0x0505,#520052
47,14,71,0,71,#470047,0x5404,#4a004a
47,15,63,0,63,#3f003f,0x0404,#420042
47,16,55,0,55,#370037,0x5303,#3a003a
47,17,47,0,47,#2f002f,0x0303,#310031
47,18,39,0,39,#270027,0x5202,#290029
47,19,31,0,31,#1f001f,0x0202,#210021
48,0,71,0,71,#470047,0x5404,#4a004a
48,1,79,0,79,#4f004f,0x0505,#520052
48,2,86,0,86,#560056,0x0505,#520052
48,3,94,0,94,#5e005e,0x5505,#5a005a
48,4,102,0,102,#660066,0x0606,#630063
48,5,110,0,110,#6e006e,0x5606,#6b006b
48,6,118,0,118,#760076,0x0707,#730073
48,7,118,0,118,#760076,0x0707,#730073
48,8,110,0,110,#6e006e,0x5606,#6b006b
48,9,102,0,102,#660066,0x0606,#630063
48,10,94,0,94,#5e005e,0x5505,#5a005a
48,11,86,0,86,#560056,0x0505,#520052
48,12,79,0,79,#4f004f,0x0505,#520052
48,13,71,0,71,#470047,0x5404,#4a004a
48,14,63,0,63,#3f003f,0x0404,#420042
48,15,55,0,55,#370037,0x5303,#3a003a
48,16,47,0,47,#2f002f,0x0303,#310031
48,17,39,0,39,#270027,0x5202,#290029
48,18,31,0,31,#1f001f,0x0202,#210021
48,19,23,0,23,#170017,0x5101,#190019
49,0,79,0,79,#4f004f,0x0505,#520052
49,1,86,0,86,#560056,0x0505,#520052
49,2,94,0,94,#5e005e,0x5505,#5a005a
49,3,102,0,102,#660066,0x0606,#630063
49,4,110,0,110,#6e006e,0x5606,#6b006b
49,5,118,0,118,#760076,0x0707,#730073
49,6,118,0,118,#760076,0x0707,#730073
49,7,110,0,110,#6e006e,0x5606,#6b006b
49,8,102,0,102,#660066,0x0606,#630063
49,9,94,0,94,#5e005e,0x5505,#5a005a
49,10,86,0,86,#560056,0x0505,#520052
49,11,79,0,79,#4f004f,0x0505,#520052
49,12,71,0,71,#470047,0x5404,#4a004a
49,13,63,0,63,#3f003f,0x0404,#420042
49,14,55,0,55,#370037,0x5303,#3a003a
49,15,47,0,47,#2f002f,0x0303,#310031
49,16,39,0,39,#270027,0x5202,#290029
49,17,31,0,31,#1f001f,0x0202,#210021
49,18,23,0,23,#170017,0x5101,#190019
49,19,15,0,15,#0f000f,0x0101,#100010
50,0,86,0,86,#560056,0x0505,#520052
50,1,94,0,94,#5e005e,0x5505,#5a005a
50,2,102,0,102,#660066,0x0606,#630063
50,3,110,0,110,#6e006e,0x5606,#6b006b
50,4,118,0,118,#760076,0x0707,#730073
50,5,118,0,118,#760076,0x0707,#730073
50,6,110,0,110,#6e006e,0x5606,#6b006b
50,7,102,0,102,#660066,0x0606,#630063
50,8,94,0,94,#5e005e,0x5505,#5a005a
50,9,86,0,86,#560056,0x0505,#520052
50,10,79,0,79,#4f004f,0x0505,#520052
50,11,71,0,71,#470047,0x5404,#4a004a
50,12,63,0,63,#3f003f,0x0404,#420042
50,13,55,0,55,#370037,0x5303,#3a003a
50,14,47,0,47,#2f002f,0x0303,#310031
50,15,39,0,39,#270027,0x5202,#290029
50,16,31,0,31,#1f001f,0x0202,#210021
50,17,23,0,23,#170017,0x5101,#190019
50,18,15,0,15,#0f000f,0x0101,#100010
50,19,0,0,50,#000032,0x0003,#000031
51,0,94,0,94,#5e005e,0x5505,#5a005a
51,1,102,0,102,#660066,0x0606,#630063
51,2,110,0,110,#6e006e,0x5606,#6b006b
51,3,118,0,118,#760076,0x0707,#730073
51,4,118,0,118,#760076,0x0707,#730073
51,5,110,0,110,#6e006e,0x5606,#6b006b
51,6,102,0,102,#660066,0x0606,#630063
51,7,94,0,94,#5e005e,0x5505,#5a005a
51,8,86,0,86,#560056,0x0505,#520052
51,9,79,0,79,#4f004f,0x0505,#520052
51,10,71,0,71,#470047,0x5404,#4a004a
51,11,63,0,63,#3f003f,0x0404,#420042
51,12,55,0,55,#370037,0x5303,#3a003a
51,13,47,0,47,#2f002f,0x0303,#310031
51,14,39,0,39,#270027,0x5202,#290029
51,15,31,0,31,#1f001f,0x0202,#210021
51,16,23,0,23,#170017,0x5101,#190019
51,17,15,0,15,#0f000f,0x0101,#100010
51,18,0,0,50,#000032,0x0003,#000031
51,19,0,0,67,#000043,0x0004,#000042
52,0,102,0,102,#660066,0x0606,#630063
52,1,110,0,110,#6e006e,0x5606,#6b006b
52,2,118,0,118,#760076,0x0707,#730073
52,3,118,0,118,#760076,0x0707,#730073
52,4,110,0,110,#6e006e,0x5606,#6b006b
52,5,102,0,102,#660066,0x0606,#630063
52,6,94,0,94,#5e005e,0x5505,#5a005a
52,7,86,0,86,#560056,0x0505,#520052
52,8,79,0,79,#4f004f,0x0505,#520052
52,9,71,0,71,#470047,0x5404,#4a004a
52,10,63,0,63,#3f003f,0x0404,#420042
52,11,55,0,55,#370037,0x5303,#3a003a
52,12,47,0,47,#2f002f,0x0303,#310031
52,13,39,0,39,#270027,0x5202,#290029
52,14,31,0,31,#1f001f,0x0202,#210021
52,15,23,0,23,#170017,0x5101,#190019
52,16,15,0,15,#0f000f,0x0101,#100010
52,17,0,0,50,#000032,0x0003,#000031
52,18,0,0,67,#000043,0x0004,#000042
52,19,0,0,84,#000054,0x0005,#000052
53,0,110,0,110,#6e006e,0x5606,#6b006b
53,1,118,0,118,#760076,0x0707,#730073
53,2,118,0,118,#760076,0x0707,#730073
53,3,110,0,110,#6e006e,0x5606,#6b006b
53,4,102,0,102,#660066,0x0606,#630063
53,5,94,0,94,#5e005e,0x5505,#5a005a
53,6,86,0,86,#560056,0x0505,#520052
53,7,79,0,79,#4f004f,0x0505,#520052
53,8,71,0,71,#470047,0x5404,#4a004a
53,9,63,0,63,#3f003f,0x0404,#420042
53,10,55,0,55,#370037,0x5303,#3a003a
53,11,47,0,47,#2f002f,0x0303,#310031
53,12,39,0,39,#270027,0x5202,#290029
53,13,31,0,31,#1f001f,0x0202,#210021
53,14,23,0,23,#170017,0x5101,#190019
53,15,15,0,15,#0f000f,0x0101,#100010
53,16,0,0,50,#000032,0x0003,#000031
53,17,0,0,67,#000043,0x0004,#000042
53,18,0,0,84,#000054,0x0005,#000052
53,19,0,0,101,#000065,0x0006,#000063
54,0,118,0,118,#760076,0x0707,#730073
54,1,118,0,118,#760076,0x0707,#730073
54,2,110,0,110,#6e006e,0x5606,#6b006b
54,3,102,0,102,#660066,0x0606,#630063
54,4,94,0,94,#5e005e,0x5505,#5a005a
54,5,86,0,86,#560056,0x0505,#520052
54,6,79,0,79,#4f004f,0x0505,#520052
54,7,71,0,71,#470047,0x5404,#4a004a
54,8,63,0,63,#3f003f,0x0404,#420042
54,9,55,0,55,#370037,0x5303,#3a003a
54,10,47,0,47,#2f002f,0x0303,#310031
54,11,39,0,39,#270027,0x5202,#290029
54,12,31,0,31,#1f001f,0x0202,#210021
54,13,23,0,23,#170017,0x5101,#190019
54,14,15,0,15,#0f000f,0x0101,#100010
54,15,0,0,50,#000032,0x0003,#000031
54,16,0,0,67,#000043,0x0004,#000042
54,17,0,0,84,#000054,0x0005,#000052
54,18,0,0,101,#000065,0x0006,#000063
54,19,0,0,118,#000076,0x0007,#000073
55,0,118,0,118,#760076,0x0707,#730073
55,1,110,0,110,#6e006e,0x5606,#6b006b
55,2,102,0,102,#660066,0x0606,#630063
55,3,94,0,94,#5e005e,0x5505,#5a005a
55,4,86,0,86,#560056,0x0505,#520052
55,5,79,0,79,#4f004f,0x0505,#520052
55,6,71,0,71,#470047,0x5404,#4a004a
55,7,63,0,63,#3f003f,0x0404,#420042
55,8,55,0,55,#370037,0x5303,#3a003a
55,9,47,0,47,#2f002f,0x0303,#310031
55,10,39,0,39,#270027,0x5202,#290029
55,11,31,0,31,#1f001f,0x0202,#210021
55,12,23,0,23,#170017,0x5101,#190019
55,13,15,0,15,#0f000f,0x0101,#100010
55,14,0,0,50,#000032,0x0003,#000031
55,15,0,0,67,#000043,0x0004,#000042
55,16,0,0,84,#000054,0x0005,#000052
55,17,0,0,101,#000065,0x0006,#000063
55,18,0,0,118,#000076,0x0007,#000073
55,19,0,0,135,#000087,0x0008,#000084
56,0,110,0,110,#6e006e,0x5606,#6b006b
56,1,102,0,102,#660066,0x0606,#630063
56,2,94,0,94,#5e005e,0x5505,#5a005a
56,3,86,0,86,#560056,0x0505,#520052
56,4,79,0,79,#4f004f,0x0505,#520052
56,5,71,0,71,#470047,0x5404,#4a004a
56,6,63,0,63,#3f003f,0x0404,#420042
56,7,55,0,55,#370037,0x5303,#3a003a
56,8,47,0,47,#2f002f,0x0303,#310031
56,9,39,0,39,#270027,0x5202,#290029
56,10,31,0,31,#1f001f,0x0202,#210021
56,11,23,0,23,#170017,0x5101,#190019
56,12,15,0,15,#0f000f,0x0101,#100010
56,13,0,0,50,#000032,0x0003,#000031
56,14,0,0,67,#000043,0x0004,#000042
56,15,0,0,84,#000054,0x0005,#000052
56,16,0,0,101,#000065,0x0006,#000063
56,17,0,0,118,#000076,0x0007,#000073
56,18,0,0,135,#000087,0x0008,#000084
56,19,0,0,152,#000098,0x0009,#000094
57,0,102,0,102,#660066,0x0606,#630063
57,1,94,0,94,#5e005e,0x5505,#5a005a
57,2,86,0,86,#560056,0x0505,#520052
57,3,79,0,79,#4f004f,0x0505,#520052
57,4,71,0,71,#470047,0x5404,#4a004a
57,5,63,0,63,#3f003f,0x0404,#420042
57,6,55,0,55,#370037,0x5303,#3a003a
57,7,47,0,47,#2f002f,0x0303,#310031
57,8,39,0,39,#270027,0x5202,#290029
57,9,31,0,31,#1f001f,0x0202,#210021
57,10,23,0,23,#170017,0x5101,#190019
57,11,15,0,15,#0f000f,0x0101,#100010
57,12,0,0,50,#000032,0x0003,#000031
57,13,0,0,67,#000043,0x0004,#000042
57,14,0,0,84,#000054,0x0005,#000052
57,15,0,0,101,#000065,0x0006,#000063
57,16,0,0,118,#000076,0x0007,#000073
57,17,0,0,135,#000087,0x0008,#000084
57,18,0,0,152,#000098,0x0009,#000094
57,19,0,0,169,#0000a9,0x100a,#0000ad
58,0,94,0,94,#5e005e,0x5505,#5a005a
58,1,86,0,86,#560056,0x0505,#520052
58,2,79,0,79,#4f004f,0x0505,#520052
58,3,71,0,71,#470047,0x5404,#4a004a
58,4,63,0,63,#3f003f,0x0404,#420042
58,5,55,0,55,#370037,0x5303,#3a003a
58,6,47,0,47,#2f002f,0x0303,#310031
58,7,39,0,39,#270027,0x5202,#290029
58,8,31,0,31,#1f001f,0x0202,#210021
58,9,23,0,23,#170017,0x5101,#190019
58,10,15,0,15,#0f000f,0x0101,#100010
58,11,0,0,50,#000032,0x0003,#000031
58,12,0,0,67,#000043,0x0004,#000042
58,13,0,0,84,#000054,0x0005,#000052
58,14,0,0,101,#000065,0x0006,#000063
58,15,0,0,118,#000076,0x0007,#000073
58,16,0,0,135,#000087,0x0008,#000084
58,17,0,0,152,#000098,0x0009,#000094
58,18,0,0,169,#0000a9,0x100a,#0000ad
58,19,0,0,186,#0000ba,0x100b,#0000bd
59,0,86,0,86,#560056,0x0505,#520052
59,1,79,0,79,#4f004f,0x0505,#520052
59,2,71,0,71,#470047,0x5404,#4a004a
59,3,63,0,63,#3f003f,0x0404,#420042
59,4,55,0,55,#370037,0x5303,#3a003a
59,5,47,0,47,#2f002f,0x0303,#310031
59,6,39,0,39,#270027,0x5202,#290029
59,7,31,0,31,#1f001f,0x0202,#210021
59,8,23,0,23,#170017,0x5101,#190019
59,9,15,0,15,#0f000f,0x0101,#100010
59,10,0,0,50,#000032,0x0003,#000031
59,11,0,0,67,#000043,0x0004,#000042
59,12,0,0,84,#000054,0x0005,#000052
59,13,0,0,101,#000065,0x0006,#000063
59,14,0,0,118,#000076,0x0007,#000073
59,15,0,0,135,#000087,0x0008,#000084
59,16,0,0,152,#000098,0x0009,#000094
59,17,0,0,169,#0000a9,0x100a,#0000ad
59,18,0,0,186,#0000ba,0x100b,#0000bd
59,19,0,0,203,#0000cb,0x100c,#0000ce
60,0,79,0,79,#4f004f,0x0505,#520052
60,1,71,0,71,#470047,0x5404,#4a004a
60,2,63,0,63,#3f003f,0x0404,#420042
60,3,55,0,55,#370037,0x5303,#3a003a
60,4,47,0,47,#2f002f,0x0303,#310031
60,5,39,0,39,#270027,0x5202,#290029
60,6,31,0,31,#1f001f,0x0202,#210021
60,7,23,0,23,#170017,0x5101,#190019
60,8,15,0,15,#0f000f,0x0101,#100010
60,9,0,0,50,#000032,0x0003,#000031
60,10,0,0,67,#000043,0x0004,#000042
60,11,0,0,84,#000054,0x0005,#000052
60,12,0,0,101,#000065,0x0006,#000063
60,13,0,0,118,#000076,0x0007,#000073
60,14,0,0,135,#000087,0x0008,#000084
60,15,0,0,152,#000098,0x0009,#000094
60,16,0,0,169,#0000a9,0x100a,#0000ad
60,17,0,0,186,#0000ba,0x100b,#0000bd
60,18,0,0,203,#0000cb,0x100c,#0000ce
60,19,0,0,220,#0000dc,0x100d,#0000de
61,0,71,0,71,#470047,0x5404,#4a004a
61,1,63,0,63,#3f003f,0x0404,#420042
61,2,55,0,55,#370037,0x5303,#3a003a
61,3,47,0,47,#2f002f,0x0303,#310031
61,4,39,0,39,#270027,0x5202,#290029
61,5,31,0,31,#1f001f,0x0202,#210021
61,6,23,0,23,#170017,0x5101,#190019
61,7,15,0,15,#0f000f,0x0101,#100010
61,8,0,0,50,#000032,0x0003,#000031
61,9,0,0,67,#000043,0x0004,#000042
61,10,0,0,84,#000054,0x0005,#000052
61,11,0,0,101,#000065,0x0006,#000063
61,12,0,0,118,#000076,0x0007,#000073
61,13,0,0,135,#000087,0x0008,#000084
61,14,0,0,152,#000098,0x0009,#000094
61,15,0,0,169,#0000a9,0x100a,#0000ad
61,16,0,0,186,#0000ba,0x100b,#0000bd
61,17,0,0,203,#0000cb,0x100c,#0000ce
61,18,0,0,220,#0000dc,0x100d,#0000de
61,19,0,0,237,#0000ed,0x100e,#0000ef
62,0,63,0,63,#3f003f,0x0404,#420042
62,1,55,0,55,#370037,0x5303,#3a003a
62,2,47,0,47,#2f002f,0x0303,#310031
62,3,39,0,39,#270027,0x5202,#290029
62,4,31,0,31,#1f001f,0x0202,#210021
62,5,23,0,23,#170017,0x5101,#190019
62,6,15,0,15,#0f000f,0x0101,#100010
62,7,0,0,50,#000032,0x0003,#000031
62,8,0,0,67,#000043,0x0004,#000042
62,9,0,0,84,#000054,0x0005,#000052
62,10,0,0,101,#000065,0x0006,#000063
62,11,0,0,118,#000076,0x0007,#000073
62,12,0,0,135,#000087,0x0008,#000084
62,13,0,0,152,#000098,0x0009,#000094
62,14,0,0,169,#0000a9,0x100a,#0000ad
62,15,0,0,186,#0000ba,0x100b,#0000bd
62,16,0,0,203,#0000cb,0x100c,#0000ce
62,17,0,0,220,#0000dc,0x100d,#0000de
62,18,0,0,237,#0000ed,0x100e,#0000ef
62,19,0,0,254,#0000fe,0x100f,#0000ff
63,0,55,0,55,#370037,0x5303,#3a003a
63,1,47,0,47,#2f002f,0x0303,#310031
63,2,39,0,39,#270027,0x5202,#290029
63,3,31,0,31,#1f001f,0x0202,#210021
63,4,23,0,23,#170017,0x5101,#190019
63,5,15,0,15,#0f000f,0x0101,#100010
63,6,0,0,50,#000032,0x0003,#000031
63,7,0,0,67,#000043,0x0004,#000042
63,8,0,0,84,#000054,0x0005,#000052
63,9,0,0,101,#000065,0x0006,#000063
63,10,0,0,118,#000076,0x0007,#000073
63,11,0,0,135,#000087,0x0008,#000084
63,12,0,0,152,#000098,0x0009,#000094
63,13,0,0,169,#0000a9,0x100a,#0000ad
63,14,0,0,186,#0000ba,0x100b,#0000bd
63,15,0,0,203,#0000cb,0x100c,#0000ce
63,16,0,0,220,#0000dc,0x100d,#0000de
63,17,0,0,237,#0000ed,0x100e,#0000ef
63,18,0,0,254,#0000fe,0x100f,#0000ff
63,19,0,0,254,#0000fe,0x100f,#0000ff
64,0,47,0,47,#2f002f,0x0303,#310031
64,1,39,0,39,#270027,0x5202,#290029
64,2,31,0,31,#1f001f,0x0202,#210021
64,3,23,0,23,#170017,0x5101,#190019
64,4,15,0,15,#0f000f,0x0101,#100010
64,5,0,0,50,#000032,0x0003,#000031
64,6,0,0,67,#000043,0x0004,#000042
64,7,0,0,84,#000054,0x0005,#000052
64,8,0,0,101,#000065,0x0006,#000063
64,9,0,0,118,#000076,0x0007,#000073
64,10,0,0,135,#000087,0x0008,#000084
64,11,0,0,152,#000098,0x0009,#000094
64,12,0,0,169,#0000a9,0x100a,#0000ad
64,13,0,0,186,#0000ba,0x100b,#0000bd
64,14,0,0,203,#0000cb,0x100c,#0000ce
64,15,0,0,220,#0000dc,0x100d,#0000de
64,16,0,0,237,#0000ed,0x100e,#0000ef
64,17,0,0,254,#0000fe,0x100f,#0000ff
64,18,0,0,254,#0000fe,0x100f,#0000ff
64,19,0,0,237,#0000ed,0x100e,#0000ef
65,0,39,0,39,#270027,0x5202,#290029
65,1,31,0,31,#1f001f,0x0202,#210021
65,2,23,0,23,#170017,0x5101,#190019
65,3,15,0,15,#0f000f,0x0101,#100010
65,4,0,0,50,#000032,0x0003,#000031
65,5,0,0,67,#000043,0x0004,#000042
65,6,0,0,84,#000054,0x0005,#000052
65,7,0,0,101,#000065,0x0006,#000063
65,8,0,0,118,#000076,0x0007,#000073
65,9,0,0,135,#000087,0x0008,#000084
65,10,0,0,152,#000098,0x0009,#000094
65,11,0,0,169,#0000a9,0x100a,#0000ad
65,12,0,0,186,#0000ba,0x100b,#0000bd
65,13,0,0,203,#0000cb,0x100c,#0000ce
65,14,0,0,220,#0000dc,0x100d,#0000de
65,15,0,0,237,#0000ed,0x100e,#0000ef
65,16,0,0,254,#0000fe,0x100f,#0000ff
65,17,0,0,254,#0000fe,0x100f,#0000ff
65,18,0,0,237,#0000ed,0x100e,#0000ef
65,19,0,0,220,#0000dc,0x100d,#0000de
66,0,31,0,31,#1f001f,0x0202,#210021
66,1,23,0,23,#170017,0x5101,#190019
66,2,15,0,15,#0f000f,0x0101,#100010
66,3,0,0,50,#000032,0x0003,#000031
66,4,0,0,67,#000043,0x0004,#000042
66,5,0,0,84,#000054,0x0005,#000052
66,6,0,0,101,#000065,0x0006,#000063
66,7,0,0,118,#000076,0x0007,#000073
66,8,0,0,135,#000087,0x0008,#000084
66,9,0,0,152,#000098,0x0009,#000094
66,10,0,0,169,#0000a9,0x100a,#0000ad
66,11,0,0,186,#0000ba,0x100b,#0000bd
66,12,0,0,203,#0000cb,0x100c,#0000ce
66,13,0,0,220,#0000dc,0x100d,#0000de
66,14,0,0,237,#0000ed,0x100e,#0000ef
66,15,0,0,254,#0000fe,0x100f,#0000ff
66,16,0,0,254,#0000fe,0x100f,#0000ff
66,17,0,0,237,#0000ed,0x100e,#0000ef
66,18,0,0,220,#0000dc,0x100d,#0000de
66,19,0,0,203,#0000cb,0x100c,#0000ce
67,0,23,0,23,#170017,0x5101,#190019
67,1,15,0,15,#0f000f,0x0101,#100010
67,2,0,0,50,#000032,0x0003,#000031
67,3,0,0,67,#000043,0x0004,#000042
67,4,0,0,84,#000054,0x0005,#000052
67,5,0,0,101,#000065,0x0006,#000063
67,6,0,0,118,#000076,0x0007,#000073
67,7,0,0,135,#000087,0x0008,#000084
67,8,0,0,152,#000098,0x0009,#000094
67,9,0,0,169,#0000a9,0x100a,#0000ad
67,10,0,0,186,#0000ba,0x100b,#0000bd
67,11,0,0,203,#0000cb,0x100c,#0000ce
67,12,0,0,220,#0000dc,0x100d,#0000de
67,13,0,0,237,#0000ed,0x100e,#0000ef
67,14,0,0,254,#0000fe,0x100f,#0000ff
67,15,0,0,254,#0000fe,0x100f,#0000ff
67,16,0,0,237,#0000ed,0x100e,#0000ef
67,17,0,0,220,#0000dc,0x100d,#0000de
67,18,0,0,203,#0000cb,0x100c,#0000ce
67,19,0,0,186,#0000ba,0x100b,#0000bd
68,0,15,0,15,#0f000f,0x0101,#100010
68,1,0,0,50,#000032,0x0003,#000031
68,2,0,0,67,#000043,0x0004,#000042
68,3,0,0,84,#000054,0x0005,#000052
68,4,0,0,101,#000065,0x0006,#000063
68,5,0,0,118,#000076,0x0007,#000073
68,6,0,0,135,#000087,0x0008,#000084
68,7,0,0,152,#000098,0x0009,#000094
68,8,0,0,169,#0000a9,0x100a,#0000ad
68,9,0,0,186,#0000ba,0x100b,#0000bd
68,10,0,0,203,#0000cb,0x100c,#0000ce
68,11,0,0,220,#0000dc,0x100d,#0000de
68,12,0,0,237,#0000ed,0x100e,#0000ef
68,13,0,0,254,#0000fe,0x100f,#0000ff
68,14,0,0,254,#0000fe,0x100f,#0000ff
68,15,0,0,237,#0000ed,0x100e,#0000ef
68,16,0,0,220,#0000dc,0x100d,#0000de
68,17,0,0,203,#0000cb,0x100c,#0000ce
68,18,0,0,186,#0000ba,0x100b,#0000bd
68,19,0,0,169,#0000a9,0x100a,#0000ad
69,0,0,0,50,#000032,0x0003,#000031
69,1,0,0,67,#000043,0x0004,#000042
69,2,0,0,84,#000054,0x0005,#000052
69,3,0,0,101,#000065,0x0006,#000063
69,4,0,0,118,#000076,0x0007,#000073
69,5,0,0,135,#000087,0x0008,#000084
69,6,0,0,152,#000098,0x0009,#000094
69,7,0,0,169,#0000a9,0x100a,#0000ad
69,8,0,0,186,#0000ba,0x100b,#0000bd
69,9,0,0,203,#0000cb,0x100c,#0000ce
69,10,0,0,220,#0000dc,0x100d,#0000de
69,11,0,0,237,#0000ed,0x100e,#0000ef
69,12,0,0,254,#0000fe,0x100f,#0000ff
69,13,0,0,254,#0000fe,0x100f,#0000ff
69,14,0,0,237,#0000ed,0x100e,#0000ef
69,15,0,0,220,#0000dc,0x100d,#0000de
69,16,0,0,203,#0000cb,0x100c,#0000ce
69,17,0,0,186,#0000ba,0x100b,#0000bd
69,18,0,0,169,#0000a9,0x100a,#0000ad
69,19,0,0,152,#000098,0x0009,#000094
70,0,0,0,67,#000043,0x0004,#000042
70,1,0,0,84,#000054,0x0005,#000052
70,2,0,0,101,#000065,0x0006,#000063
70,3,0,0,118,#000076,0x0007,#000073
70,4,0,0,135,#000087,0x0008,#000084
70,5,0,0,152,#000098,0x0009,#000094
70,6,0,0,169,#0000a9,0x100a,#0000ad
70,7,0,0,186,#0000ba,0x100b,#0000bd
70,8,0,0,203,#0000cb,0x100c,#0000ce
70,9,0,0,220,#0000dc,0x100d,#0000de
70,10,0,0,237,#0000ed,0x100e,#0000ef
70,11,0,0,254,#0000fe,0x100f,#0000ff
70,12,0,0,254,#0000fe,0x100f,#0000ff
70,13,0,0,237,#0000ed,0x100e,#0000ef
70,14,0,0,220,#0000dc,0x100d,#0000de
70,15,0,0,203,#0000cb,0x100c,#0000ce
70,16,0,0,186,#0000ba,0x100b,#0000bd
70,17,0,0,169,#0000a9,0x100a,#0000ad
70,18,0,0,152,#000098,0x0009,#000094
70,19,0,0,135,#000087,0x0008,#000084
71,0,0,0,84,#000054,0x0005,#000052
71,1,0,0,101,#000065,0x0006,#000063
71,2,0,0,118,#000076,0x0007,#000073
71,3,0,0,135,#000087,0x0008,#000084
71,4,0,0,152,#000098,0x0009,#000094
71,5,0,0,169,#0000a9,0x100a,#0000ad
71,6,0,0,186,#0000ba,0x100b,#0000bd
71,7,0,0,203,#0000cb,0x100c,#0000ce
71,8,0,0,220,#0000dc,0x100d,#0000de
71,9,0,0,237,#0000ed,0x100e,#0000ef
71,10,0,0,254,#0000fe,0x100f,#0000ff
71,11,0,0,254,#0000fe,0x100f,#0000ff
71,12,0,0,237,#0000ed,0x100e,#0000ef
71,13,0,0,220,#0000dc,0x100d,#0000de
71,14,0,0,203,#0000cb,0x100c,#0000ce
71,15,0,0,186,#0000ba,0x100b,#0000bd
71,16,0,0,169,#0000a9,0x100a,#0000ad
71,17,0,0,152,#000098,0x0009,#000094
71,18,0,0,135,#000087,0x0008,#000084
71,19,0,0,118,#000076,0x0007,#000073
72,0,0,0,101,#000065,0x0006,#000063
72,1,0,0,118,#000076,0x0007,#000073
72,2,0,0,135,#000087,0x0008,#000084
72,3,0,0,152,#000098,0x0009,#000094
72,4,0,0,169,#0000a9,0x100a,#0000ad
72,5,0,0,186,#0000ba,0x100b,#0000bd
72,6,0,0,203,#0000cb,0x100c,#0000ce
72,7,0,0,220,#0000dc,0x100d,#0000de
72,8,0,0,237,#0000ed,0x100e,#0000ef
72,9,0,0,254,#0000fe,0x100f,#0000ff
72,10,0,0,254,#0000fe,0x100f,#0000ff
72,11,0,0,237,#0000ed,0x100e,#0000ef
72,12,0,0,220,#0000dc,0x100d,#0000de
72,13,0,0,203,#0000cb,0x100c,#0000ce
72,14,0,0,186,#0000ba,0x100b,#0000bd
72,15,0,0,169,#0000a9,0x100a,#0000ad
72,16,0,0,152,#000098,0x0009,#000094
72,17,0,0,135,#000087,0x0008,#000084
72,18,0,0,118,#000076,0x0007,#000073
72,19,0,0,101,#000065,0x0006,#000063
73,0,0,0,118,#000076,0x0007,#000073
73,1,0,0,135,#000087,0x0008,#000084
73,2,0,0,152,#000098,0x0009,#000094
73,3,0,0,169,#0000a9,0x100a,#0000ad
73,4,0,0,186,#0000ba,0x100b,#0000bd
73,5,0,0,203,#0000cb,0x100c,#0000ce
73,6,0,0,220,#0000dc,0x100d,#0000de
73,7,0,0,237,#0000ed,0x100e,#0000ef
73,8,0,0,254,#0000fe,0x100f,#0000ff
73,9,0,0,254,#0000fe,0x100f,#0000ff
73,10,0,0,237,#0000ed,0x100e,#0000ef
73,11,0,0,220,#0000dc,0x100d,#0000de
73,12,0,0,203,#0000cb,0x100c,#0000ce
73,13,0,0,186,#0000ba,0x100b,#0000bd
73,14,0,0,169,#0000a9,0x100a,#0000ad
73,15,0,0,152,#000098,0x0009,#000094
73,16,0,0,135,#000087,0x0008,#000084
73,17,0,0,118,#000076,0x0007,#000073
73,18,0,0,101,#000065,0x0006,#000063
73,19,0,0,84,#000054,0x0005,#000052
74,0,0,0,135,#000087,0x0008,#000084
74,1,0,0,152,#000098,0x0009,#000094
74,2,0,0,169,#0000a9,0x100a,#0000ad
74,3,0,0,186,#0000ba,0x100b,#0000bd
74,4,0,0,203,#0000cb,0x100c,#0000ce
74,5,0,0,220,#0000dc,0x100d,#0000de
74,6,0,0,237,#0000ed,0x100e,#0000ef
74,7,0,0,254,#0000fe,0x100f,#0000ff
74,8,0,0,254,#0000fe,0x100f,#0000ff
74,9,0,0,237,#0000ed,0x100e,#0000ef
74,10,0,0,220,#0000dc,0x100d,#0000de
74,11,0,0,203,#0000cb,0x100c,#0000ce
74,12,0,0,186,#0000ba,0x100b,#0000bd
74,13,0,0,169,#0000a9,0x100a,#0000ad
74,14,0,0,152,#000098,0x0009,#000094
74,15,0,0,135,#000087,0x0008,#000084
74,16,0,0,118,#000076,0x0007,#000073
74,17,0,0,101,#000065,0x0006,#000063
74,18,0,0,84,#000054,0x0005,#000052
74,19,0,0,67,#000043,0x0004,#000042
75,0,0,0,152,#000098,0x0009,#000094
75,1,0,0,169,#0000a9,0x100a,#0000ad
75,2,0,0,186,#0000ba,0x100b,#0000bd
75,3,0,0,203,#0000cb,0x100c,#0000ce
75,4,0,0,220,#0000dc,0x100d,#0000de
75,5,0,0,237,#0000ed,0x100e,#0000ef
75,6,0,0,254,#0000fe,0x100f,#0000ff
75,7,0,0,254,#0000fe,0x100f,#0000ff
75,8,0,0,237,#0000ed,0x100e,#0000ef
75,9,0,0,220,#0000dc,0x100d,#0000de
75,10,0,0,203,#0000cb,0x100c,#0000ce
75,11,0,0,186,#0000ba,0x100b,#0000bd
75,12,0,0,169,#0000a9,0x100a,#0000ad
75,13,0,0,152,#000098,0x0009,#000094
75,14,0,0,135,#000087,0x0008,#000084
75,15,0,0,118,#000076,0x0007,#000073
75,16,0,0,101,#000065,0x0006,#000063
75,17,0,0,84,#000054,0x0005,#000052
75,18,0,0,67,#000043,0x0004,#000042
75,19,0,0,50,#000032,0x0003,#000031
76,0,0,0,169,#0000a9,0x100a,#0000ad
76,1,0,0,186,#0000ba,0x100b,#0000bd
76,2,0,0,203,#0000cb,0x100c,#0000ce
76,3,0,0,220,#0000dc,0x100d,#0000de
76,4,0,0,237,#0000ed,0x100e,#0000ef
76,5,0,0,254,#0000fe,0x100f,#0000ff
76,6,0,0,254,#0000fe,0x100f,#0000ff
76,7,0,0,237,#0000ed,0x100e,#0000ef
76,8,0,0,220,#0000dc,0x100d,#0000de
76,9,0,0,203,#0000cb,0x100c,#0000ce
76,10,0,0,186,#0000ba,0x100b,#0000bd
76,11,0,0,169,#0000a9,0x100a,#0000ad
76,12,0,0,152,#000098,0x0009,#000094
76,13,0,0,135,#000087,0x0008,#000084
76,14,0,0,118,#000076,0x0007,#000073
76,15,0,0,101,#000065,0x0006,#000063
76,16,0,0,84,#000054,0x0005,#000052
76,17,0,0,67,#000043,0x0004,#000042
76,18,0,0,50,#000032,0x0003,#000031
76,19,0,0,33,#000021,0x0002,#000021
77,0,0,0,186,#0000ba,0x100b,#0000bd
77,1,0,0,203,#0000cb,0x100c,#0000ce
77,2,0,0,220,#0000dc,0x100d,#0000de
77,3,0,0,237,#0000ed,0x100e,#0000ef
77,4,0,0,254,#0000fe,0x100f,#0000ff
77,5,0,0,254,#0000fe,0x100f,#0000ff
77,6,0,0,237,#0000ed,0x100e,#0000ef
77,7,0,0,220,#0000dc,0x100d,#0000de
77,8,0,0,203,#0000cb,0x100c,#0000ce
77,9,0,0,186,#0000ba,0x100b,#0000bd
77,10,0,0,169,#0000a9,0x100a,#0000ad
77,11,0,0,152,#000098,0x0009,#000094
77,12,0,0,135,#000087,0x0008,#000084
77,13,0,0,118,#000076,0x0007,#000073
77,14,0,0,101,#000065,0x0006,#000063
77,15,0,0,84,#000054,0x0005,#000052
77,16,0,0,67,#000043,0x0004,#000042
77,17,0,0,50,#000032,0x0003,#000031
77,18,0,0,33,#000021,0x0002,#000021
77,19,0,23,23,#001717,0x3011,#001919
78,0,0,0,203,#0000cb,0x100c,#0000ce
78,1,0,0,220,#0000dc,0x100d,#0000de
78,2,0,0,237,#0000ed,0x100e,#0000ef
78,3,0,0,254,#0000fe,0x100f,#0000ff
78,4,0,0,254,#0000fe,0x100f,#0000ff
78,5,0,0,237,#0000ed,0x100e,#0000ef
78,6,0,0,220,#0000dc,0x100d,#0000de
78,7,0,0,203,#0000cb,0x100c,#0000ce
78,8,0,0,186,#0000ba,0x100b,#0000bd
78,9,0,0,169,#0000a9,0x100a,#0000ad
78,10,0,0,152,#000098,0x0009,#000094
78,11,0,0,135,#000087,0x0008,#000084
78,12,0,0,118,#000076,0x0007,#000073
78,13,0,0,101,#000065,0x0006,#000063
78,14,0,0,84,#000054,0x0005,#000052
78,15,0,0,67,#000043,0x0004,#000042
78,16,0,0,50,#000032,0x0003,#000031
78,17,0,0,33,#000021,0x0002,#000021
78,18,0,23,23,#001717,0x3011,#001919
78,19,0,31,31,#001f1f,0x0022,#002121
79,0,0,0,220,#0000dc,0x100d,#0000de
79,1,0,0,237,#0000ed,0x100e,#0000ef
79,2,0,0,254,#0000fe,0x100f,#0000ff
79,3,0,0,254,#0000fe,0x100f,#0000ff
79,4,0,0,237,#0000ed,0x100e,#0000ef
79,5,0,0,220,#0000dc,0x100d,#0000de
79,6,0,0,203,#0000cb,0x100c,#0000ce
79,7,0,0,186,#0000ba,0x100b,#0000bd
79,8,0,0,169,#0000a9,0x100a,#0000ad
79,9,0,0,152,#000098,0x0009,#000094
79,10,0,0,135,#000087,0x0008,#000084
79,11,0,0,118,#000076,0x0007,#000073
79,12,0,0,101,#000065,0x0006,#000063
79,13,0,0,84,#000054,0x0005,#000052
79,14,0,0,67,#000043,0x0004,#000042
79,15,0,0,50,#000032,0x0003,#000031
79,16,0,0,33,#000021,0x0002,#000021
79,17,0,23,23,#001717,0x3011,#001919
79,18,0,31,31,#001f1f,0x0022,#002121
79,19,0,39,39,#002727,0x3022,#002929
80,0,0,0,237,#0000ed,0x100e,#0000ef
80,1,0,0,254,#0000fe,0x100f,#0000ff
80,2,0,0,254,#0000fe,0x100f,#0000ff
80,3,0,0,237,#0000ed,0x100e,#0000ef
80,4,0,0,220,#0000dc,0x100d,#0000de
80,5,0,0,203,#0000cb,0x100c,#0000ce
80,6,0,0,186,#0000ba,0x100b,#0000bd
80,7,0,0,169,#0000a9,0x100a,#0000ad
80,8,0,0,152,#000098,0x0009,#000094
80,9,0,0,135,#000087,0x0008,#000084
80,10,0,0,118,#000076,0x0007,#000073
80,11,0,0,101,#000065,0x0006,#000063
80,12,0,0,84,#000054,0x0005,#000052
80,13,0,0,67,#000043,0x0004,#000042
80,14,0,0,50,#000032,0x0003,#000031
80,15,0,0,33,#000021,0x0002,#000021
80,16,0,23,23,#001717,0x3011,#001919
80,17,0,31,31,#001f1f,0x0022,#002121
80,18,0,39,39,#002727,0x3022,#002929
80,19,0,47,47,#002f2f,0x0033,#003131
81,0,0,0,254,#0000fe,0x100f,#0000ff
81,1,0,0,254,#0000fe,0x100f,#0000ff
81,2,0,0,237,#0000ed,0x100e,#0000ef
81,3,0,0,220,#0000dc,0x100d,#0000de
81,4,0,0,203,#0000cb,0x100c,#0000ce
81,5,0,0,186,#0000ba,0x100b,#0000bd
81,6,0,0,169,#0000a9,0x100a,#0000ad
81,7,0,0,152,#000098,0x0009,#000094
81,8,0,0,135,#000087,0x0008,#000084
81,9,0,0,118,#000076,0x0007,#000073
81,10,0,0,101,#000065,0x0006,#000063
81,11,0,0,84,#000054,0x0005,#000052
81,12,0,0,67,#000043,0x0004,#000042
81,13,0,0,50,#000032,0x0003,#000031
81,14,0,0,33,#000021,0x0002,#000021
81,15,0,23,23,#001717,0x3011,#001919
81,16,0,31,31,#001f1f,0x0022,#002121
81,17,0,39,39,#002727,0x3022,#002929
81,18,0,47,47,#002f2f,0x0033,#003131
81,19,0,55,55,#003737,0x3033,#003a3a
82,0,0,0,254,#0000fe,0x100f,#0000ff
82,1,0,0,237,#0000ed,0x100e,#0000ef
82,2,0,0,220,#0000dc,0x100d,#0000de
82,3,0,0,203,#0000cb,0x100c,#0000ce
82,4,0,0,186,#0000ba,0x100b,#0000bd
82,5,0,0,169,#0000a9,0x100a,#0000ad
82,6,0,0,152,#000098,0x0009,#000094
82,7,0,0,135,#000087,0x0008,#000084
82,8,0,0,118,#000076,0x0007,#000073
82,9,0,0,101,#000065,0x0006,#000063
82,10,0,0,84,#000054,0x0005,#000052
82,11,0,0,67,#000043,0x0004,#000042
82,12,0,0,50,#000032,0x0003,#000031
82,13,0,0,33,#000021,0x0002,#000021
82,14,0,23,23,#001717,0x3011,#001919
82,15,0,31,31,#001f1f,0x0022,#002121
82,16,0,39,39,#002727,0x3022,#002929
82,17,0,47,47,#002f2f,0x0033,#003131
82,18,0,55,55,#003737,0x3033,#003a3a
82,19,0,63,63,#003f3f,0x0044,#004242
83,0,0,0,237,#0000ed,0x100e,#0000ef
83,1,0,0,220,#0000dc,0x100d,#0000de
83,2,0,0,203,#0000cb,0x100c,#0000ce
83,3,0,0,186,#0000ba,0x100b,#0000bd
83,4,0,0,169,#0000a9,0x100a,#0000ad
83,5,0,0,152,#000098,0x0009,#000094
83,6,0,0,135,#000087,0x0008,#000084
83,7,0,0,118,#000076,0x0007,#000073
83,8,0,0,101,#000065,0x0006,#000063
83,9,0,0,84,#000054,0x0005,#000052
83,10,0,0,67,#000043,0x0004,#000042
83,11,0,0,50,#000032,0x0003,#000031
83,12,0,0,33,#000021,0x0002,#000021
83,13,0,23,23,#001717,0x3011,#001919
83,14,0,31,31,#001f1f,0x0022,#002121
83,15,0,39,39,#002727,0x3022,#002929
83,16,0,47,47,#002f2f,0x0033,#003131
83,17,0,55,55,#003737,0x3033,#003a3a
83,18,0,63,63,#003f3f,0x0044,#004242
83,19,0,71,71,#004747,0x3044,#004a4a
84,0,0,0,220,#0000dc,0x100d,#0000de
84,1,0,0,203,#0000cb,0x100c,#0000ce
84,2,0,0,186,#0000ba,0x100b,#0000bd
84,3,0,0,169,#0000a9,0x100a,#0000ad
84,4,0,0,152,#000098,0x0009,#000094
84,5,0,0,135,#000087,0x0008,#000084
84,6,0,0,118,#000076,0x0007,#000073
84,7,0,0,101,#000065,0x0006,#000063
84,8,0,0,84,#000054,0x0005,#000052
84,9,0,0,67,#000043,0x0004,#000042
84,10,0,0,50,#000032,0x0003,#000031
84,11,0,0,33,#000021,0x0002,#000021
84,12,0,23,23,#001717,0x3011,#001919
84,13,0,31,31,#001f1f,0x0022,#002121
84,14,0,39,39,#002727,0x3022,#002929
84,15,0,47,47,#002f2f,0x0033,#003131
84,16,0,55,55,#003737,0x3033,#003a3a
84,17,0,63,63,#003f3f,0x0044,#004242
84,18,0,71,71,#004747,0x3044,#004a4a
84,19,0,79,79,#004f4f,0x0055,#005252
85,0,0,0,203,#0000cb,0x100c,#0000ce
85,1,0,0,186,#0000ba,0x100b,#0000bd
85,2,0,0,169,#0000a9,0x100a,#0000ad
85,3,0,0,152,#000098,0x0009,#000094
85,4,0,0,135,#000087,0x0008,#000084
85,5,0,0,118,#000076,0x0007,#000073
85,6,0,0,101,#000065,0x0006,#000063
85,7,0,0,84,#000054,0x0005,#000052
85,8,0,0,67,#000043,0x0004,#000042
85,9,0,0,50,#000032,0x0003,#000031
85,10,0,0,33,#000021,0x0002,#000021
85,11,0,23,23,#001717,0x3011,#001919
85,12,0,31,31,#001f1f,0x0022,#002121
85,13,0,39,39,#002727,0x3022,#002929
85,14,0,47,47,#002f2f,0x0033,#003131
85,15,0,55,55,#003737,0x3033,#003a3a
85,16,0,63,63,#003f3f,0x0044,#004242
85,17,0,71,71,#004747,0x3044,#004a4a
85,18,0,79,79,#004f4f,0x0055,#005252
85,19,0,86,86,#005656,0x0055,#005252
86,0,0,0,186,#0000ba,0x100b,#0000bd
86,1,0,0,169,#0000a9,0x100a,#0000ad
86,2,0,0,152,#000098,0x0009,#000094
86,3,0,0,135,#000087,0x0008,#000084
86,4,0,0,118,#000076,0x0007,#000073
86,5,0,0,101,#000065,0x0006,#000063
86,6,0,0,84,#000054,0x0005,#000052
86,7,0,0,67,#000043,0x0004,#000042
86,8,0,0,50,#000032,0x0003,#000031
86,9,0,0,33,#000021,0x0002,#000021
86,10,0,23,23,#001717,0x3011,#001919
86,11,0,31,31,#001f1f,0x0022,#002121
86,12,0,39,39,#002727,0x3022,#002929
86,13,0,47,47,#002f2f,0x0033,#003131
86,14,0,55,55,#003737,0x3033,#003a3a
86,15,0,63,63,#003f3f,0x0044,#004242
86,16,0,71,71,#004747,0x3044,#004a4a
86,17,0,79,79,#004f4f,0x0055,#005252
86,18,0,86,86,#005656,0x0055,#005252
86,19,0,94,94,#005e5e,0x3055,#005a5a
87,0,0,0,169,#0000a9,0x100a,#0000ad
87,1,0,0,152,#000098,0x0009,#000094
87,2,0,0,135,#000087,0x0008,#000084
87,3,0,0,118,#000076,0x0007,#000073
87,4,0,0,101,#000065,0x0006,#000063
87,5,0,0,84,#000054,0x0005,#000052
87,6,0,0,67,#000043,0x0004,#000042
87,7,0,0,50,#000032,0x0003,#000031
87,8,0,0,33,#000021,0x0002,#000021
87,9,0,23,23,#001717,0x3011,#001919
87,10,0,31,31,#001f1f,0x0022,#002121
87,11,0,39,39,#002727,0x3022,#002929
87,12,0,47,47,#002f2f,0x0033,#003131
87,13,0,55,55,#003737,0x3033,#003a3a
87,14,0,63,63,#003f3f,0x0044,#004242
87,15,0,71,71,#004747,0x3044,#004a4a
87,16,0,79,79,#004f4f,0x0055,#005252
87,17,0,86,86,#005656,0x0055,#005252
87,18,0,94,94,#005e5e,0x3055,#005a5a
87,19,0,102,102,#006666,0x0066,#006363
88,0,0,0,152,#000098,0x0009,#000094
88,1,0,0,135,#000087,0x0008,#000084
88,2,0,0,118,#000076,0x0007,#000073
88,3,0,0,101,#000065,0x0006,#000063
88,4,0,0,84,#000054,0x0005,#000052
88,5,0,0,67,#000043,0x0004,#000042
88,6,0,0,50,#000032,0x0003,#000031
88,7,0,0,33,#000021,0x0002,#000021
88,8,0,23,23,#001717,0x3011,#001919
88,9,0,31,31,#001f1f,0x0022,#002121
88,10,0,39,39,#002727,0x3022,#002929
88,11,0,47,47,#002f2f,0x0033,#003131
88,12,0,55,55,#003737,0x3033,#003a3a
88,13,0,63,63,#003f3f,0x0044,#004242
88,14,0,71,71,#004747,0x3044,#004a4a
88,15,0,79,79,#004f4f,0x0055,#005252
88,16,0,86,86,#005656,0x0055,#005252
88,17,0,94,94,#005e5e,0x3055,#005a5a
88,18,0,102,102,#006666,0x0066,#006363
88,19,0,110,110,#006e6e,0x3066,#006b6b
89,0,0,0,135,#000087,0x0008,#000084
89,1,0,0,118,#000076,0x0007,#000073
89,2,0,0,101,#000065,0x0006,#000063
89,3,0,0,84,#000054,0x0005,#000052
89,4,0,0,67,#000043,0x0004,#000042
89,5,0,0,50,#000032,0x0003,#000031
89,6,0,0,33,#000021,0x0002,#000021
89,7,0,23,23,#001717,0x3011,#001919
89,8,0,31,31,#001f1f,0x0022,#002121
89,9,0,39,39,#002727,0x3022,#002929
89,10,0,47,47,#002f2f,0x0033,#003131
89,11,0,55,55,#003737,0x3033,#003a3a
89,12,0,63,63,#003f3f,0x0044,#004242
89,13,0,71,71,#004747,0x3044,#004a4a
89,14,0,79,79,#004f4f,0x0055,#005252
89,15,0,86,86,#005656,0x0055,#005252
89,16,0,94,94,#005e5e,0x3055,#005a5a
89,17,0,102,102,#006666,0x0066,#006363
89,18,0,110,110,#006e6e,0x3066,#006b6b
89,19,0,118,118,#007676,0x0077,#007373
90,0,0,0,118,#000076,0x0007,#000073
90,1,0,0,101,#000065,0x0006,#000063
90,2,0,0,84,#000054,0x0005,#000052
90,3,0,0,67,#000043,0x0004,#000042
90,4,0,0,50,#000032,0x0003,#000031
90,5,0,0,33,#000021,0x0002,#000021
90,6,0,23,23,#001717,0x3011,#001919
90,7,0,31,31,#001f1f,0x0022,#002121
90,8,0,39,39,#002727,0x3022,#002929
90,9,0,47,47,#002f2f,0x0033,#003131
90,10,0,55,55,#003737,0x3033,#003a3a
90,11,0,63,63,#003f3f,0x0044,#004242
90,12,0,71,71,#004747,0x3044,#004a4a
90,13,0,79,79,#004f4f,0x0055,#005252
90,14,0,86,86,#005656,0x0055,#005252
90,15,0,94,94,#005e5e,0x3055,#005a5a
90,16,0,102,102,#006666,0x0066,#006363
90,17,0,110,110,#006e6e,0x3066,#006b6b
90,18,0,118,118,#007676,0x0077,#007373
90,19,0,118,118,#007676,0x0077,#007373
91,0,0,0,101,#000065,0x0006,#000063
91,1,0,0,84,#000054,0x0005,#000052
91,2,0,0,67,#000043,0x0004,#000042
91,3,0,0,50,#000032,0x0003,#000031
91,4,0,0,33,#000021,0x0002,#000021
91,5,0,23,23,#001717,0x3011,#001919
91,6,0,31,31,#001f1f,0x0022,#002121
91,7,0,39,39,#002727,0x3022,#002929
91,8,0,47,47,#002f2f,0x0033,#003131
91,9,0,55,55,#003737,0x3033,#003a3a
91,10,0,63,63,#003f3f,0x0044,#004242
91,11,0,71,71,#004747,0x3044,#004a4a
91,12,0,79,79,#004f4f,0x0055,#005252
91,13,0,86,86,#005656,0x0055,#005252
91,14,0,94,94,#005e5e,0x3055,#005a5a
91,15,0,102,102,#006666,0x0066,#006363
91,16,0,110,110,#006e6e,0x3066,#006b6b
91,17,0,118,118,#007676,0x0077,#007373
91,18,0,118,118,#007676,0x0077,#007373
91,19,0,110,110,#006e6e,0x3066,#006b6b
92,0,0,0,84,#000054,0x0005,#000052
92,1,0,0,67,#000043,0x0004,#000042
92,2,0,0,50,#000032,0x0003,#000031
92,3,0,0,33,#000021,0x0002,#000021
92,4,0,23,23,#001717,0x3011,#001919
92,5,0,31,31,#001f1f,0x0022,#002121
92,6,0,39,39,#002727,0x3022,#002929
92,7,0,47,47,#002f2f,0x0033,#003131
92,8,0,55,55,#003737,0x3033,#003a3a
92,9,0,63,63,#003f3f,0x0044,#004242
92,10,0,71,71,#004747,0x3044,#004a4a
92,11,0,79,79,#004f4f,0x0055,#005252
92,12,0,86,86,#005656,0x0055,#005252
92,13,0,94,94,#005e5e,0x3055,#005a5a
92,14,0,102,102,#006666,0x0066,#006363
92,15,0,110,110,#006e6e,0x3066,#006b6b
92,16,0,118,118,#007676,0x0077,#007373
92,17,0,118,118,#007676,0x0077,#007373
92,18,0,110,110,#006e6e,0x3066,#006b6b
92,19,0,102,102,#006666,0x0066,#006363
93,0,0,0,67,#000043,0x0004,#000042
93,1,0,0,50,#000032,0x0003,#000031
93,2,0,0,33,#000021,0x0002,#000021
93,3,0,23,23,#001717,0x3011,#001919
93,4,0,31,31,#001f1f,0x0022,#002121
93,5,0,39,39,#002727,0x3022,#002929
93,6,0,47,47,#002f2f,0x0033,#003131
93,7,0,55,55,#003737,0x3033,#003a3a
93,8,0,63,63,#003f3f,0x0044,#004242
93,9,0,71,71,#004747,0x3044,#004a4a
93,10,0,79,79,#004f4f,0x0055,#005252
93,11,0,86,86,#005656,0x0055,#005252
93,12,0,94,94,#005e5e,0x3055,#005a5a
93,13,0,102,102,#006666,0x0066,#006363
93,14,0,110,110,#006e6e,0x3066,#006b6b
93,15,0,118,118,#007676,0x0077,#007373
93,16,0,118,118,#007676,0x0077,#007373
93,17,0,110,110,#006e6e,0x3066,#006b6b
93,18,0,102,102,#006666,0x0066,#006363
93,19,0,94,94,#005e5e,0x3055,#005a5a
94,0,0,0,50,#000032,0x0003,#000031
94,1,0,0,33,#000021,0x0002,#000021
94,2,0,23,23,#001717,0x3011,#001919
94,3,0,31,31,#001f1f,0x0022,#002121
94,4,0,39,39,#002727,0x3022,#002929
94,5,0,47,47,#002f2f,0x0033,#003131
94,6,0,55,55,#003737,0x3033,#003a3a
94,7,0,63,63,#003f3f,0x0044,#004242
94,8,0,71,71,#004747,0x3044,#004a4a
94,9,0,79,79,#004f4f,0x0055,#005252
94,10,0,86,86,#005656,0x0055,#005252
94,11,0,94,94,#005e5e,0x3055,#005a5a
94,12,0,102,102,#006666,0x0066,#006363
94,13,0,110,110,#006e6e,0x3066,#006b6b
94,14,0,118,118,#007676,0x0077,#007373
94,15,0,118,118,#007676,0x0077,#007373
94,16,0,110,110,#006e6e,0x3066,#006b6b
94,17,0,102,102,#006666,0x0066,#006363
94,18,0,94,94,#005e5e,0x3055,#005a5a
94,19,0,86,86,#005656,0x0055,#005252
95,0,0,0,33,#000021,0x0002,#000021
95,1,0,23,23,#001717,0x3011,#001919
95,2,0,31,31,#001f1f,0x0022,#002121
95,3,0,39,39,#002727,0x3022,#002929
95,4,0,47,47,#002f2f,0x0033,#003131
95,5,0,55,55,#003737,0x3033,#003a3a
95,6,0,63,63,#003f3f,0x0044,#004242
95,7,0,71,71,#004747,0x3044,#004a4a
95,8,0,79,79,#004f4f,0x0055,#005252
95,9,0,86,86,#005656,0x0055,#005252
95,10,0,94,94,#005e5e,0x3055,#005a5a
95,11,0,102,102,#006666,0x0066,#006363
95,12,0,110,110,#006e6e,0x3066,#006b6b
95,13,0,118,118,#007676,0x0077,#007373
95,14,0,118,118,#007676,0x0077,#007373
95,15,0,110,110,#006e6e,0x3066,#006b6b
95,16,0,102,102,#006666,0x0066,#006363
95,17,0,94,94,#005e5e,0x3055,#005a5a
95,18,0,86,86,#005656,0x0055,#005252
95,19,0,79,79,#004f4f,0x0055,#005252
96,0,0,23,23,#001717,0x3011,#001919
96,1,0,31,31,#001f1f,0x0022,#002121
96,2,0,39,39,#002727,0x3022,#002929
96,3,0,47,47,#002f2f,0x0033,#003131
96,4,0,55,55,#003737,0x3033,#003a3a
96,5,0,63,63,#003f3f,0x0044,#004242
96,6,0,71,71,#004747,0x3044,#004a4a
96,7,0,79,79,#004f4f,0x0055,#005252
96,8,0,86,86,#005656,0x0055,#005252
96,9,0,94,94,#005e5e,0x3055,#005a5a
96,10,0,102,102,#006666,0x0066,#006363
96,11,0,110,110,#006e6e,0x3066,#006b6b
96,12,0,118,118,#007676,0x0077,#007373
96,13,0,118,118,#007676,0x0077,#007373
96,14,0,110,110,#006e6e,0x3066,#006b6b
96,15,0,102,102,#006666,0x0066,#006363
96,16,0,94,94,#005e5e,0x3055,#005a5a
96,17,0,86,86,#005656,0x0055,#005252
96,18,0,79,79,#004f4f,0x0055,#005252
96,19,0,71,71,#004747,0x3044,#004a4a
97,0,0,31,31,#001f1f,0x0022,#002121
97,1,0,39,39,#002727,0x3022,#002929
97,2,0,47,47,#002f2f,0x0033,#003131
97,3,0,55,55,#003737,0x3033,#003a3a
97,4,0,63,63,#003f3f,0x0044,#004242
97,5,0,71,71,#004747,0x3044,#004a4a
97,6,0,79,79,#004f4f,0x0055,#005252
97,7,0,86,86,#005656,0x0055,#005252
97,8,0,94,94,#005e5e,0x3055,#005a5a
97,9,0,102,102,#006666,0x0066,#006363
97,10,0,110,110,#006e6e,0x3066,#006b6b
97,11,0,118,118,#007676,0x0077,#007373
97,12,0,118,118,#007676,0x0077,#007373
97,13,0,110,110,#006e6e,0x3066,#006b6b
97,14,0,102,102,#006666,0x0066,#006363
97,15,0,94,94,#005e5e,0x3055,#005a5a
97,16,0,86,86,#005656,0x0055,#005252
97,17,0,79,79,#004f4f,0x0055,#005252
97,18,0,71,71,#004747,0x3044,#004a4a
97,19,0,63,63,#003f3f,0x0044,#004242
98,0,0,39,39,#002727,0x3022,#002929
98,1,0,47,47,#002f2f,0x0033,#003131
98,2,0,55,55,#003737,0x3033,#003a3a
98,3,0,63,63,#003f3f,0x0044,#004242
98,4,0,71,71,#004747,0x3044,#004a4a
98,5,0,79,79,#004f4f,0x0055,#005252
98,6,0,86,86,#005656,0x0055,#005252
98,7,0,94,94,#005e5e,0x3055,#005a5a
98,8,0,102,102,#006666,0x0066,#006363
98,9,0,110,110,#006e6e,0x3066,#006b6b
98,10,0,118,118,#007676,0x0077,#007373
98,11,0,118,118,#007676,0x0077,#007373
98,12,0,110,110,#006e6e,0x3066,#006b6b
98,13,0,102,102,#006666,0x0066,#006363
98,14,0,94,94,#005e5e,0x3055,#005a5a
98,15,0,86,86,#005656,0x0055,#005252
98,16,0,79,79,#004f4f,0x0055,#005252
98,17,0,71,71,#004747,0x3044,#004a4a
98,18,0,63,63,#003f3f,0x0044,#004242
98,19,0,55,55,#003737,0x3033,#003a3a
99,0,0,47,47,#002f2f,0x0033,#003131
99,1,0,55,55,#003737,0x3033,#003a3a
99,2,0,63,63,#003f3f,0x0044,#004242
99,3,0,71,71,#004747,0x3044,#004a4a
99,4,0,79,79,#004f4f,0x0055,#005252
99,5,0,86,86,#005656,0x0055,#005252
99,6,0,94,94,#005e5e,0x3055,#005a5a
99,7,0,102,102,#006666,0x0066,#006363
99,8,0,110,110,#006e6e,0x3066,#006b6b
99,9,0,118,118,#007676,0x0077,#007373
99,10,0,118,118,#007676,0x0077,#007373
99,11,0,110,110,#006e6e,0x3066,#006b6b
99,12,0,102,102,#006666,0x0066,#006363
99,13,0,94,94,#005e5e,0x3055,#005a5a
99,14,0,86,86,#005656,0x0055,#005252
99,15,0,79,79,#004f4f,0x0055,#005252
99,16,0,71,71,#004747,0x3044,#004a4a
99,17,0,63,63,#003f3f,0x0044,#004242
99,18,0,55,55,#003737,0x3033,#003a3a
99,19,0,47,47,#002f2f,0x0033,#003131
100,0,0,55,55,#003737,0x3033,#003a3a
100,1,0,63,63,#003f3f,0x0044,#004242
100,2,0,71,71,#004747,0x3044,#004a4a
100,3,0,79,79,#004f4f,0x0055,#005252
100,4,0,86,86,#005656,0x0055,#005252
100,5,0,94,94,#005e5e,0x3055,#005a5a
100,6,0,102,102,#006666,0x0066,#006363
100,7,0,110,110,#006e6e,0x3066,#006b6b
100,8,0,118,118,#007676,0x0077,#007373
100,9,0,118,118,#007676,0x0077,#007373
100,10,0,110,110,#006e6e,0x3066,#006b6b
100,11,0,102,102,#006666,0x0066,#006363
100,12,0,94,94,#005e5e,0x3055,#005a5a
100,13,0,86,86,#005656,0x0055,#005252
100,14,0,79,79,#004f4f,0x0055,#005252
100,15,0,71,71,#004747,0x3044,#004a4a
100,16,0,63,63,#003f3f,0x0044,#004242
100,17,0,55,55,#003737,0x3033,#003a3a
100,18,0,47,47,#002f2f,0x0033,#003131
100,19,0,39,39,#002727,0x3022,#002929
101,0,0,63,63,#003f3f,0x0044,#004242
101,1,0,71,71,#004747,0x3044,#004a4a
101,2,0,79,79,#004f4f,0x0055,#005252
101,3,0,86,86,#005656,0x0055,#005252
101,4,0,94,94,#005e5e,0x3055,#005a5a
101,5,0,102,102,#006666,0x0066,#006363
101,6,0,110,110,#006e6e,0x3066,#006b6b
101,7,0,118,118,#007676,0x0077,#007373
101,8,0,118,118,#007676,0x0077,#007373
101,9,0,110,110,#006e6e,0x3066,#006b6b
101,10,0,102,102,#006666,0x0066,#006363
101,11,0,94,94,#005e5e,0x3055,#005a5a
101,12,0,86,86,#005656,0x0055,#005252
101,13,0,79,79,#004f4f,0x0055,#005252
101,14,0,71,71,#004747,0x3044,#004a4a
101,15,0,63,63,#003f3f,0x0044,#004242
101,16,0,55,55,#003737,0x3033,#003a3a
101,17,0,47,47,#002f2f,0x0033,#003131
101,18,0,39,39,#002727,0x3022,#002929
101,19,0,31,31,#001f1f,0x0022,#002121
102,0,0,71,71,#004747,0x3044,#004a4a
102,1,0,79,79,#004f4f,0x0055,#005252
102,2,0,86,86,#005656,0x0055,#005252
102,3,0,94,94,#005e5e,0x3055,#005a5a
102,4,0,102,102,#006666,0x0066,#006363
102,5,0,110,110,#006e6e,0x3066,#006b6b
102,6,0,118,118,#007676,0x0077,#007373
102,7,0,118,118,#007676,0x0077,#007373
102,8,0,110,110,#006e6e,0x3066,#006b6b
102,9,0,102,102,#006666,0x0066,#006363
102,10,0,94,94,#005e5e,0x3055,#005a5a
102,11,0,86,86,#005656,0x0055,#005252
102,12,0,79,79,#004f4f,0x0055,#005252
102,13,0,71,71,#004747,0x3044,#004a4a
102,14,0,63,63,#003f3f,0x0044,#004242
102,15,0,55,55,#003737,0x3033,#003a3a
102,16,0,47,47,#002f2f,0x0033,#003131
102,17,0,39,39,#002727,0x3022,#002929
102,18,0,31,31,#001f1f,0x0022,#002121
102,19,0,23,23,#001717,0x3011,#001919
103,0,0,79,79,#004f4f,0x0055,#005252
103,1,0,86,86,#005656,0x0055,#005252
103,2,0,94,94,#005e5e,0x3055,#005a5a
103,3,0,102,102,#006666,0x0066,#006363
103,4,0,110,110,#006e6e,0x3066,#006b6b
103,5,0,118,118,#007676,0x0077,#007373
103,6,0,118,118,#007676,0x0077,#007373
103,7,0,110,110,#006e6e,0x3066,#006b6b
103,8,0,102,102,#006666,0x0066,#006363
103,9,0,94,94,#005e5e,0x3055,#005a5a
103,10,0,86,86,#005656,0x0055,#005252
103,11,0,79,79,#004f4f,0x0055,#005252
103,12,0,71,71,#004747,0x3044,#004a4a
103,13,0,63,63,#003f3f,0x0044,#004242
103,14,0,55,55,#003737,0x3033,#003a3a
103,15,0,47,47,#002f2f,0x0033,#003131
103,16,0,39,39,#002727,0x3022,#002929
103,17,0,31,31,#001f1f,0x0022,#002121
103,18,0,23,23,#001717,0x3011,#001919
103,19,0,15,15,#000f0f,0x0011,#001010
104,0,0,86,86,#005656,0x0055,#005252
104,1,0,94,94,#005e5e,0x3055,#005a5a
104,2,0,102,102,#006666,0x0066,#006363
104,3,0,110,110,#006e6e,0x3066,#006b6b
104,4,0,118,118,#007676,0x0077,#007373
104,5,0,118,118,#007676,0x0077,#007373
104,6,0,110,110,#006e6e,0x3066,#006b6b
104,7,0,102,102,#006666,0x0066,#006363
104,8,0,94,94,#005e5e,0x3055,#005a5a
104,9,0,86,86,#005656,0x0055,#005252
104,10,0,79,79,#004f4f,0x0055,#005252
104,11,0,71,71,#004747,0x3044,#004a4a
104,12,0,63,63,#003f3f,0x0044,#004242
104,13,0,55,55,#003737,0x3033,#003a3a
104,14,0,47,47,#002f2f,0x0033,#003131
104,15,0,39,39,#002727,0x3022,#002929
104,16,0,31,31,#001f1f,0x0022,#002121
104,17,0,23,23,#001717,0x3011,#001919
104,18,0,15,15,#000f0f,0x0011,#001010
104,19,0,50,0,#003200,0x0030,#003100
105,0,0,94,94,#005e5e,0x3055,#005a5a
105,1,0,102,102,#006666,0x0066,#006363
105,2,0,110,110,#006e6e,0x3066,#006b6b
105,3,0,118,118,#007676,0x0077,#007373
105,4,0,118,118,#007676,0x0077,#007373
105,5,0,110,110,#006e6e,0x3066,#006b6b
105,6,0,102,102,#006666,0x0066,#006363
105,7,0,94,94,#005e5e,0x3055,#005a5a
105,8,0,86,86,#005656,0x0055,#005252
105,9,0,79,79,#004f4f,0x0055,#005252
105,10,0,71,71,#004747,0x3044,#004a4a
105,11,0,63,63,#003f3f,0x0044,#004242
105,12,0,55,55,#003737,0x3033,#003a3a
105,13,0,47,47,#002f2f,0x0033,#003131
105,14,0,39,39,#002727,0x3022,#002929
105,15,0,31,31,#001f1f,0x0022,#002121
105,16,0,23,23,#001717,0x3011,#001919
105,17,0,15,15,#000f0f,0x0011,#001010
105,18,0,50,0,#003200,0x0030,#003100
105,19,0,67,0,#004300,0x0040,#004200
106,0,0,102,102,#006666,0x0066,#006363
106,1,0,110,110,#006e6e,0x3066,#006b6b
106,2,0,118,118,#007676,0x0077,#007373
106,3,0,118,118,#007676,0x0077,#007373
106,4,0,110,110,#006e6e,0x3066,#006b6b
106,5,0,102,102,#006666,0x0066,#006363
106,6,0,94,94,#005e5e,0x3055,#005a5a
106,7,0,86,86,#005656,0x0055,#005252
106,8,0,79,79,#004f4f,0x0055,#005252
106,9,0,71,71,#004747,0x3044,#004a4a
106,10,0,63,63,#003f3f,0x0044,#004242
106,11,0,55,55,#003737,0x3033,#003a3a
106,12,0,47,47,#002f2f,0x0033,#003131
106,13,0,39,39,#002727,0x3022,#002929
106,14,0,31,31,#001f1f,0x0022,#002121
106,15,0,23,23,#001717,0x3011,#001919
106,16,0,15,15,#000f0f,0x0011,#001010
106,17,0,50,0,#003200,0x0030,#003100
106,18,0,67,0,#004300,0x0040,#004200
106,19,0,84,0,#005400,0x0050,#005200
107,0,0,110,110,#006e6e,0x3066,#006b6b
107,1,0,118,118,#007676,0x0077,#007373
107,2,0,118,118,#007676,0x0077,#007373
107,3,0,110,110,#006e6e,0x3066,#006b6b
107,4,0,102,102,#006666,0x0066,#006363
107,5,0,94,94,#005e5e,0x3055,#005a5a
107,6,0,86,86,#005656,0x0055,#005252
107,7,0,79,79,#004f4f,0x0055,#005252
107,8,0,71,71,#004747,0x3044,#004a4a
107,9,0,63,63,#003f3f,0x0044,#004242
107,10,0,55,55,#003737,0x3033,#003a3a
107,11,0,47,47,#002f2f,0x0033,#003131
107,12,0,39,39,#002727,0x3022,#002929
107,13,0,31,31,#001f1f,0x0022,#002121
107,14,0,23,23,#001717,0x3011,#001919
107,15,0,15,15,#000f0f,0x0011,#001010
107,16,0,50,0,#003200,0x0030,#003100
107,17,0,67,0,#004300,0x0040,#004200
107,18,0,84,0,#005400,0x0050,#005200
107,19,0,101,0,#006500,0x0060,#006300
108,0,0,118,118,#007676,0x0077,#007373
108,1,0,118,118,#007676,0x0077,#007373
108,2,0,110,110,#006e6e,0x3066,#006b6b
108,3,0,102,102,#006666,0x0066,#006363
108,4,0,94,94,#005e5e,0x3055,#005a5a
108,5,0,86,86,#005656,0x0055,#005252
108,6,0,79,79,#004f4f,0x0055,#005252
108,7,0,71,71,#004747,0x3044,#004a4a
108,8,0,63,63,#003f3f,0x0044,#004242
108,9,0,55,55,#003737,0x3033,#003a3a
108,10,0,47,47,#002f2f,0x0033,#003131
108,11,0,39,39,#002727,0x3022,#002929
108,12,0,31,31,#001f1f,0x0022,#002121
108,13,0,23,23,#001717,0x3011,#001919
108,14,0,15,15,#000f0f,0x0011,#001010
108,15,0,50,0,#003200,0x0030,#003100
108,16,0,67,0,#004300,0x0040,#004200
108,17,0,84,0,#005400,0x0050,#005200
108,18,0,101,0,#006500,0x0060,#006300
108,19,0,118,0,#007600,0x0070,#007300
109,0,0,118,118,#007676,0x0077,#007373
109,1,0,110,110,#006e6e,0x3066,#006b6b
109,2,0,102,102,#006666,0x0066,#006363
109,3,0,94,94,#005e5e,0x3055,#005a5a
109,4,0,86,86,#005656,0x0055,#005252
109,5,0,79,79,#004f4f,0x0055,#005252
109,6,0,71,71,#004747,0x3044,#004a4a
109,7,0,63,63,#003f3f,0x0044,#004242
109,8,0,55,55,#003737,0x3033,#003a3a
109,9,0,47,47,#002f2f,0x0033,#003131
109,10,0,39,39,#002727,0x3022,#002929
109,11,0,31,31,#001f1f,0x0022,#002121
109,12,0,23,23,#001717,0x3011,#001919
109,13,0,15,15,#000f0f,0x0011,#001010
109,14,0,50,0,#003200,0x0030,#003100
109,15,0,67,0,#004300,0x0040,#004200
109,16,0,84,0,#005400,0x0050,#005200
109,17,0,101,0,#006500,0x0060,#006300
109,18,0,118,0,#007600,0x0070,#007300
109,19,0,135,0,#008700,0x0080,#008400
110,0,0,110,110,#006e6e,0x3066,#006b6b
110,1,0,102,102,#006666,0x0066,#006363
110,2,0,94,94,#005e5e,0x3055,#005a5a
110,3,0,86,86,#005656,0x0055,#005252
110,4,0,79,79,#004f4f,0x0055,#005252
110,5,0,71,71,#004747,0x3044,#004a4a
110,6,0,63,63,#003f3f,0x0044,#004242
110,7,0,55,55,#003737,0x3033,#003a3a
110,8,0,47,47,#002f2f,0x0033,#003131
110,9,0,39,39,#002727,0x3022,#002929
110,10,0,31,31,#001f1f,0x0022,#002121
110,11,0,23,23,#001717,0x3011,#001919
110,12,0,15,15,#000f0f,0x0011,#001010
110,13,0,50,0,#003200,0x0030,#003100
110,14,0,67,0,#004300,0x0040,#004200
110,15,0,84,0,#005400,0x0050,#005200
110,16,0,101,0,#006500,0x0060,#006300
110,17,0,118,0,#007600,0x0070,#007300
110,18,0,135,0,#008700,0x0080,#008400
110,19,0,152,0,#009800,0x0090,#009400
111,0,0,102,102,#006666,0x0066,#006363
111,1,0,94,94,#005e5e,0x3055,#005a5a
111,2,0,86,86,#005656,0x0055,#005252
111,3,0,79,79,#004f4f,0x0055,#005252
111,4,0,71,71,#004747,0x3044,#004a4a
111,5,0,63,63,#003f3f,0x0044,#004242
111,6,0,55,55,#003737,0x3033,#003a3a
111,7,0,47,47,#002f2f,0x0033,#003131
111,8,0,39,39,#002727,0x3022,#002929
111,9,0,31,31,#001f1f,0x0022,#002121
111,10,0,23,23,#001717,0x3011,#001919
111,11,0,15,15,#000f0f,0x0011,#001010
111,12,0,50,0,#003200,0x0030,#003100
111,13,0,67,0,#004300,0x0040,#004200
111,14,0,84,0,#005400,0x0050,#005200
111,15,0,101,0,#006500,0x0060,#006300
111,16,0,118,0,#007600,0x0070,#007300
111,17,0,135,0,#008700,0x0080,#008400
111,18,0,152,0,#009800,0x0090,#009400
111,19,0,169,0,#00a900,0x20a0,#00ad00
112,0,0,94,94,#005e5e,0x3055,#005a5a
112,1,0,86,86,#005656,0x0055,#005252
112,2,0,79,79,#004f4f,0x0055,#005252
112,3,0,71,71,#004747,0x3044,#004a4a
112,4,0,63,63,#003f3f,0x0044,#004242
112,5,0,55,55,#003737,0x3033,#003a3a
112,6,0,47,47,#002f2f,0x0033,#003131
112,7,0,39,39,#002727,0x3022,#002929
112,8,0,31,31,#001f1f,0x0022,#002121
112,9,0,23,23,#001717,0x3011,#001919
112,10,0,15,15,#000f0f,0x0011,#001010
112,11,0,50,0,#003200,0x0030,#003100
112,12,0,67,0,#004300,0x0040,#004200
112,13,0,84,0,#005400,0x0050,#005200
112,14,0,101,0,#006500,0x0060,#006300
112,15,0,118,0,#007600,0x0070,#007300
112,16,0,135,0,#008700,0x0080,#008400
112,17,0,152,0,#009800,0x0090,#009400
112,18,0,169,0,#00a900,0x20a0,#00ad00
112,19,0,186,0,#00ba00,0x20b0,#00bd00
113,0,0,86,86,#005656,0x0055,#005252
113,1,0,79,79,#004f4f,0x0055,#005252
113,2,0,71,71,#004747,0x3044,#004a4a
113,3,0,63,63,#003f3f,0x0044,#004242
113,4,0,55,55,#003737,0x3033,#003a3a
113,5,0,47,47,#002f2f,0x0033,#003131
113,6,0,39,39,#002727,0x3022,#002929
113,7,0,31,31,#001f1f,0x0022,#002121
113,8,0,23,23,#001717,0x3011,#001919
113,9,0,15,15,#000f0f,0x0011,#001010
113,10,0,50,0,#003200,0x0030,#003100
113,11,0,67,0,#004300,0x0040,#004200
113,12,0,84,0,#005400,0x0050,#005200
113,13,0,101,0,#006500,0x0060,#006300
113,14,0,118,0,#007600,0x0070,#007300
113,15,0,135,0,#008700,0x0080,#008400
113,16,0,152,0,#009800,0x0090,#009400
113,17,0,169,0,#00a900,0x20a0,#00ad00
113,18,0,186,0,#00ba00,0x20b0,#00bd00
113,19,0,203,0,#00cb00,0x20c0,#00ce00
114,0,0,79,79,#004f4f,0x0055,#005252
114,1,0,71,71,#004747,0x3044,#004a4a
114,2,0,63,63,#003f3f,0x0044,#004242
114,3,0,55,55,#003737,0x3033,#003a3a
114,4,0,47,47,#002f2f,0x0033,#003131
114,5,0,39,39,#002727,0x3022,#002929
114,6,0,31,31,#001f1f,0x0022,#002121
114,7,0,23,23,#001717,0x3011,#001919
114,8,0,15,15,#000f0f,0x0011,#001010
114,9,0,50,0,#003200,0x0030,#003100
114,10,0,67,0,#004300,0x0040,#004200
114,11,0,84,0,#005400,0x0050,#005200
114,12,0,101,0,#006500,0x0060,#006300
114,13,0,118,0,#007600,0x0070,#007300
114,14,0,135,0,#008700,0x0080,#008400
114,15,0,152,0,#009800,0x0090,#009400
114,16,0,169,0,#00a900,0x20a0,#00ad00
114,17,0,186,0,#00ba00,0x20b0,#00bd00
114,18,0,203,0,#00cb00,0x20c0,#00ce00
114,19,0,220,0,#00dc00,0x20d0,#00de00
115,0,0,71,71,#004747,0x3044,#004a4a
115,1,0,63,63,#003f3f,0x0044,#004242
115,2,0,55,55,#003737,0x3033,#003a3a
115,3,0,47,47,#002f2f,0x0033,#003131
115,4,0,39,39,#002727,0x3022,#002929
115,5,0,31,31,#001f1f,0x0022,#002121
115,6,0,23,23,#001717,0x3011,#001919
115,7,0,15,15,#000f0f,0x0011,#001010
115,8,0,50,0,#003200,0x0030,#003100
115,9,0,67,0,#004300,0x0040,#004200
115,10,0,84,0,#005400,0x0050,#005200
115,11,0,101,0,#006500,0x0060,#006300
115,12,0,118,0,#007600,0x0070,#007300
115,13,0,135,0,#008700,0x0080,#008400
115,14,0,152,0,#009800,0x0090,#009400
115,15,0,169,0,#00a900,0x20a0,#00ad00
115,16,0,186,0,#00ba00,0x20b0,#00bd00
115,17,0,203,0,#00cb00,0x20c0,#00ce00
115,18,0,220,0,#00dc00,0x20d0,#00de00
115,19,0,237,0,#00ed00,0x20e0,#00ef00
116,0,0,63,63,#003f3f,0x0044,#004242
116,1,0,55,55,#003737,0x3033,#003a3a
116,2,0,47,47,#002f2f,0x0033,#003131
116,3,0,39,39,#002727,0x3022,#002929
116,4,0,31,31,#001f1f,0x0022,#002121
116,5,0,23,23,#001717,0x3011,#001919
116,6,0,15,15,#000f0f,0x0011,#001010
116,7,0,50,0,#003200,0x0030,#003100
116,8,0,67,0,#004300,0x0040,#004200
116,9,0,84,0,#005400,0x0050,#005200
116,10,0,101,0,#006500,0x0060,#006300
116,11,0,118,0,#007600,0x0070,#007300
116,12,0,135,0,#008700,0x0080,#008400
116,13,0,152,0,#009800,0x0090,#009400
116,14,0,169,0,#00a900,0x20a0,#00ad00
116,15,0,186,0,#00ba00,0x20b0,#00bd00
116,16,0,203,0,#00cb00,0x20c0,#00ce00
116,17,0,220,0,#00dc00,0x20d0,#00de00
116,18,0,237,0,#00ed00,0x20e0,#00ef00
116,19,0,254,0,#00fe00,0x20f0,#00ff00
117,0,0,55,55,#003737,0x3033,#003a3a
117,1,0,47,47,#002f2f,0x0033,#003131
117,2,0,39,39,#002727,0x3022,#002929
117,3,0,31,31,#001f1f,0x0022,#002121
117,4,0,23,23,#001717,0x3011,#001919
117,5,0,15,15,#000f0f,0x0011,#001010
117,6,0,50,0,#003200,0x0030,#003100
117,7,0,67,0,#004300,0x0040,#004200
117,8,0,84,0,#005400,0x0050,#005200
117,9,0,101,0,#006500,0x0060,#006300
117,10,0,118,0,#007600,0x0070,#007300
117,11,0,135,0,#008700,0x0080,#008400
117,12,0,152,0,#009800,0x0090,#009400
117,13,0,169,0,#00a900,0x20a0,#00ad00
117,14,0,186,0,#00ba00,0x20b0,#00bd00
117,15,0,203,0,#00cb00,0x20c0,#00ce00
117,16,0,220,0,#00dc00,0x20d0,#00de00
117,17,0,237,0,#00ed00,0x20e0,#00ef00
117,18,0,254,0,#00fe00,0x20f0,#00ff00
117,19,0,254,0,#00fe00,0x20f0,#00ff00
118,0,0,47,47,#002f2f,0x0033,#003131
118,1,0,39,39,#002727,0x3022,#002929
118,2,0,31,31,#001f1f,0x0022,#002121
118,3,0,23,23,#001717,0x3011,#001919
118,4,0,15,15,#000f0f,0x0011,#001010
118,5,0,50,0,#003200,0x0030,#003100
118,6,0,67,0,#004300,0x0040,#004200
118,7,0,84,0,#005400,0x0050,#005200
118,8,0,101,0,#006500,0x0060,#006300
118,9,0,118,0,#007600,0x0070,#007300
118,10,0,135,0,#008700,0x0080,#008400
118,11,0,152,0,#009800,0x0090,#009400
118,12,0,169,0,#00a900,0x20a0,#00ad00
118,13,0,186,0,#00ba00,0x20b0,#00bd00
118,14,0,203,0,#00cb00,0x20c0,#00ce00
118,15,0,220,0,#00dc00,0x20d0,#00de00
118,16,0,237,0,#00ed00,0x20e0,#00ef00
118,17,0,254,0,#00fe00,0x20f0,#00ff00
118,18,0,254,0,#00fe00,0x20f0,#00ff00
118,19,0,237,0,#00ed00,0x20e0,#00ef00
119,0,0,39,39,#002727,0x3022,#002929
119,1,0,31,31,#001f1f,0x0022,#002121
119,2,0,23,23,#001717,0x3011,#001919
119,3,0,15,15,#000f0f,0x0011,#001010
119,4,0,50,0,#003200,0x0030,#003100
119,5,0,67,0,#004300,0x0040,#004200
119,6,0,84,0,#005400,0x0050,#005200
119,7,0,101,0,#006500,0x0060,#006300
119,8,0,118,0,#007600,0x0070,#007300
119,9,0,135,0,#008700,0x0080,#008400
119,10,0,152,0,#009800,0x0090,#009400
119,11,0,169,0,#00a900,0x20a0,#00ad00
119,12,0,186,0,#00ba00,0x20b0,#00bd00
119,13,0,203,0,#00cb00,0x20c0,#00ce00
119,14,0,220,0,#00dc00,0x20d0,#00de00
119,15,0,237,0,#00ed00,0x20e0,#00ef00
119,16,0,254,0,#00fe00,0x20f0,#00ff00
119,17,0,254,0,#00fe00,0x20f0,#00ff00
119,18,0,237,0,#00ed00,0x20e0,#00ef00
119,19,0,220,0,#00dc00,0x20d0,#00de00
120,0,0,31,31,#001f1f,0x0022,#002121
120,1,0,23,23,#001717,0x3011,#001919
120,2,0,15,15,#000f0f,0x0011,#001010
120,3,0,50,0,#003200,0x0030,#003100
120,4,0,67,0,#004300,0x0040,#004200
120,5,0,84,0,#005400,0x0050,#005200
120,6,0,101,0,#006500,0x0060,#006300
120,7,0,118,0,#007600,0x0070,#007300
120,8,0,135,0,#008700,0x0080,#008400
120,9,0,152,0,#009800,0x0090,#009400
120,10,0,169,0,#00a900,0x20a0,#00ad00
120,11,0,186,0,#00ba00,0x20b0,#00bd00
120,12,0,203,0,#00cb00,0x20c0,#00ce00
120,13,0,220,0,#00dc00,0x20d0,#00de00
120,14,0,237,0,#00ed00,0x20e0,#00ef00
120,15,0,254,0,#00fe00,0x20f0,#00ff00
120,16,0,254,0,#00fe00,0x20f0,#00ff00
120,17,0,237,0,#00ed00,0x20e0,#00ef00
120,18,0,220,0,#00dc00,0x20d0,#00de00
120,19,0,203,0,#00cb00,0x20c0,#00ce00
121,0,0,23,23,#001717,0x3011,#001919
121,1,0,15,15,#000f0f,0x0011,#001010
121,2,0,50,0,#003200,0x0030,#003100
121,3,0,67,0,#004300,0x0040,#004200
121,4,0,84,0,#005400,0x0050,#005200
121,5,0,101,0,#006500,0x0060,#006300
121,6,0,118,0,#007600,0x0070,#007300
121,7,0,135,0,#008700,0x0080,#008400
121,8,0,152,0,#009800,0x0090,#009400
121,9,0,169,0,#00a900,0x20a0,#00ad00
121,10,0,186,0,#00ba00,0x20b0,#00bd00
121,11,0,203,0,#00cb00,0x20c0,#00ce00
121,12,0,220,0,#00dc00,0x20d0,#00de00
121,13,0,237,0,#00ed00,0x20e0,#00ef00
121,14,0,254,0,#00fe00,0x20f0,#00ff00
121,15,0,254,0,#00fe00,0x20f0,#00ff00
121,16,0,237,0,#00ed00,0x20e0,#00ef00
121,17,0,220,0,#00dc00,0x20d0,#00de00
121,18,0,203,0,#00cb00,0x20c0,#00ce00
121,19,0,186,0,#00ba00,0x20b0,#00bd00
122,0,0,15,15,#000f0f,0x0011,#001010
122,1,0,50,0,#003200,0x0030,#003100
122,2,0,67,0,#004300,0x0040,#004200
122,3,0,84,0,#005400,0x0050,#005200
122,4,0,101,0,#006500,0x0060,#006300
122,5,0,118,0,#007600,0x0070,#007300
122,6,0,135,0,#008700,0x0080,#008400
122,7,0,152,0,#009800,0x0090,#009400
122,8,0,169,0,#00a900,0x20a0,#00ad00
122,9,0,186,0,#00ba00,0x20b0,#00bd00
122,10,0,203,0,#00cb00,0x20c0,#00ce00
122,11,0,220,0,#00dc00,0x20d0,#00de00
122,12,0,237,0,#00ed00,0x20e0,#00ef00
122,13,0,254,0,#00fe00,0x20f0,#00ff00
122,14,0,254,0,#00fe00,0x20f0,#00ff00
122,15,0,237,0,#00ed00,0x20e0,#00ef00
122,16,0,220,0,#00dc00,0x20d0,#00de00
122,17,0,203,0,#00cb00,0x20c0,#00ce00
122,18,0,186,0,#00ba00,0x20b0,#00bd00
122,19,0,169,0,#00a900,0x20a0,#00ad00
123,0,0,50,0,#003200,0x0030,#003100
123,1,0,67,0,#004300,0x0040,#004200
123,2,0,84,0,#005400,0x0050,#005200
123,3,0,101,0,#006500,0x0060,#006300
123,4,0,118,0,#007600,0x0070,#007300
123,5,0,135,0,#008700,0x0080,#008400
123,6,0,152,0,#009800,0x0090,#009400
123,7,0,169,0,#00a900,0x20a0,#00ad00
123,8,0,186,0,#00ba00,0x20b0,#00bd00
123,9,0,203,0,#00cb00,0x20c0,#00ce00
123,10,0,220,0,#00dc00,0x20d0,#00de00
123,11,0,237,0,#00ed00,0x20e0,#00ef00
123,12,0,254,0,#00fe00,0x20f0,#00ff00
123,13,0,254,0,#00fe00,0x20f0,#00ff00
123,14,0,237,0,#00ed00,0x20e0,#00ef00
123,15,0,220,0,#00dc00,0x20d0,#00de00
123,16,0,203,0,#00cb00,0x20c0,#00ce00
123,17,0,186,0,#00ba00,0x20b0,#00bd00
123,18,0,169,0,#00a900,0x20a0,#00ad00
123,19,0,152,0,#009800,0x0090,#009400
124,0,0,67,0,#004300,0x0040,#004200
124,1,0,84,0,#005400,0x0050,#005200
124,2,0,101,0,#006500,0x0060,#006300
124,3,0,118,0,#007600,0x0070,#007300
124,4,0,135,0,#008700,0x0080,#008400
124,5,0,152,0,#009800,0x0090,#009400
124,6,0,169,0,#00a900,0x20a0,#00ad00
124,7,0,186,0,#00ba00,0x20b0,#00bd00
124,8,0,203,0,#00cb00,0x20c0,#00ce00
124,9,0,220,0,#00dc00,0x20d0,#00de00
124,10,0,237,0,#00ed00,0x20e0,#00ef00
124,11,0,254,0,#00fe00,0x20f0,#00ff00
124,12,0,254,0,#00fe00,0x20f0,#00ff00
124,13,0,237,0,#00ed00,0x20e0,#00ef00
124,14,0,220,0,#00dc00,0x20d0,#00de00
124,15,0,203,0,#00cb00,0x20c0,#00ce00
124,16,0,186,0,#00ba00,0x20b0,#00bd00
124,17,0,169,0,#00a900,0x20a0,#00ad00
124,18,0,152,0,#009800,0x0090,#009400
124,19,0,135,0,#008700,0x0080,#008400
125,0,0,84,0,#005400,0x0050,#005200
125,1,0,101,0,#006500,0x0060,#006300
125,2,0,118,0,#007600,0x0070,#007300
125,3,0,135,0,#008700,0x0080,#008400
125,4,0,152,0,#009800,0x0090,#009400
125,5,0,169,0,#00a900,0x20a0,#00ad00
125,6,0,186,0,#00ba00,0x20b0,#00bd00
125,7,0,203,0,#00cb00,0x20c0,#00ce00
125,8,0,220,0,#00dc00,0x20d0,#00de00
125,9,0,237,0,#00ed00,0x20e0,#00ef00
125,10,0,254,0,#00fe00,0x20f0,#00ff00
125,11,0,254,0,#00fe00,0x20f0,#00ff00
125,12,0,237,0,#00ed00,0x20e0,#00ef00
125,13,0,220,0,#00dc00,0x20d0,#00de00
125,14,0,203,0,#00cb00,0x20c0,#00ce00
125,15,0,186,0,#00ba00,0x20b0,#00bd00
125,16,0,169,0,#00a900,0x20a0,#00ad00
125,17,0,152,0,#009800,0x0090,#009400
125,18,0,135,0,#008700,0x0080,#008400
125,19,0,118,0,#007600,0x0070,#007300
126,0,0,101,0,#006500,0x0060,#006300
126,1,0,118,0,#007600,0x0070,#007300
126,2,0,135,0,#008700,0x0080,#008400
126,3,0,152,0,#009800,0x0090,#009400
126,4,0,169,0,#00a900,0x20a0,#00ad00
126,5,0,186,0,#00ba00,0x20b0,#00bd00
126,6,0,203,0,#00cb00,0x20c0,#00ce00
126,7,0,220,0,#00dc00,0x20d0,#00de00
126,8,0,237,0,#00ed00,0x20e0,#00ef00
126,9,0,254,0,#00fe00,0x20f0,#00ff00
126,10,0,254,0,#00fe00,0x20f0,#00ff00
126,11,0,237,0,#00ed00,0x20e0,#00ef00
126,12,0,220,0,#00dc00,0x20d0,#00de00
126,13,0,203,0,#00cb00,0x20c0,#00ce00
126,14,0,186,0,#00ba00,0x20b0,#00bd00
126,15,0,169,0,#00a900,0x20a0,#00ad00
126,16,0,152,0,#009800,0x0090,#009400
126,17,0,135,0,#008700,0x0080,#008400
126,18,0,118,0,#007600,0x0070,#007300
126,19,0,101,0,#006500,0x0060,#006300
127,0,0,118,0,#007600,0x0070,#007300
127,1,0,135,0,#008700,0x0080,#008400
127,2,0,152,0,#009800,0x0090,#009400
127,3,0,169,0,#00a900,0x20a0,#00ad00
127,4,0,186,0,#00ba00,0x20b0,#00bd00
127,5,0,203,0,#00cb00,0x20c0,#00ce00
127,6,0,220,0,#00dc00,0x20d0,#00de00
127,7,0,237,0,#00ed00,0x20e0,#00ef00
127,8,0,254,0,#00fe00,0x20f0,#00ff00
127,9,0,254,0,#00fe00,0x20f0,#00ff00
127,10,0,237,0,#00ed00,0x20e0,#00ef00
127,11,0,220,0,#00dc00,0x20d0,#00de00
127,12,0,203,0,#00cb00,0x20c0,#00ce00
127,13,0,186,0,#00ba00,0x20b0,#00bd00
127,14,0,169,0,#00a900,0x20a0,#00ad00
127,15,0,152,0,#009800,0x0090,#009400
127,16,0,135,0,#008700,0x0080,#008400
127,17,0,118,0,#007600,0x0070,#007300
127,18,0,101,0,#006500,0x0060,#006300
127,19,0,84,0,#005400,0x0050,#005200
128,0,0,135,0,#008700,0x0080,#008400
128,1,0,152,0,#009800,0x0090,#009400
128,2,0,169,0,#00a900,0x20a0,#00ad00
128,3,0,186,0,#00ba00,0x20b0,#00bd00
128,4,0,203,0,#00cb00,0x20c0,#00ce00
128,5,0,220,0,#00dc00,0x20d0,#00de00
128,6,0,237,0,#00ed00,0x20e0,#00ef00
128,7,0,254,0,#00fe00,0x20f0,#00ff00
128,8,0,254,0,#00fe00,0x20f0,#00ff00
128,9,0,237,0,#00ed00,0x20e0,#00ef00
128,10,0,220,0,#00dc00,0x20d0,#00de00
128,11,0,203,0,#00cb00,0x20c0,#00ce00
128,12,0,186,0,#00ba00,0x20b0,#00bd00
128,13,0,169,0,#00a900,0x20a0,#00ad00
128,14,0,152,0,#009800,0x0090,#009400
128,15,0,135,0,#008700,0x0080,#008400
128,16,0,118,0,#007600,0x0070,#007300
128,17,0,101,0,#006500,0x0060,#006300
128,18,0,84,0,#005400,0x0050,#005200
128,19,0,67,0,#004300,0x0040,#004200
129,0,0,152,0,#009800,0x0090,#009400
129,1,0,169,0,#00a900,0x20a0,#00ad00
129,2,0,186,0,#00ba00,0x20b0,#00bd00
129,3,0,203,0,#00cb00,0x20c0,#00ce00
129,4,0,220,0,#00dc00,0x20d0,#00de00
129,5,0,237,0,#00ed00,0x20e0,#00ef00
129,6,0,254,0,#00fe00,0x20f0,#00ff00
129,7,0,254,0,#00fe00,0x20f0,#00ff00
129,8,0,237,0,#00ed00,0x20e0,#00ef00
129,9,0,220,0,#00dc00,0x20d0,#00de00
129,10,0,203,0,#00cb00,0x20c0,#00ce00
129,11,0,186,0,#00ba00,0x20b0,#00bd00
129,12,0,169,0,#00a900,0x20a0,#00ad00
129,13,0,152,0,#009800,0x0090,#009400
129,14,0,135,0,#008700,0x0080,#008400
129,15,0,118,0,#007600,0x0070,#007300
129,16,0,101,0,#006500,0x0060,#006300
129,17,0,84,0,#005400,0x0050,#005200
129,18,0,67,0,#004300,0x0040,#004200
129,19,0,50,0,#003200,0x0030,#003100
130,0,0,169,0,#00a900,0x20a0,#00ad00
130,1,0,186,0,#00ba00,0x20b0,#00bd00
130,2,0,203,0,#00cb00,0x20c0,#00ce00
130,3,0,220,0,#00dc00,0x20d0,#00de00
130,4,0,237,0,#00ed00,0x20e0,#00ef00
130,5,0,254,0,#00fe00,0x20f0,#00ff00
130,6,0,254,0,#00fe00,0x20f0,#00ff00
130,7,0,237,0,#00ed00,0x20e0,#00ef00
130,8,0,220,0,#00dc00,0x20d0,#00de00
130,9,0,203,0,#00cb00,0x20c0,#00ce00
130,10,0,186,0,#00ba00,0x20b0,#00bd00
130,11,0,169,0,#00a900,0x20a0,#00ad00
130,12,0,152,0,#009800,0x0090,#009400
130,13,0,135,0,#008700,0x0080,#008400
130,14,0,118,0,#007600,0x0070,#007300
130,15,0,101,0,#006500,0x0060,#006300
130,16,0,84,0,#005400,0x0050,#005200
130,17,0,67,0,#004300,0x0040,#004200
130,18,0,50,0,#003200,0x0030,#003100
130,19,0,33,0,#002100,0x0020,#002100
131,0,0,186,0,#00ba00,0x20b0,#00bd00
131,1,0,203,0,#00cb00,0x20c0,#00ce00
131,2,0,220,0,#00dc00,0x20d0,#00de00
131,3,0,237,0,#00ed00,0x20e0,#00ef00
131,4,0,254,0,#00fe00,0x20f0,#00ff00
131,5,0,254,0,#00fe00,0x20f0,#00ff00
131,6,0,237,0,#00ed00,0x20e0,#00ef00
131,7,0,220,0,#00dc00,0x20d0,#00de00
131,8,0,203,0,#00cb00,0x20c0,#00ce00
131,9,0,186,0,#00ba00,0x20b0,#00bd00
131,10,0,169,0,#00a900,0x20a0,#00ad00
131,11,0,152,0,#009800,0x0090,#009400
131,12,0,135,0,#008700,0x0080,#008400
131,13,0,118,0,#007600,0x0070,#007300
131,14,0,101,0,#006500,0x0060,#006300
131,15,0,84,0,#005400,0x0050,#005200
131,16,0,67,0,#004300,0x0040,#004200
131,17,0,50,0,#003200,0x0030,#003100
131,18,0,33,0,#002100,0x0020,#002100
131,19,23,23,0,#171700,0x6110,#191900
132,0,0,203,0,#00cb00,0x20c0,#00ce00
132,1,0,220,0,#00dc00,0x20d0,#00de00
132,2,0,237,0,#00ed00,0x20e0,#00ef00
132,3,0,254,0,#00fe00,0x20f0,#00ff00
132,4,0,254,0,#00fe00,0x20f0,#00ff00
132,5,0,237,0,#00ed00,0x20e0,#00ef00
132,6,0,220,0,#00dc00,0x20d0,#00de00
132,7,0,203,0,#00cb00,0x20c0,#00ce00
132,8,0,186,0,#00ba00,0x20b0,#00bd00
132,9,0,169,0,#00a900,0x20a0,#00ad00
132,10,0,152,0,#009800,0x0090,#009400
132,11,0,135,0,#008700,0x0080,#008400
132,12,0,118,0,#007600,0x0070,#007300
132,13,0,101,0,#006500,0x0060,#006300
132,14,0,84,0,#005400,0x0050,#005200
132,15,0,67,0,#004300,0x0040,#004200
132,16,0,50,0,#003200,0x0030,#003100
132,17,0,33,0,#002100,0x0020,#002100
132,18,23,23,0,#171700,0x6110,#191900
132,19,31,31,0,#1f1f00,0x0220,#212100
133,0,0,220,0,#00dc00,0x20d0,#00de00
133,1,0,237,0,#00ed00,0x20e0,#00ef00
133,2,0,254,0,#00fe00,0x20f0,#00ff00
133,3,0,254,0,#00fe00,0x20f0,#00ff00
133,4,0,237,0,#00ed00,0x20e0,#00ef00
133,5,0,220,0,#00dc00,0x20d0,#00de00
133,6,0,203,0,#00cb00,0x20c0,#00ce00
133,7,0,186,0,#00ba00,0x20b0,#00bd00
133,8,0,169,0,#00a900,0x20a0,#00ad00
133,9,0,152,0,#009800,0x0090,#009400
133,10,0,135,0,#008700,0x0080,#008400
133,11,0,118,0,#007600,0x0070,#007300
133,12,0,101,0,#006500,0x0060,#006300
133,13,0,84,0,#005400,0x0050,#005200
133,14,0,67,0,#004300,0x0040,#004200
133,15,0,50,0,#003200,0x0030,#003100
133,16,0,33,0,#002100,0x0020,#002100
133,17,23,23,0,#171700,0x6110,#191900
133,18,31,31,0,#1f1f00,0x0220,#212100
133,19,39,39,0,#272700,0x6220,#292900
134,0,0,237,0,#00ed00,0x20e0,#00ef00
134,1,0,254,0,#00fe00,0x20f0,#00ff00
134,2,0,254,0,#00fe00,0x20f0,#00ff00
134,3,0,237,0,#00ed00,0x20e0,#00ef00
134,4,0,220,0,#00dc00,0x20d0,#00de00
134,5,0,203,0,#00cb00,0x20c0,#00ce00
134,6,0,186,0,#00ba00,0x20b0,#00bd00
134,7,0,169,0,#00a900,0x20a0,#00ad00
134,8,0,152,0,#009800,0x0090,#009400
134,9,0,135,0,#008700,0x0080,#008400
134,10,0,118,0,#007600,0x0070,#007300
134,11,0,101,0,#006500,0x0060,#006300
134,12,0,84,0,#005400,0x0050,#005200
134,13,0,67,0,#004300,0x0040,#004200
134,14,0,50,0,#003200,0x0030,#003100
134,15,0,33,0,#002100,0x0020,#002100
134,16,23,23,0,#171700,0x6110,#191900
134,17,31,31,0,#1f1f00,0x0220,#212100
134,18,39,39,0,#272700,0x6220,#292900
134,19,47,47,0,#2f2f00,0x0330,#313100
135,0,0,254,0,#00fe00,0x20f0,#00ff00
135,1,0,254,0,#00fe00,0x20f0,#00ff00
135,2,0,237,0,#00ed00,0x20e0,#00ef00
135,3,0,220,0,#00dc00,0x20d0,#00de00
135,4,0,203,0,#00cb00,0x20c0,#00ce00
135,5,0,186,0,#00ba00,0x20b0,#00bd00
135,6,0,169,0,#00a900,0x20a0,#00ad00
135,7,0,152,0,#009800,0x0090,#009400
135,8,0,135,0,#008700,0x0080,#008400
135,9,0,118,0,#007600,0x0070,#007300
135,10,0,101,0,#006500,0x0060,#006300
135,11,0,84,0,#005400,0x0050,#005200
135,12,0,67,0,#004300,0x0040,#004200
135,13,0,50,0,#003200,0x0030,#003100
135,14,0,33,0,#002100,0x0020,#002100
135,15,23,23,0,#171700,0x6110,#191900
135,16,31,31,0,#1f1f00,0x0220,#212100
135,17,39,39,0,#272700,0x6220,#292900
135,18,47,47,0,#2f2f00,0x0330,#313100
135,19,55,55,0,#373700,0x6330,#3a3a00
136,0,0,254,0,#00fe00,0x20f0,#00ff00
136,1,0,237,0,#00ed00,0x20e0,#00ef00
136,2,0,220,0,#00dc00,0x20d0,#00de00
136,3,0,203,0,#00cb00,0x20c0,#00ce00
136,4,0,186,0,#00ba00,0x20b0,#00bd00
136,5,0,169,0,#00a900,0x20a0,#00ad00
136,6,0,152,0,#009800,0x0090,#009400
136,7,0,135,0,#008700,0x0080,#008400
136,8,0,118,0,#007600,0x0070,#007300
136,9,0,101,0,#006500,0x0060,#006300
136,10,0,84,0,#005400,0x0050,#005200
136,11,0,67,0,#004300,0x0040,#004200
136,12,0,50,0,#003200,0x0030,#003100
136,13,0,33,0,#002100,0x0020,#002100
136,14,23,23,0,#171700,0x6110,#191900
136,15,31,31,0,#1f1f00,0x0220,#212100
136,16,39,39,0,#272700,0x6220,#292900
136,17,47,47,0,#2f2f00,0x0330,#313100
136,18,55,55,0,#373700,0x6330,#3a3a00
136,19,63,63,0,#3f3f00,0x0440,#424200
137,0,0,237,0,#00ed00,0x20e0,#00ef00
137,1,0,220,0,#00dc00,0x20d0,#00de00
137,2,0,203,0,#00cb00,0x20c0,#00ce00
137,3,0,186,0,#00ba00,0x20b0,#00bd00
137,4,0,169,0,#00a900,0x20a0,#00ad00
137,5,0,152,0,#009800,0x0090,#009400
137,6,0,135,0,#008700,0x0080,#008400
137,7,0,118,0,#007600,0x0070,#007300
137,8,0,101,0,#006500,0x0060,#006300
137,9,0,84,0,#005400,0x0050,#005200
137,10,0,67,0,#004300,0x0040,#004200
137,11,0,50,0,#003200,0x0030,#003100
137,12,0,33,0,#002100,0x0020,#002100
137,13,23,23,0,#171700,0x6110,#191900
137,14,31,31,0,#1f1f00,0x0220,#212100
137,15,39,39,0,#272700,0x6220,#292900
137,16,47,47,0,#2f2f00,0x0330,#313100
137,17,55,55,0,#373700,0x6330,#3a3a00
137,18,63,63,0,#3f3f00,0x0440,#424200
137,19,71,71,0,#474700,0x6440,#4a4a00
138,0,0,220,0,#00dc00,0x20d0,#00de00
138,1,0,203,0,#00cb00,0x20c0,#00ce00
138,2,0,186,0,#00ba00,0x20b0,#00bd00
138,3,0,169,0,#00a900,0x20a0,#00ad00
138,4,0,152,0,#009800,0x0090,#009400
138,5,0,135,0,#008700,0x0080,#008400
138,6,0,118,0,#007600,0x0070,#007300
138,7,0,101,0,#006500,0x0060,#006300
138,8,0,84,0,#005400,0x0050,#005200
138,9,0,67,0,#004300,0x0040,#004200
138,10,0,50,0,#003200,0x0030,#003100
138,11,0,33,0,#002100,0x0020,#002100
138,12,23,23,0,#171700,0x6110,#191900
138,13,31,31,0,#1f1f00,0x0220,#212100
138,14,39,39,0,#272700,0x6220,#292900
138,15,47,47,0,#2f2f00,0x0330,#313100
138,16,55,55,0,#373700,0x6330,#3a3a00
138,17,63,63,0,#3f3f00,0x0440,#424200
138,18,71,71,0,#474700,0x6440,#4a4a00
138,19,79,79,0,#4f4f00,0x0550,#525200
139,0,0,203,0,#00cb00,0x20c0,#00ce00
139,1,0,186,0,#00ba00,0x20b0,#00bd00
139,2,0,169,0,#00a900,0x20a0,#00ad00
139,3,0,152,0,#009800,0x0090,#009400
139,4,0,135,0,#008700,0x0080,#008400
139,5,0,118,0,#007600,0x0070,#007300
139,6,0,101,0,#006500,0x0060,#006300
139,7,0,84,0,#005400,0x0050,#005200
139,8,0,67,0,#004300,0x0040,#004200
139,9,0,50,0,#003200,0x0030,#003100
139,10,0,33,0,#002100,0x0020,#002100
139,11,23,23,0,#171700,0x6110,#191900
139,12,31,31,0,#1f1f00,0x0220,#212100
139,13,39,39,0,#272700,0x6220,#292900
139,14,47,47,0,#2f2f00,0x0330,#313100
139,15,55,55,0,#373700,0x6330,#3a3a00
139,16,63,63,0,#3f3f00,0x0440,#424200
139,17,71,71,0,#474700,0x6440,#4a4a00
139,18,79,79,0,#4f4f00,0x0550,#525200
139,19,86,86,0,#565600,0x0550,#525200
140,0,0,186,0,#00ba00,0x20b0,#00bd00
140,1,0,169,0,#00a900,0x20a0,#00ad00
140,2,0,152,0,#009800,0x0090,#009400
140,3,0,135,0,#008700,0x0080,#008400
140,4,0,118,0,#007600,0x0070,#007300
140,5,0,101,0,#006500,0x0060,#006300
140,6,0,84,0,#005400,0x0050,#005200
140,7,0,67,0,#004300,0x0040,#004200
140,8,0,50,0,#003200,0x0030,#003100
140,9,0,33,0,#002100,0x0020,#002100
140,10,23,23,0,#171700,0x6110,#191900
140,11,31,31,0,#1f1f00,0x0220,#212100
140,12,39,39,0,#272700,0x6220,#292900
140,13,47,47,0,#2f2f00,0x0330,#313100
140,14,55,55,0,#373700,0x6330,#3a3a00
140,15,63,63,0,#3f3f00,0x0440,#424200
140,16,71,71,0,#474700,0x6440,#4a4a00
140,17,79,79,0,#4f4f00,0x0550,#525200
140,18,86,86,0,#565600,0x0550,#525200
140,19,94,94,0,#5e5e00,0x6550,#5a5a00
141,0,0,169,0,#00a900,0x20a0,#00ad00
141,1,0,152,0,#009800,0x0090,#009400
141,2,0,135,0,#008700,0x0080,#008400
141,3,0,118,0,#007600,0x0070,#007300
141,4,0,101,0,#006500,0x0060,#006300
141,5,0,84,0,#005400,0x0050,#005200
141,6,0,67,0,#004300,0x0040,#004200
141,7,0,50,0,#003200,0x0030,#003100
141,8,0,33,0,#002100,0x0020,#002100
141,9,23,23,0,#171700,0x6110,#191900
141,10,31,31,0,#1f1f00,0x0220,#212100
141,11,39,39,0,#272700,0x6220,#292900
141,12,47,47,0,#2f2f00,0x0330,#313100
141,13,55,55,0,#373700,0x6330,#3a3a00
141,14,63,63,0,#3f3f00,0x0440,#424200
141,15,71,71,0,#474700,0x6440,#4a4a00
141,16,79,79,0,#4f4f00,0x0550,#525200
141,17,86,86,0,#565600,0x0550,#525200
141,18,94,94,0,#5e5e00,0x6550,#5a5a00
141,19,102,102,0,#666600,0x0660,#636300
142,0,0,152,0,#009800,0x0090,#009400
142,1,0,135,0,#008700,0x0080,#008400
142,2,0,118,0,#007600,0x0070,#007300
142,3,0,101,0,#006500,0x0060,#006300
142,4,0,84,0,#005400,0x0050,#005200
142,5,0,67,0,#004300,0x0040,#004200
142,6,0,50,0,#003200,0x0030,#003100
142,7,0,33,0,#002100,0x0020,#002100
142,8,23,23,0,#171700,0x6110,#191900
142,9,31,31,0,#1f1f00,0x0220,#212100
142,10,39,39,0,#272700,0x6220,#292900
142,11,47,47,0,#2f2f00,0x0330,#313100
142,12,55,55,0,#373700,0x6330,#3a3a00
142,13,63,63,0,#3f3f00,0x0440,#424200
142,14,71,71,0,#474700,0x6440,#4a4a00
142,15,79,79,0,#4f4f00,0x0550,#525200
142,16,86,86,0,#565600,0x0550,#525200
142,17,94,94,0,#5e5e00,0x6550,#5a5a00
142,18,102,102,0,#666600,0x0660,#636300
142,19,110,110,0,#6e6e00,0x6660,#6b6b00
143,0,0,135,0,#008700,0x0080,#008400
143,1,0,118,0,#007600,0x0070,#007300
143,2,0,101,0,#006500,0x0060,#006300
143,3,0,84,0,#005400,0x0050,#005200
143,4,0,67,0,#004300,0x0040,#004200
143,5,0,50,0,#003200,0x0030,#003100
143,6,0,33,0,#002100,0x0020,#002100
143,7,23,23,0,#171700,0x6110,#191900
143,8,31,31,0,#1f1f00,0x0220,#212100
143,9,39,39,0,#272700,0x6220,#292900
143,10,47,47,0,#2f2f00,0x0330,#313100
143,11,55,55,0,#373700,0x6330,#3a3a00
143,12,63,63,0,#3f3f00,0x0440,#424200
143,13,71,71,0,#474700,0x6440,#4a4a00
143,14,79,79,0,#4f4f00,0x0550,#525200
143,15,86,86,0,#565600,0x0550,#525200
143,16,94,94,0,#5e5e00,0x6550,#5a5a00
143,17,102,102,0,#666600,0x0660,#636300
143,18,110,110,0,#6e6e00,0x6660,#6b6b00
143,19,118,118,0,#767600,0x0770,#737300
144,0,0,118,0,#007600,0x0070,#007300
144,1,0,101,0,#006500,0x0060,#006300
144,2,0,84,0,#005400,0x0050,#005200
144,3,0,67,0,#004300,0x0040,#004200
144,4,0,50,0,#003200,0x0030,#003100
144,5,0,33,0,#002100,0x0020,#002100
144,6,23,23,0,#171700,0x6110,#191900
144,7,31,31,0,#1f1f00,0x0220,#212100
144,8,39,39,0,#272700,0x6220,#292900
144,9,47,47,0,#2f2f00,0x0330,#313100
144,10,55,55,0,#373700,0x6330,#3a3a00
144,11,63,63,0,#3f3f00,0x0440,#424200
144,12,71,71,0,#474700,0x6440,#4a4a00
144,13,79,79,0,#4f4f00,0x0550,#525200
144,14,86,86,0,#565600,0x0550,#525200
144,15,94,94,0,#5e5e00,0x6550,#5a5a00
144,16,102,102,0,#666600,0x0660,#636300
144,17,110,110,0,#6e6e00,0x6660,#6b6b00
144,18,118,118,0,#767600,0x0770,#737300
144,19,118,118,0,#767600,0x0770,#737300
145,0,0,101,0,#006500,0x0060,#006300
145,1,0,84,0,#005400,0x0050,#005200
145,2,0,67,0,#004300,0x0040,#004200
145,3,0,50,0,#003200,0x0030,#003100
145,4,0,33,0,#002100,0x0020,#002100
145,5,23,23,0,#171700,0x6110,#191900
145,6,31,31,0,#1f1f00,0x0220,#212100
145,7,39,39,0,#272700,0x6220,#292900
145,8,47,47,0,#2f2f00,0x0330,#313100
145,9,55,55,0,#373700,0x6330,#3a3a00
145,10,63,63,0,#3f3f00,0x0440,#424200
145,11,71,71,0,#474700,0x6440,#4a4a00
145,12,79,79,0,#4f4f00,0x0550,#525200
145,13,86,86,0,#565600,0x0550,#525200
145,14,94,94,0,#5e5e00,0x6550,#5a5a00
145,15,102,102,0,#666600,0x0660,#636300
145,16,110,110,0,#6e6e00,0x6660,#6b6b00
145,17,118,118,0,#767600,0x0770,#737300
145,18,118,118,0,#767600,0x0770,#737300
145,19,110,110,0,#6e6e00,0x6660,#6b6b00
146,0,0,84,0,#005400,0x0050,#005200
146,1,0,67,0,#004300,0x0040,#004200
146,2,0,50,0,#003200,0x0030,#003100
146,3,0,33,0,#002100,0x0020,#002100
146,4,23,23,0,#171700,0x6110,#191900
146,5,31,31,0,#1f1f00,0x0220,#212100
146,6,39,39,0,#272700,0x6220,#292900
146,7,47,47,0,#2f2f00,0x0330,#313100
146,8,55,55,0,#373700,0x6330,#3a3a00
146,9,63,63,0,#3f3f00,0x0440,#424200
146,10,71,71,0,#474700,0x6440,#4a4a00
146,11,79,79,0,#4f4f00,0x0550,#525200
146,12,86,86,0,#565600,0x0550,#525200
146,13,94,94,0,#5e5e00,0x6550,#5a5a00
146,14,102,102,0,#666600,0x0660,#636300
146,15,110,110,0,#6e6e00,0x6660,#6b6b00
146,16,118,118,0,#767600,0x0770,#737300
146,17,118,118,0,#767600,0x0770,#737300
146,18,110,110,0,#6e6e00,0x6660,#6b6b00
146,19,102,102,0,#666600,0x0660,#636300
147,0,0,67,0,#004300,0x0040,#004200
147,1,0,50,0,#003200,0x0030,#003100
147,2,0,33,0,#002100,0x0020,#002100
147,3,23,23,0,#171700,0x6110,#191900
147,4,31,31,0,#1f1f00,0x0220,#212100
147,5,39,39,0,#272700,0x6220,#292900
147,6,47,47,0,#2f2f00,0x0330,#313100
147,7,55,55,0,#373700,0x6330,#3a3a00
147,8,63,63,0,#3f3f00,0x0440,#424200
147,9,71,71,0,#474700,0x6440,#4a4a00
147,10,79,79,0,#4f4f00,0x0550,#525200
147,11,86,86,0,#565600,0x0550,#525200
147,12,94,94,0,#5e5e00,0x6550,#5a5a00
147,13,102,102,0,#666600,0x0660,#636300
147,14,110,110,0,#6e6e00,0x6660,#6b6b00
147,15,118,118,0,#767600,0x0770,#737300
147,16,118,118,0,#767600,0x0770,#737300
147,17,110,110,0,#6e6e00,0x6660,#6b6b00
147,18,102,102,0,#666600,0x0660,#636300
147,19,94,94,0,#5e5e00,0x6550,#5a5a00
148,0,0,50,0,#003200,0x0030,#003100
148,1,0,33,0,#002100,0x0020,#002100
148,2,23,23,0,#171700,0x6110,#191900
148,3,31,31,0,#1f1f00,0x0220,#212100
148,4,39,39,0,#272700,0x6220,#292900
148,5,47,47,0,#2f2f00,0x0330,#313100
148,6,55,55,0,#373700,0x6330,#3a3a00
148,7,63,63,0,#3f3f00,0x0440,#424200
148,8,71,71,0,#474700,0x6440,#4a4a00
148,9,79,79,0,#4f4f00,0x0550,#525200
148,10,86,86,0,#565600,0x0550,#525200
148,11,94,94,0,#5e5e00,0x6550,#5a5a00
148,12,102,102,0,#666600,0x0660,#636300
148,13,110,110,0,#6e6e00,0x6660,#6b6b00
148,14,118,118,0,#767600,0x0770,#737300
148,15,118,118,0,#767600,0x0770,#737300
148,16,110,110,0,#6e6e00,0x6660,#6b6b00
148,17,102,102,0,#666600,0x0660,#636300
148,18,94,94,0,#5e5e00,0x6550,#5a5a00
148,19,86,86,0,#565600,0x0550,#525200
149,0,0,33,0,#002100,0x0020,#002100
149,1,23,23,0,#171700,0x6110,#191900
149,2,31,31,0,#1f1f00,0x0220,#212100
149,3,39,39,0,#272700,0x6220,#292900
149,4,47,47,0,#2f2f00,0x0330,#313100
149,5,55,55,0,#373700,0x6330,#3a3a00
149,6,63,63,0,#3f3f00,0x0440,#424200
149,7,71,71,0,#474700,0x6440,#4a4a00
149,8,79,79,0,#4f4f00,0x0550,#525200
149,9,86,86,0,#565600,0x0550,#525200
149,10,94,94,0,#5e5e00,0x6550,#5a5a00
149,11,102,102,0,#666600,0x0660,#636300
149,12,110,110,0,#6e6e00,0x6660,#6b6b00
149,13,118,118,0,#767600,0x0770,#737300
149,14,118,118,0,#767600,0x0770,#737300
149,15,110,110,0,#6e6e00,0x6660,#6b6b00
149,16,102,102,0,#666600,0x0660,#636300
149,17,94,94,0,#5e5e00,0x6550,#5a5a00
149,18,86,86,0,#565600,0x0550,#525200
149,19,79,79,0,#4f4f00,0x0550,#525200
150,0,23,23,0,#171700,0x6110,#191900
150,1,31,31,0,#1f1f00,0x0220,#212100
150,2,39,39,0,#272700,0x6220,#292900
150,3,47,47,0,#2f2f00,0x0330,#313100
150,4,55,55,0,#373700,0x6330,#3a3a00
150,5,63,63,0,#3f3f00,0x0440,#424200
150,6,71,71,0,#474700,0x6440,#4a4a00
150,7,79,79,0,#4f4f00,0x0550,#525200
150,8,86,86,0,#565600,0x0550,#525200
150,9,94,94,0,#5e5e00,0x6550,#5a5a00
150,10,102,102,0,#666600,0x0660,#636300
150,11,110,110,0,#6e6e00,0x6660,#6b6b00
150,12,118,118,0,#767600,0x0770,#737300
150,13,118,118,0,#767600,0x0770,#737300
150,14,110,110,0,#6e6e00,0x6660,#6b6b00
150,15,102,102,0,#666600,0x0660,#636300
150,16,94,94,0,#5e5e00,0x6550,#5a5a00
150,17,86,86,0,#565600,0x0550,#525200
150,18,79,79,0,#4f4f00,0x0550,#525200
150,19,71,71,0,#474700,0x6440,#4a4a00
151,0,31,31,0,#1f1f00,0x0220,#212100
151,1,39,39,0,#272700,0x6220,#292900
151,2,47,47,0,#2f2f00,0x0330,#313100
151,3,55,55,0,#373700,0x6330,#3a3a00
151,4,63,63,0,#3f3f00,0x0440,#424200
151,5,71,71,0,#474700,0x6440,#4a4a00
151,6,79,79,0,#4f4f00,0x0550,#525200
151,7,86,86,0,#565600,0x0550,#525200
151,8,94,94,0,#5e5e00,0x6550,#5a5a00
151,9,102,102,0,#666600,0x0660,#636300
151,10,110,110,0,#6e6e00,0x6660,#6b6b00
151,11,118,118,0,#767600,0x0770,#737300
151,12,118,118,0,#767600,0x0770,#737300
151,13,110,110,0,#6e6e00,0x6660,#6b6b00
151,14,102,102,0,#666600,0x0660,#636300
151,15,94,94,0,#5e5e00,0x6550,#5a5a00
151,16,86,86,0,#565600,0x0550,#525200
151,17,79,79,0,#4f4f00,0x0550,#525200
151,18,71,71,0,#474700,0x6440,#4a4a00
151,19,63,63,0,#3f3f00,0x0440,#424200
152,0,39,39,0,#272700,0x6220,#292900
152,1,47,47,0,#2f2f00,0x0330,#313100
152,2,55,55,0,#373700,0x6330,#3a3a00
152,3,63,63,0,#3f3f00,0x0440,#424200
152,4,71,71,0,#474700,0x6440,#4a4a00
152,5,79,79,0,#4f4f00,0x0550,#525200
152,6,86,86,0,#565600,0x0550,#525200
152,7,94,94,0,#5e5e00,0x6550,#5a5a00
152,8,102,102,0,#666600,0x0660,#636300
152,9,110,110,0,#6e6e00,0x6660,#6b6b00
152,10,118,118,0,#767600,0x0770,#737300
152,11,118,118,0,#767600,0x0770,#737300
152,12,110,110,0,#6e6e00,0x6660,#6b6b00
152,13,102,102,0,#666600,0x0660,#636300
152,14,94,94,0,#5e5e00,0x6550,#5a5a00
152,15,86,86,0,#565600,0x0550,#525200
152,16,79,79,0,#4f4f00,0x0550,#525200
152,17,71,71,0,#474700,0x6440,#4a4a00
152,18,63,63,0,#3f3f00,0x0440,#424200
152,19,55,55,0,#373700,0x6330,#3a3a00
153,0,47,47,0,#2f2f00,0x0330,#313100
153,1,55,55,0,#373700,0x6330,#3a3a00
153,2,63,63,0,#3f3f00,0x0440,#424200
153,3,71,71,0,#474700,0x6440,#4a4a00
153,4,79,79,0,#4f4f00,0x0550,#525200
153,5,86,86,0,#565600,0x0550,#525200
153,6,94,94,0,#5e5e00,0x6550,#5a5a00
153,7,102,102,0,#666600,0x0660,#636300
153,8,110,110,0,#6e6e00,0x6660,#6b6b00
153,9,118,118,0,#767600,0x0770,#737300
153,10,118,118,0,#767600,0x0770,#737300
153,11,110,110,0,#6e6e00,0x6660,#6b6b00
153,12,102,102,0,#666600,0x0660,#636300
153,13,94,94,0,#5e5e00,0x6550,#5a5a00
153,14,86,86,0,#565600,0x0550,#525200
153,15,79,79,0,#4f4f00,0x0550,#525200
153,16,71,71,0,#474700,0x6440,#4a4a00
153,17,63,63,0,#3f3f00,0x0440,#424200
153,18,55,55,0,#373700,0x6330,#3a3a00
153,19,47,47,0,#2f2f00,0x0330,#313100
154,0,55,55,0,#373700,0x6330,#3a3a00
154,1,63,63,0,#3f3f00,0x0440,#424200
154,2,71,71,0,#474700,0x6440,#4a4a00
154,3,79,79,0,#4f4f00,0x0550,#525200
154,4,86,86,0,#565600,0x0550,#525200
154,5,94,94,0,#5e5e00,0x6550,#5a5a00
154,6,102,102,0,#666600,0x0660,#636300
154,7,110,110,0,#6e6e00,0x6660,#6b6b00
154,8,118,118,0,#767600,0x0770,#737300
154,9,118,118,0,#767600,0x0770,#737300
154,10,110,110,0,#6e6e00,0x6660,#6b6b00
154,11,102,102,0,#666600,0x0660,#636300
154,12,94,94,0,#5e5e00,0x6550,#5a5a00
154,13,86,86,0,#565600,0x0550,#525200
154,14,79,79,0,#4f4f00,0x0550,#525200
154,15,71,71,0,#474700,0x6440,#4a4a00
154,16,63,63,0,#3f3f00,0x0440,#424200
154,17,55,55,0,#373700,0x6330,#3a3a00
154,18,47,47,0,#2f2f00,0x0330,#313100
154,19,39,39,0,#272700,0x6220,#292900
155,0,63,63,0,#3f3f00,0x0440,#424200
155,1,71,71,0,#474700,0x6440,#4a4a00
155,2,79,79,0,#4f4f00,0x0550,#525200
155,3,86,86,0,#565600,0x0550,#525200
155,4,94,94,0,#5e5e00,0x6550,#5a5a00
155,5,102,102,0,#666600,0x0660,#636300
155,6,110,110,0,#6e6e00,0x6660,#6b6b00
155,7,118,118,0,#767600,0x0770,#737300
155,8,118,118,0,#767600,0x0770,#737300
155,9,110,110,0,#6e6e00,0x6660,#6b6b00
155,10,102,102,0,#666600,0x0660,#636300
155,11,94,94,0,#5e5e00,0x6550,#5a5a00
155,12,86,86,0,#565600,0x0550,#525200
155,13,79,79,0,#4f4f00,0x0550,#525200
155,14,71,71,0,#474700,0x6440,#4a4a00
155,15,63,63,0,#3f3f00,0x0440,#424200
155,16,55,55,0,#373700,0x6330,#3a3a00
155,17,47,47,0,#2f2f00,0x0330,#313100
155,18,39,39,0,#272700,0x6220,#292900
155,19,31,31,0,#1f1f00,0x0220,#212100
156,0,71,71,0,#474700,0x6440,#4a4a00
156,1,79,79,0,#4f4f00,0x0550,#525200
156,2,86,86,0,#565600,0x0550,#525200
156,3,94,94,0,#5e5e00,0x6550,#5a5a00
156,4,102,102,0,#666600,0x0660,#636300
156,5,110,110,0,#6e6e00,0x6660,#6b6b00
156,6,118,118,0,#767600,0x0770,#737300
156,7,118,118,0,#767600,0x0770,#737300
156,8,110,110,0,#6e6e00,0x6660,#6b6b00
156,9,102,102,0,#666600,0x0660,#636300
156,10,94,94,0,#5e5e00,0x6550,#5a5a00
156,11,86,86,0,#565600,0x0550,#525200
156,12,79,79,0,#4f4f00,0x0550,#525200
156,13,71,71,0,#474700,0x6440,#4a4a00
156,14,63,63,0,#3f3f00,0x0440,#424200
156,15,55,55,0,#373700,0x6330,#3a3a00
156,16,47,47,0,#2f2f00,0x0330,#313100
156,17,39,39,0,#272700,0x6220,#292900
156,18,31,31,0,#1f1f00,0x0220,#212100
156,19,23,23,0,#171700,0x6110,#191900
157,0,79,79,0,#4f4f00,0x0550,#525200
157,1,86,86,0,#565600,0x0550,#525200
157,2,94,94,0,#5e5e00,0x6550,#5a5a00
157,3,102,102,0,#666600,0x0660,#636300
157,4,110,110,0,#6e6e00,0x6660,#6b6b00
157,5,118,118,0,#767600,0x0770,#737300
157,6,118,118,0,#767600,0x0770,#737300
157,7,110,110,0,#6e6e00,0x6660,#6b6b00
157,8,102,102,0,#666600,0x0660,#636300
157,9,94,94,0,#5e5e00,0x6550,#5a5a00
157,10,86,86,0,#565600,0x0550,#525200
157,11,79,79,0,#4f4f00,0x0550,#525200
157,12,71,71,0,#474700,0x6440,#4a4a00
157,13,63,63,0,#3f3f00,0x0440,#424200
157,14,55,55,0,#373700,0x6330,#3a3a00
157,15,47,47,0,#2f2f00,0x0330,#313100
157,16,39,39,0,#272700,0x6220,#292900
157,17,31,31,0,#1f1f00,0x0220,#212100
157,18,23,23,0,#171700,0x6110,#191900
157,19,15,15,0,#0f0f00,0x0110,#101000
158,0,86,86,0,#565600,0x0550,#525200
158,1,94,94,0,#5e5e00,0x6550,#5a5a00
158,2,102,102,0,#666600,0x0660,#636300
158,3,110,110,0,#6e6e00,0x6660,#6b6b00
158,4,118,118,0,#767600,0x0770,#737300
158,5,118,118,0,#767600,0x0770,#737300
158,6,110,110,0,#6e6e00,0x6660,#6b6b00
158,7,102,102,0,#666600,0x0660,#636300
158,8,94,94,0,#5e5e00,0x6550,#5a5a00
158,9,86,86,0,#565600,0x0550,#525200
158,10,79,79,0,#4f4f00,0x0550,#525200
158,11,71,71,0,#474700,0x6440,#4a4a00
158,12,63,63,0,#3f3f00,0x0440,#424200
158,13,55,55,0,#373700,0x6330,#3a3a00
158,14,47,47,0,#2f2f00,0x0330,#313100
158,15,39,39,0,#272700,0x6220,#292900
158,16,31,31,0,#1f1f00,0x0220,#212100
158,17,23,23,0,#171700,0x6110,#191900
158,18,15,15,0,#0f0f00,0x0110,#101000
158,19,50,0,0,#320000,0x0300,#310000
159,0,94,94,0,#5e5e00,0x6550,#5a5a00
159,1,102,102,0,#666600,0x0660,#636300
159,2,110,110,0,#6e6e00,0x6660,#6b6b00
159,3,118,118,0,#767600,0x0770,#737300
159,4,118,118,0,#767600,0x0770,#737300
159,5,110,110,0,#6e6e00,0x6660,#6b6b00
159,6,102,102,0,#666600,0x0660,#636300
159,7,94,94,0,#5e5e00,0x6550,#5a5a00
159,8,86,86,0,#565600,0x0550,#525200
159,9,79,79,0,#4f4f00,0x0550,#525200
159,10,71,71,0,#474700,0x6440,#4a4a00
159,11,63,63,0,#3f3f00,0x0440,#424200
159,12,55,55,0,#373700,0x6330,#3a3a00
159,13,47,47,0,#2f2f00,0x0330,#313100
159,14,39,39,0,#272700,0x6220,#292900
159,15,31,31,0,#1f1f00,0x0220,#212100
159,16,23,23,0,#171700,0x6110,#191900
159,17,15,15,0,#0f0f00,0x0110,#101000
159,18,50,0,0,#320000,0x0300,#310000
159,19,67,0,0,#430000,0x0400,#420000
160,0,102,102,0,#666600,0x0660,#636300
160,1,110,110,0,#6e6e00,0x6660,#6b6b00
160,2,118,118,0,#767600,0x0770,#737300
160,3,118,118,0,#767600,0x0770,#737300
160,4,110,110,0,#6e6e00,0x6660,#6b6b00
160,5,102,102,0,#666600,0x0660,#636300
160,6,94,94,0,#5e5e00,0x6550,#5a5a00
160,7,86,86,0,#565600,0x0550,#525200
160,8,79,79,0,#4f4f00,0x0550,#525200
160,9,71,71,0,#474700,0x6440,#4a4a00
160,10,63,63,0,#3f3f00,0x0440,#424200
160,11,55,55,0,#373700,0x6330,#3a3a00
160,12,47,47,0,#2f2f00,0x0330,#313100
160,13,39,39,0,#272700,0x6220,#292900
160,14,31,31,0,#1f1f00,0x0220,#212100
160,15,23,23,0,#171700,0x6110,#191900
160,16,15,15,0,#0f0f00,0x0110,#101000
160,17,50,0,0,#320000,0x0300,#310000
160,18,67,0,0,#430000,0x0400,#420000
160,19,84,0,0,#540000,0x0500,#520000
161,0,110,110,0,#6e6e00,0x6660,#6b6b00
161,1,118,118,0,#767600,0x0770,#737300
161,2,118,118,0,#767600,0x0770,#737300
161,3,110,110,0,#6e6e00,0x6660,#6b6b00
161,4,102,102,0,#666600,0x0660,#636300
161,5,94,94,0,#5e5e00,0x6550,#5a5a00
161,6,86,86,0,#565600,0x0550,#525200
161,7,79,79,0,#4f4f00,0x0550,#525200
161,8,71,71,0,#474700,0x6440,#4a4a00
161,9,63,63,0,#3f3f00,0x0440,#424200
161,10,55,55,0,#373700,0x6330,#3a3a00
161,11,47,47,0,#2f2f00,0x0330,#313100
161,12,39,39,0,#272700,0x6220,#292900
161,13,31,31,0,#1f1f00,0x0220,#212100
161,14,23,23,0,#171700,0x6110,#191900
161,15,15,15,0,#0f0f00,0x0110,#101000
161,16,50,0,0,#320000,0x0300,#310000
161,17,67,0,0,#430000,0x0400,#420000
161,18,84,0,0,#540000,0x0500,#520000
161,19,101,0,0,#650000,0x0600,#630000
